start,end,text,url
0.0,30.0,"Alors, bienvenue à tous ! Il nous a été demandé par Laurent de revenir sur les terrains plus spécifiquement. Comment on s'y prend ? À quoi faut-il faire attention lorsque l'on rentre un terrain ? Et bien c'est ce qu'on va voir ce soir. Si ça vous intéresse, on va avoir différentes questions et en particulier les terrains. Donc c'est ce qu'on va étudier maintenant. Juste avant, deux trois petites choses, deux trois petites questions.",
30.0,61.72,"accessoires également, mais qui méritent d'être abordés. Premièrement, l'augmentation des frais de notaire. C'est en place. Je vous avais dit, il y a quelques jours à Orléans, parce que je suis allé voir Sabrina, Mathieu, Jordan, etc. à Orléans il y a quelques jours, on a parlé des frais de notaire, et ça y est, il y a deux endroits, deux départements qui ont annoncé avoir pris un arrêté pour augmenter les frais de notaire. Donc, ça y est, est en place. Alors, cette augmentation",
61.72,111.7,"des frais de notaire, de quoi s'agit-il ? Vous le savez, dans le projet de loi de finance qui vient d'être adopté par le Parlement il y a quelques jours, à peine, je crois que c'était la semaine dernière, si je ne me trompe pas, le projet de loi de finance composé par le gouvernement actuel, le gouvernement Bayrou, Bayrou, j'ai jamais su comment on prononçait son nom, ce monsieur, donc Bayrou, il était prévu une augmentation des frais de notaire. Cette augmentation des frais de notaire a été votée, Elle est donc en place. Alors, me direz-vous, mais sont-ils bêtes au point de rajouter une difficulté supplémentaire au marché de l'immobilier qui est en crise depuis trois ans ? Mais oui. Enfin non, ils ne sont pas bêtes, mais ils n'ont pas la moindre idée de la manière dont les choses fonctionnent en réalité dans le pays.",
111.7,142.42000000000002,"Donc, malgré la crise qui vraiment plombe le marché de l'immobilier, plombe les promoteurs, plombe tout le secteur du logement, que ce soit pour que les gens se logent en achetant, mais surtout en empêchant les gens d'acheter, en cascade, ça empêche les plus vulnérables de louer. et ils se disent, tiens, si on allait rajouter une taxe sur les frais de notaire supplémentaires, est-ce que ça, ce ne serait pas une bonne idée ? Et ces cons-là, ils se sont dit, oui, oui, d'accord, oui, on va le faire.",
143.68,173.86,"Il n'y en a pas un qui leur a dit, mais non, surtout pas, en fait, c'est le contraire de ce qu'il faut faire, ça, monsieur. C'est-à-dire que si vous avez quelqu'un qui a un cancer, qui vient vous voir, qui dit, j'ai un cancer, je suis très malade, je souffre beaucoup, je vais mourir. Là, il y a quelqu'un qui dit, hé, si on lui donnait du cyanure, Alors, ce ne serait pas une bonne idée ? Génial, donnons-lui du cyanure, ça va lui faire du bien. Non, ça ne fait pas de bien le cyanure. Donc, cette augmentation des frais de notaire a été votée. Alors, cette augmentation des frais de notaire, c'est…",
173.86,210.14,"Alors, je vous mets ici, augmentation des frais de notaire. Alors, vous le savez, c'est très injuste d'appeler ça les frais de notaire parce qu'il n'y en a qu'une toute petite partie qui sert à rémunérer le notaire. Ce qu'on appelle les émoluments du notaire. En fait, les frais de notaire, ce sont principalement des impôts et des taxes. Il y en a une petite partie qui sert à rémunérer le notaire pour son travail. En fait, le vrai nom, ce sont les droits de mutation. C'est le vrai nom, droit de mutation à titre onéreux, exactement.",
210.14,246.42,"droits de mutation à titre onéreux. Ça, c'est le vrai nom des frais de notaire. On appelle ça très souvent également les droits d'enregistrement. Ce qui est impropre également, puisque les droits d'enregistrement ne sont qu'une partie des droits de mutation à titre onéreux. Alors, cette augmentation des frais de notaire, elle correspond à 0,5% supplémentaire. De quoi s'agit-il ? Il y a une taxe départementale parmi les frais de notaire, une taxe départementale qui est donc collectée par le département dans lequel se trouve le bien.",
246.86,295.16,"C'est calculé par rapport au bien, à leur placement du bien. Ce n'est pas la résidence principale et fiscale du vendeur ou de l'acquéreur qui compte. Ce n'est pas « tiens, je choisis d'appliquer tel département qui m'est plus favorable ». C'est le département dans lequel se trouve le bien vendu. C'est logique, me direz-vous. Il y a une taxe départementale qui est de 4,5% aujourd'hui. Le gouvernement n'a pas augmenté cette taxe départementale de 0,5% supplémentaire, mais a ouvert la possibilité pour les départements qui le souhaitent d'augmenter de 0,5% leur taxe qui, sinon, serait de 4,5%.",
295.16,330.1,"paris s'est précipité parce que paris vous savez que c'est un département en plus d'une ville paris s'est précipité pour dire tout de suite je prends allez oui chez nous on augmente absolument on a besoin parce que paris vous le savez tous et en étant déficit absolument abyssal du point de vue des finances donc ils sont précipités pour dire oui oui on prend les 0,5 % supplémentaires j'ai J'ai vu qu'un autre département avait annoncé vouloir bénéficier de cette augmentation.",
330.26,362.48,"Je ne sais plus si c'est la Côte d'Or ou il me semble que c'est la Côte d'Or, mais je ne suis pas sûr. Je n'en ai pas vu d'autres. Alors, je n'ai pas fait une recherche hyper exhaustive. Je n'en ai pas encore vu d'autres. Maintenant, il va falloir attendre que le conseil départemental se réunisse pour faire éventuellement voter ça. On va probablement voir d'autres départements en bénéficier. Donc, 0,5% supplémentaire de la taxe départementale qui était sinon de 4,5%.",
362.48,393.2000000000001,"Ça m'a donné l'occasion de découvrir, quand j'ai recherché si d'autres départements, parce que Paris, je le savais, je l'avais entendu, mais j'ai regardé avant de faire cette visioconférence, s'il y avait d'autres départements qui avaient déclaré vouloir, tout ça, je me dis, il me semble à Côte d'Or, mais ça m'a permis de voir que l'Allier, dans certaines de ses communes, offrait l'intégralité des frais de notaire aux primo-accédants qui viennent s'y installer, dans un certain nombre de villes. Donc, vous voyez, l'Allier souhaite dynamiser un petit peu. C'est une campagne, l'Allier. Alors, c'est une très, très, très belle campagne. C'est très beau, l'Allier.",
393.36,423.9,"Alors, c'est moins beau que le Cantal qui est à côté. C'est un peu moins beau que la Creuse qui est à côté aussi. Non, c'est chouette, l'Allier. On ne va pas dire que c'est vilain. C'est très chouette. C'est une très belle campagne. Et si vous songez à déménager et que vous correspondez à la définition du primo-accédant, sachez que dans certaines villes de l'Allier, alors il y a peut-être d'autres départements qui font ça, je ne sais pas, j'ai vu ça passer, vous pourriez avoir les frais de notaire offerts. L'intégralité des frais de notaire offerts, d'après ce que j'ai vu.",
424.84,455.56,"Alors, très rapidement, primo-accédant, ce n'est pas seulement quand on achète pour la première fois dans sa vie. C'est quand on achète pour la première fois dans sa vie, ou qu'on n'a pas acheté depuis, je crois que c'est cinq ans. On n'a pas été propriétaire de sa résidence principale depuis, je crois, cinq ans. Je ne me souviens plus de la définition précise, mais ce ne sont pas seulement les jeunes couples qui démarrent dans la vie, les primo-accédants. C'est principalement les jeunes couples qui démarrent dans la vie, mais pas uniquement, on va dire. Alors, ça représente combien ces 0,5% supplémentaires ?",
455.56,486.78,"C'est très simple, 500 euros de plus pour chaque tranche de 100 000 euros du prix de vente. C'est aussi simple que ça, parce que c'est 0,5% du prix de vente. Alors le prix de vente, vous le savez, il est plus élevé si on a les honoraires charge vendeur, quand il y a une agence dans le coup, que si on est charge acquéreur. Pourquoi ? Parce que quand on est charge acquéreur, les frais d'agence, les honoraires d'agence ne sont pas inclus dans le prix de vente. C'est uniquement sur le net vendeur que c'est calculé.",
486.78,534.86,"Si jamais on est charge vendeur, les honoraires d'agence sont inclus dans le prix de vente, donc ça augmente le prix de vente des honoraires d'agence, donc les 0,5% sont calculés aussi sur les honoraires d'agence. Donc le prix de vente, 0,5% de plus, ça fait 500 euros par tranche de 100 000 euros. Alors, 200 000 euros, 1 000 euros de plus, 300 000 euros, 1 500 euros de plus, et ainsi de suite. Alors, bien entendu, vous trouverez toute une partie de la population qui vote plus à gauche du spectre politique qu'à droite, qui diront « Ah, mais de toute façon, c'est rien du tout, 1500 euros quand on achète une maison à 300 000 euros, c'est rien du tout, ils peuvent bien payer ça, c'est fumier propriétaire ».",
534.86,565.3000000000001,"Bon, rajouter, parce que c'est 1 500 euros, un peu plus, ça fait quand même, rajouter au reste, ça commence à faire bon. Donc, je ne sais pas si ça va participer à gripper davantage le marché de l'immobilier, mais ça ne peut pas le fluidifier. Ça, c'est une certitude. Bon, ça, c'est l'augmentation des frais de notaire. on verra si beaucoup de",
565.3000000000001,595.86,"beaucoup de de départements déclarent vouloir en bénéficier Laurent, un rendez-vous il arrivera plus tard oui mais c'est pas Laurent Guy qui m'a demandé ça petite info, l'émission Youtube de l'interview WeMove est en ligne, ah oui alors si vous êtes intéressés les amis effectivement, Julien a été interviewé par WeMove il nous envoie le lien je l'envoie à tout le monde, je crois que vous le recevez tous, allez voir l'interview de Julien moi je suis juste là pour dire coucou",
595.86,638.74,"les amis, vous savez je m'incruste dès que je peux mais c'est Julien qui est interviewé en tout cas, toujours en forme, oui mais oui ma chère Karine, vous le savez Guy me donne des informations plus précises Guy me dit Guy Lascano me dit 75, donc Paris, le 94 le 77, le 21 la Côte d'Or, c'est ce que j'avais vu tout à l'heure Et la Guyane. Donc, vous voyez, la liste, je vous fais un copier-coller de ce que m'a donné, que vous voyez tous, Guy. 75, attendez, je vais mettre un petit hop, virgule, le 94, le 77, donc que des départements pour l'instant de région parisienne.",
638.74,670.44,"le 21, la Côte d'Or en effet et la Guyane donc voilà si cette liste est mauvaise adressez-vous à Guy, mais généralement Guy il ne se trompe pas, donc ça m'étonnerait bonsoir ma chère Hélène, normal les oiseaux volent à l'envers pour pas voir la misère exactement exactement, alors c'est les deux dernières années les primo-occident, c'est ça, c'est pas les 5 ans ok, c'est les deux dernières années alors c'est pas propriétaire de sa résidence principale, non vous savez que c'est une définition",
670.44,703.4200000000001,"qui évolue très régulièrement en fonction des besoins de l'administration fiscale donc ça on pourra la vérifier deuxième chose dont je souhaitais vous parler ce sont les fameux chasseurs immobiliers parce que vous êtes pas régulièrement, pas souvent confrontés à ça mais nous on voit régulièrement un agent par-ci par-là confronté à ce problème le problème des chasseurs immobiliers Alors, qu'est-ce qu'un chasseur immobilier ?",
703.4200000000001,735.26,"Je ne mets pas de S à immobilier parce que ce n'est pas le chasseur qui est immobilier. Alors, qu'est-ce que c'est qu'un chasseur immobilier ? Un chasseur immobilier, c'est un concept qu'on a vu se développer il y a quelques années sous l'impulsion d'émissions de télévision. Je ne sais pas sur quelle chaîne, M6, TF1, je ne sais pas quoi. Enfin, c'était de la télé-réalité. Des gens qui se déclaraient non pas agents immobiliers, mais chasseurs immobiliers. Parce qu'attention, l'agent immobilier, c'est nul.",
735.74,766.5200000000001,"L'agent immobilier, ça ne sent pas bon des pieds, c'est inserminable, c'est un affreux, c'est un pas beau. C'est pour ça que moi, je suis chasseur immobilier. Ça n'est pas pareil. À cet égard, on peut se poser une question, on peut se dire comment se fait-il qu'en France, L'immobilier, c'est un secteur économique dans lequel la plupart des acteurs de ce secteur cherchent à tout prix à convaincre le client qu'ils ne sont surtout pas les acteurs de ce secteur.",
767.08,802.22,"C'est un petit peu comme si vous voyiez tous les boulangers dire « Non, non, je ne suis pas boulanger ! Je fais du pain, mais je ne suis pas boulanger ! Non, non, les boulangers, c'est nul ! » C'est exactement ce qu'on constate depuis un certain nombre d'années dans l'immobilier. Les agents immobiliers ont tellement mauvaise réputation, tellement mauvaise presse, que la majorité des agents immobiliers dépensent des millions d'euros en campagne publicitaire et marketing et dépensent également une énergie absolument folle à convaincre leurs clients que",
802.22,833.9,"« Non, non, non, non, non, moi je ne suis pas agent immobilier ou tout au moins pas comme les agents immobiliers que vous imaginez. » Et c'est pour ça que vous voyez tous les réseaux d'immobilier dire « l'immobilier autrement, l'immobilier comme vous ne l'avez jamais vu, l'immobilier différent, l'immobilier qui se démarque, l'immobilier en gros, mais pas comme vous connaissez l'immobilier. » C'est fou, c'est un petit peu comme si on avait honte de notre métier et qu'on disait aux gens « Non, non, non, on n'est surtout pas des agents immobiliers,",
833.98,872.0400000000001,"surtout pas ! » Ben si, on est des agents immobiliers. Et les chasseurs immobiliers, ça va exactement dans ce même sens, consiste à dire « Non, non, non, moi je ne suis pas agent immobilier, agent immobilier c'est les nuls, c'est grand-papa, c'est un truc de vieux, c'est un truc des années 70, moi je suis chasseur immobilier. » L'agent immobilier, cet imbécile, ce crétin, ce minable, ce médiocre, lui, il rentre des mandats de vente, c'est-à-dire il va voir les vendeurs, et ensuite il se met à la recherche d'acquéreurs pour ce bien.",
873.0400000000001,911.92,"Moi, le chasseur immobilier, parce que je suis un malin, je suis un futé, je suis un intelligent, j'y réfléchis, j'y ai fait des études, je prends exactement le contre-pied, je fais l'inverse de cela. Moi, je ne vais certainement pas voir le vendeur, ce crétin. Moi, je m'adresse à des acquéreurs et une fois que j'ai l'acquéreur dans la main, je me mets à la recherche du bon produit pour cet acquéreur. Vous voyez, je ne vais pas chercher le produit pour ensuite lui trouver le bon acquéreur. Ah non, j'inverse tout, j'ai l'acquéreur et je vais chercher le bon produit pour cet acquéreur.",
911.92,961.66,"C'est beaucoup plus smart. C'est beaucoup mieux. On est tous d'accord. Bien. Alors, au-delà du fait que ce soit une espèce de fadaise, que ça ne marche pas, économiquement, je ne connais pas. Moi, pourtant, j'ai une petite expérience de l'immobilier, je vous assure. Je ne connais pas un seul chasseur immobilier qui en vive, tout simplement, qui arrive à payer son loyer avec ça. Parce que le marché immobilier en France n'est pas organisé comme ça, à la fois juridiquement et à la fois commercialement. Il n'est pas possible et tenable dans la durée de s'adresser à des acquéreurs et de leur trouver le bon produit par la suite. Ça ne marche pas. Vous pouvez essayer. Peut-être que vous pouvez faire une vente ou deux comme ça, mais vous n'en vivrez pas.",
961.66,995.02,"Bon, mais il y a des gens qui s'en têtent et qui veulent absolument le feu. Et bien, bien leur entraide. Mais ces gens, bien entendu, comme il faut qu'ils trouvent le produit et qu'ils ne veulent pas prospecter, parce qu'en fait, c'est ça les chasseurs immobiliers, c'est des agents immobiliers qui ne veulent pas prospecter. Oui, parce que la prospection, c'est pénible, c'est difficile, c'est râpeux, c'est dur. Donc, comme ils ne veulent pas prospecter, ils ne prospectent pas et ils vont frapper à la porte des agences en disant « bonjour, j'ai un acquéreur »",
995.02,1028.4199999999998,"parce que coup de bol, ils ont réussi à trouver un copain, une amie, un tonton, une tata qui cherchent éventuellement à acheter une maison, peut-être vont-ils faire une vente, on leur souhaite. Ils vont voir les agents immobiliers et disent « ah, j'ai vu là que vous aviez un bon produit, tout joli, tout beau, tout chouette, j'aimerais pouvoir le proposer à mon acquéreur ». Là, vous allez me dire « ça, c'est une délégation de mandat, c'est tout simple, il suffit de faire une délégation de mandat ou une convention d'intercabinet ». Vous savez, délégation de mandat, convention d'intercabinet, c'est exactement la même chose, c'est seulement le vocable qui change.",
1028.8,1067.0800000000002,"Vous l'appelez délégation de mandat ou convention d'intercabinet selon votre choix, selon le vocable avec lequel vous vous sentez le plus à l'aise. C'est aussi simple que ça, mais les deux, délégation de mandat, convention d'intercabinet, c'est la même chose. C'est un petit contrat. D'ailleurs, je vais vous en montrer un parce qu'il y a un instant avec l'animation, on en parlait. Donc, je vais vous en montrer un. Une délégation de mandat, c'est un document par lequel une agence qui a le mandat de vente permet à une autre agence qui a un acquéreur de faire une vente en commun.",
1067.08,1097.84,"pour cela on fait tout simplement un petit contrat dont voici un exemple ça c'est Marina en Dordogne qui a fait cette délégation de mandat est-ce que Marina est avec nous ? si vous êtes avec nous Marina je vous souhaite la bienvenue Marina en Dordogne qui a fait cette délégation de mandat avec une autre agence qui s'appelle Citiat Immobilier Citiat Immobilier vous connaissez On connaît tous, c'est l'ancien… comment il s'appelait avant ?",
1097.84,1128.54,"Il s'appelait… j'ai oublié. Ils ont voulu nous racheter en 2005-2006. J'ai oublié comment s'appelait Citi à l'époque, mais bon, vous savez tous, vous connaissez tous ce réseau. Donc, elle a fait une petite délégation qu'elle a appelée Convention d'intercabinet. C'est pareil, c'est la même chose. Petit document dans lequel on dit, moi j'ai le mandat, vous, vous avez l'acquéreur, voici comment on va s'y prendre. Je ne vous vole pas votre acquéreur, vous ne me volez pas mon mandat, les honoraires sont partagés à 50-50 c'est le notaire qui fera le partage ça sera chargé à l'acquéreur",
1128.54,1159.9,"c'est ce petit document celui-ci a été signé en vous voyez bien le non vous ne voyez pas ? est-ce que vous voyez mon attendez, parce que je ne suis pas sûr que vous voyez bien mon écran si ? ah ben non vous voyez oui vous le voyez bien ? oui vous le voyez bien, ok j'avais peur que vous ne le voyiez pas mais en fait si si si vous le voyez très bien sauf si je me trompe donc ce petit document il a été signé en électronique",
1159.9,1201.66,"et d'ailleurs je vous recommande vivement de le faire en signature électronique c'est beaucoup plus simple, c'est beaucoup plus rapide c'est beaucoup plus sûr donc cette délégation de mandat convention d'intercabinet a permis de faire une vente parce que ce document a débouché sur une vente mais là vous voyez on est avec CITIA c'est une vraie agence immobilière On n'est pas en train de faire ça avec un chasseur immobilier. Parce que le problème du chasseur immobilier, c'est que lui, forcément, comme lui n'est pas, enfin, il ne se prend pas pour un de ces crétins de médiocres agents immobiliers qui ont mauvaise haleine, les nuls, les minables, les affreux, les pas beaux, lui, il est chasseur immobilier.",
1201.66,1248.06,"Donc, non, non, les règles qui existent entre les agences immobilières, ce n'est pas pour moi, c'est pour eux, bien sûr, mais moi, je suis bien au-dessus de ça. Donc, la fameuse règle, notamment, que je vais vous montrer en bas, dans laquelle, et c'est comme ça que fonctionnent tous les intercabinaires, les honoraires sont partagés à 50-50, 50-50 entre la DUCAM et l'agence partenaire. Alors, on peut faire un partage différent en 60-40. Ça existe quand on est dans des cas particuliers. C'est légal. Mais ce que nos amis, enfin pas tous, mais beaucoup de chasseurs immobiliers entendent, eux, c'est non, non, non, on ne va pas partager 50-50. Certainement pas.",
1248.06,1291.5600000000002,"Moi, j'aurai l'intégralité de mes honoraires en plus des honoraires de l'agence qui a le mandat. C'est-à-dire, là, on a Marina qui a un mandat et le mandat de Marina, du 83 à 644 ou un autre, le mandat de Marina, il comporte des honoraires. Vous savez que n'importe quel mandat, c'est obligatoire qu'on porte des honoraires. Si je vais voir un… Tenez, on va voir ce mandat à Montesson de Laurent, j'imagine, Montesson, oui, c'est à Laurent. Ce mandat a des honoraires de 33 238 euros.",
1292.1,1322.14,"Alors vous allez dire, c'est sympa, 33 238 euros, c'est mon Tesson, c'est normal. Si je vais voir un autre mandat pas du tout à mon Tesson, on aura un montant plus raisonnable. Ce sont ces honoraires-là qui sont partagés en deux, à 50-50. 50% pour CITIA, 50% pour la Lucane. mais le chasseur d'appartement va vous dire non, non, non, il y a vos 33 000 euros",
1322.14,1365.44,"d'honoraires mais moi je remets des honoraires en plus de ça donc ça veut dire que les honoraires ne vont pas être divisés par deux à 50-50 chacun, non les honoraires vont être multipliés par deux parce que le chasseur d'appartement va dire moi je prends, je vous dis une bêtise, 20 000 euros qui s'ajouteront aux 33 000 euros donc en fait le client va payer 53 238 euros C'est absolument illégal. Pourquoi ? Parce que dans le mandat qui a été signé entre Laurent et son vendeur, madame Stella Alexandrian, le vendeur a consenti à signer un mandat avec 5% d'honoraires.",
1366.18,1397.72,"Et non pas 5%, plus les 20 000 euros de je ne sais pas quel requin, quel piranha, quel gougnafier de l'immobilier. donc vous ne devez surtout pas tomber dans ce piège d'un chasseur d'appartement qui viendrait vous expliquer que oui oui non mais moi je suis chasseur d'appartement je ne suis pas agent immobilier déjà quand il vous dit je ne suis pas agent immobilier la première question que vous devez vous poser c'est est-ce qu'il a bien une carte professionnelle ce monsieur parce que",
1397.72,1430.8,"toute personne qui vient mettre ses mains dans une transaction immobilière doit être dans l'une des trois catégories suivantes. Agent immobilier ainsi que les collaborateurs de l'agent immobilier, c'est-à-dire les négociateurs salariés ou négociateurs indépendants dont vous faites partie, ou bien avocat",
1430.8,1476.34,"ou bien notaire. Voici les trois personnes qui ont le droit de participer à une transaction immobilière. Et encore, les avocats, ils n'ont pas le droit d'en faire beaucoup. Ils peuvent en faire un peu, de manière accessoire, mais pas beaucoup. Ils ne peuvent pas en faire leur métier. Le notaire, lui, par contre, il peut avoir un département de transaction très actif. Il en a plus le droit que l'avocat. Donc, agent immobilier, ainsi que les négociateurs, les collaborateurs de l'agent immobilier, l'avocat, le notaire. Est-ce que vous voyez une quatrième catégorie ici qui disent chasseur immobilier comme on a vu sur TF1 ou sur AXIS ? Non, pas du tout. Absolument non.",
1476.34,1506.66,"Le chasseur immobilier, il doit être agent immobilier ou avocat ou notaire, mais il est l'un des trois. Il n'est pas une espèce de franc-tireur qui s'improvise du jour au lendemain, chasseur immobilier sans respecter aucune loi. Donc, à partir du moment où vous voyez quelqu'un qui vous dit « Non, non, non, mais moi je ne suis pas agent immobilier comme les crétins, je suis chasseur immobilier, chez moi ce n'est pas pareil. » La première chose que vous devez vous demander,",
1506.82,1539.62,"c'est est-ce que ce type est dans l'inégalité ou pas ? Parce que vous n'avez pas le droit, vous, de contracter, de travailler avec quelqu'un qui n'est pas dans l'inégalité, avec quelqu'un qui vient récupérer des honoraires comme ça, en sauvage, sans faire partie d'une de ces trois catégories. Donc attendez monsieur, vous n'êtes pas agent immobilier, alors vous êtes avocat, non ? Alors vous êtes notaire, non ? Ah ben alors vous êtes agent immobilier, vous êtes forcément l'un des trois. Vous ne pouvez pas dire je ne suis pas agent immobilier, je ne suis pas avocat, je ne suis pas notaire.",
1541.12,1576.86,"Alors, est-ce qu'il fait partie du D3 catégorie ? Et généralement, si ce n'est pas un véritable bandit, il doit être au moins agent immobilier ou collaborateur d'agence immobilière. Donc, il doit vous prouver qu'il est bien agent immobilier ou négociateur d'un agent immobilier. À partir de ce moment-là, il doit prendre 50% de vos honoraires. Il ne peut pas venir rajouter des honoraires en plus de vos honoraires, parce que là, c'est absolument illégal.",
1576.86,1611.68,"Donc attention à tous ces oseaux qui se font passer pour chasseurs immobiliers et qui en fait ne sont dans aucune des trois catégories autorisées par la loi ou alors qui font partie de la catégorie agents immobiliers mais qui se permettent de ne pas en respecter les règles Il ne peut pas y avoir un deuxième paquet d'honoraires en plus des honoraires prévus au mandat C'est absolument illégal, d'accord ? C'est super important.",
1612.52,1646.88,"Alors je vous disais, vous n'allez pas rencontrer ça tous les jours, mais nous on a quand même régulièrement un agent par-ci, un agent par-là, je suis sûr qu'il y en a parmi vous à qui c'est déjà arrivé, un agent par-ci, un agent par-là qui vient nous dire, tiens j'ai déjà rencontré quelqu'un qui fait ceci, qui fait cela. Alors, Sabrina nous dit « sauf si l'agence est en charge vendeur ». Je vous dirais surtout si l'agence est en charge vendeur. Je vais activer votre micro, Sabrina, parce que je voudrais être sûre de ne pas mal comprendre ce que vous dites.",
1647.0,1677.74,"Alors, attendez, il faut que je vous trouve dans ma liste parce qu'elle n'est pas par ordre alphabétique. Attendez, je vais la remettre par ordre alphabétique. Ça ne veut pas. nom ascendant voilà, très bien, super Sabrina, Sabrina, Sabrina vous êtes là, j'active votre micro si vous le voulez bien et c'est à vous d'activer aussi votre micro de votre côté est-ce que vous m'entendez Sabrina, est-ce que je vous entends allô, allô",
1677.74,1708.1,"non, je ne sais pas si vous entendez Sabrina les amis ou pas Allo Pourquoi je ne t'entends pas Allo Alors soit Sabrina Vous entendez Sabrina les amis ou pas",
1713.22,1744.74,je ne peux pas c'est à dire que moi je l'ai activé pour nous mais vous devez également l'activer de votre côté c'est un système de alors Mathieu me dit nous l'avons entendu mais nous ne l'entendons plus vous avez du couper votre micro Sabrina vous m'entendez là ? moi je sais que votre micro est activé côté vidéo,
1744.74,1775.48,"vous m'entendez ? ah on l'entend je suis seul à ne pas vous entendre mais moi en tant que présentateur j'ai des paramètres différents donc vous l'entendez vous m'entendez là ? et là toujours pas, on l'entend allo je vais essayer de faire en sorte Vous m'entendez ?",
1775.48,1848.0,"Je vous entends, je ne t'ai pas. Non. Bon. Allô ? Merci. Bon, moi, je n'entends plus rien ni personne à la vision.",
1862.68,1898.64,Sous-titrage ST' 501 un problème avec le,
1898.64,1929.4,"j'ai changé de casque pourtant bon bah a priori tout le monde m'entend sauf Nicolas donc je vais pouvoir dire des bêtises sur lui, c'est bon mais moi j'entends même plus Nicolas il a fait doublé Mathieu est-ce que vous m'entendez Oui, vous m'entendez, c'est ça. Mais moi, par contre, je ne sais pas ce qui se passe",
1929.4,1961.48,"avec le système de visioconférence. J'ai changé de casque, pourtant. Impossibilité totale d'entendre Sabrina alors que vous, vous entendez Sabrina. Je pense que c'est un problème de droit sur l'organisateur. Je ne sais pas pourquoi. Alors, ce que je vais faire, c'est que, Mathieu, si vous pouvez m'écrire la question ou la remarque de Sabrina sur le chat, ou Sabrina, si vous pouvez l'écrire, tout simplement je pourrais y répondre par rapport à cette question de charge vendeur entre temps bien entendu on va continuer",
1961.48,1991.7,"c'est bon on entend tout le monde entend Sabrina apparemment mais c'est moi qui ne c'est moi exactement Eric me dit on entend Nicolas on entend Sabrina mais vous ne vous entendez pas mutuellement apparemment le fait que moi je sois organisateur des présentateurs de la visio, je ne sais pas ce qui se passe il y a un truc qui ne se passe pas, j'ai changé de casque pourtant, j'ai essayé deux autres casques enfin mes oreillettes et un autre casque, mon casque de secours, et ça ne marche pas donc bon, écoutez",
1991.7,2043.56,"on va continuer comme ça si vous pouvez juste me mettre éventuellement la remarque de Sabrina par rapport à la charge vendeur donc attention à ces fameux chasseurs immobiliers le conseil Que je peux vous donner, le conseil que je vous donne à tous, c'est si jamais vous êtes contacté pour un partage de mandat, alors nous, on vous encourage vivement à accepter ces partages de mandat, c'est dans votre intérêt, c'est dans l'intérêt de tout le monde. Nous, on n'est pas du tout des loups solitaires qui travaillons dans leur coin. Il faut s'ouvrir aux camarades et aux concurrents. Mais si jamais on vous dit « mais attention, moi je ne suis pas agent immobilier, je suis chasseur immobilier », méfiance, méfiance, contactez l'animation et on va tout simplement avec vous vérifier qui vous avez en face de vous.",
2043.56,2076.44,"on va aller regarder sur le fichier de la préfecture de la CCI, on va faire les vérifications normales et on va tout encadrer pour que vous ne vous retrouviez pas coincé. OK pour ça, est-ce que vous avez d'autres questions ? Partage de mandat, je ne fais plus avec les autres agences, dit Pierre. Peut-être que Pierre a eu des soucis, n'hésite pas à nous dire, Pierre, si c'est pour une question de ça s'est mal passé. Nous, des délégations de mandats, on en fait tous les jours. On en fait avec Safty, on en fait avec IAD, on en fait…",
2076.44,2109.76,"Ah oui, il y a aussi une prudence avec IAD, je vais vous expliquer dans un instant. On en fait avec Safty, on en fait avec IAD, on en fait avec La Forêt, Centuri, la Voyer, c'était Cytia, on en fait avec plein d'agences tous les jours et ça se passe dans 99,9% des cas très bien. Il y a effectivement deux catégories de cas dans lesquels ça ne se passe pas bien. Premièrement, ce sont ces fameux chasseurs immobiliers qui trichent un petit peu, et également avec certains agents de chez IAD.",
2110.34,2144.08,"Alors, n'allons pas cracher stupidement sur IAD, beaucoup d'entre vous font des délégations avec des agents d'IAD tous les jours, et ça se passe très bien, pas de problème. Mais dans un certain nombre de cas, ça ne se passe pas bien parce que chez IAD, ils sont tellement nombreux que dans un certain nombre de cas, ils sont deux voire trois sur le même mandat. C'est très courant. Il est très, très, très courant que les gens chez IAD soient obligés de partager les mandats parce qu'ils sont trop nombreux dans un même secteur.",
2144.08,2182.88,"et puis ils ont une politique un peu personnelle on va dire de partage des mandats donc il est courant que deux négociateurs, parfois trois mais généralement c'est deux, soient sur le même mandat et puis ils viennent vous voir pour faire un partage de mandat en disant voilà nous on a un mandat ou alors c'est vous qui avez l'acquireur, vous allez les voir vous vous retrouvez à faire un intercabinet avec IAD et là votre camarade d'IAD vous dire oui mais attention chez nous ce sera 33 33 33 pourquoi 33% 33% 33% et pas 50 50 à bas parce",
2182.88,2214.48,que nous on est déjà deux dessus chez yad et donc en fait on peut pas partager à 50 50 50% pour la lucarne 50% pour y aller on va partager à trois fois 33 % 33% pour vous le négociateur de la lucarne 33% pour moi le négociateur de il ya des numéros 1 et 33% pour mon camarade négociateur de il ya des numéros 2 non ça ça n'existe pas alors généralement ils essaient de vous faire ce coup là quand vous débutez que il dit tiens lui on va le ficeler comme un rôti c'est absolument,
2214.48,2245.04,"pas comme ça qu'on fait les choses si eux ils sont déjà à 2 sur le mandat en interne chez il ya des c'est leur problème, c'est pas le nôtre la vraie règle à appliquer quand ils sont deux chez IAD je vais essayer de vous le mettre un petit peu proprement ici ils sont deux chez IAD et vous vous arrivez en troisième ça fait 50% pour la lucarne 50% pour",
2245.04,2282.54,"IAD et ces 50% d'IAD seront partagés en 25% pour Pierre IAD et 25% pour Marie IAD. C'est-à-dire qu'ils se partagent en interne les 50% d'IAD. Ce n'est pas à vous de ne prendre que 33% parce qu'eux, ils sont dans un réseau où ils ne sont pas foutus de gérer correctement. Donc ne vous faites là encore pas raconter des belles histoires par un agent IAD",
2282.54,2323.46,"qui vous dirait si on fait la vente ensemble ce sera 33% chacun parce qu'on est trois. Non, on est deux. Un, la lucarne, deux, IAD. Si après chez IAD vous avez une politique de partage interne différente, c'est votre problème. Vous vous débrouillez avec les 50% dévolus à IAD, Ça ne me regarde pas. Je n'ai pas, moi, l'agent de la lucarne, à faire les frais et à payer le prix de votre mauvaise gestion personnelle, on va dire interne, des mandats là où vous avez trop de négociateurs par rapport aux mandats disponibles.",
2323.46,2355.16,"Ok ? Pas de questions là-dessus ? Je pense que nombre d'entre vous ont déjà rencontré ce genre de choses. Sabrina dit « Trop long à expliquer, mais chez Keller Williams, j'ai vendu un appart avec mon chasseur Imo, il facture une mise en relation et le notaire était tout à fait ok à partir du moment où nous étions en charge vendeur et l'acquéreur payait le forfait au chasseur. » Eh bien, ma chère Sabrina, c'était absolument illégal. Absolument illégal, pourquoi ? parce que c'est le mandat d'origine qui conditionne le paiement des honoraires à la sortie.",
2355.86,2386.32,"C'est le mandat qui a été signé avec le vendeur. Ce mandat qui a été signé avec le vendeur donne droit à un certain montant d'honoraires maximum. Il n'existe aucun cas légal où on puisse rajouter une deuxième louche d'honoraires en plus des honoraires prévus au vendeur. et là qu'on soit charge vendeur ou charge acquéreur n'y change rien peut-on accepter un intercabinet sur une seule visite, c'est-à-dire un seul client potentiel amené par une autre agence y a-t-il un imprimé pour ce cas ?",
2386.32,2417.08,"Oui, parfaitement ma chère Corine c'est tout à fait possible et c'est même assez couramment pratiqué c'est-à-dire que, regardez si je reprends la convention d'intercabinet de Marina tout à l'heure il était dit ici non, là-dessous, pardon, il faut descendre que il était autorisé de faire des photos réaliser des maquettes, faire des publicités collecter des renseignements visiter et faire visiter librement le bien",
2417.08,2447.54,parce que ça a été décidé comme ça entre Marina et son camarade de chez CITIA mais il est très courant que nous ne mettions pas tous ces pouvoirs là mais que nous mettions uniquement possibilité de faire une visite avec monsieur machin et personne d'autre et d'ailleurs à cet égard je vais vous montrer un petit outil qui est en cours de finalisation dans eglantine,
2447.54,2479.66,alors là je vais vous le montrer en plein écran parce que voilà je ne veux pas que vous voyez l'url parce que sinon il ya des petits malins qui vont récupérer l'url et qui vont faire joujou avec alors bougez pas ce que je peux vous montrer c'est que regardez vous vous ne l'avez pas dans votre églantine mais moi dans mon églantine j'ai un bouton ici qui s'appelle délégation vous voyez il est là le bouton délégation vous l'aurez bientôt dans votre églantine on est en train,
2479.66,2510.14,"de le finaliser vous ne l'avez pas encore tout de suite si j'appuie sur ce bouton délégation Alors ça, je vais le faire à côté sur un autre écran parce qu'il ne faut pas que vous voyez ça. Je vais couper le partage, mettre ça ici, mettre en plein écran et remettre le partage. C'est un peu compliqué, mais c'est parce que sinon, il y a toujours des petits rigolos qui vont faire des bêtises après dans les lentilles. Donc, je me méfie de ça.",
2511.62,2542.86,"Partager. Vous aurez très bientôt dans Eglantine ce petit formulaire. Quand vous cliquez sur le bouton délégation que je viens de vous montrer, là je zoome un petit peu pour que vous y voyez plus clair, vous aurez ce petit outil qui vous demande premièrement comment souhaitez-vous appeler ce document. Délégation de mandat ou convention d'intercabinet ? Ça, c'est votre choix personnel.",
2543.58,2581.52,"Vous choisissez le vocable avec lequel vous êtes le plus à l'aise. Donc, on va dire que vous l'appelez convention d'intercabinet. C'est comme vous voulez. Ensuite, vous mettez le SIRET de l'agence partenaire. Alors, par exemple, si je vais prendre l'agence partenaire de Marina, du copain de Marina, voici son SIRET. Vous mettez le SIRET. Je l'ai copié et je vais le coller ici directement. Et voyez que Eglantine va chercher toute seule toutes les informations de la société sur le site du greffe, tout simplement.",
2582.2,2613.8,"Le numéro de la carte CCI, il n'est pas possible d'aller le chercher automatiquement parce que la CCI bloque la fonctionnalité. Donc, on a trouvé une astuce, une espèce de contournement. ça ne peut pas aller chercher le numéro CCI de l'agence mais si vous cliquez ici sur le lien cliquez ici pour trouver le numéro de carte CCI ça va sur le site de la CCI ça fait la recherche sur le site de la CCI et vous n'avez plus qu'à retrouver la société",
2613.8,2647.2200000000003,"en question qui s'appelle c'est à Libourne et c'est Marina, elle la reconnaîtrait en fait. Ça va chercher au bon endroit pour que vous n'ayez plus qu'à prendre le numéro de CCI et faire un copier-coller. Vous prenez le numéro ici, vous faites copier. C'est aller chercher EDW Services Immobiliers. C'est la société qu'on vient d'aller chercher. Donc, vous copiez ici le numéro de CCI.",
2648.5,2680.64,"Copiez. Et puis, vous retournez tout simplement. ici et vous faites coller c'est une petite astuce qu'on a trouvé pour contourner le blocage mis en place par la CC ensuite vous prenez le prénom du signataire c'est à dire la personne avec laquelle vous travaillez dans cette agence on va dire qu'il s'appelle Pierre non c'est pas un beau Pierre c'est pas un beau Pierre qu'est-ce qu'on a comme Pierre j'ai pas de Pierre en tête moi",
2680.64,2711.92,on va l'appeler du mortier ça lui ira très bien Pierre Dumortier il est agent commercial et son email pour faire la signature électronique c'est pierre.dumortier arrobase agence super extra regardez là on a un petit truc à corriger je vais tout de suite l'envoyer on voit que l'email est limité,
2711.92,2743.94,je vais tout de suite envoyer ça je vais l'envoyer à Thierry hop et je mets ici limite de caractère parce que vous voyez ça m'empêche d'écrire une adresse email trop longue donc on va modifier ça c'est pour ça qu'on est en train de tester ce truc là c'est pour moi la date de la délégation on va dire que ici c'est ça prend automatiquement la durée du mandat initial mais imaginons que vous disiez non non non,
2743.94,2775.84,"Moi, je veux faire cette délégation que pendant un mois, parce que je ne lui fais pas trop confiance à M. Dumortier. Donc, vous lui donnez, non pas mai 2026, mais vous lui donnez jusqu'en 2025, jusqu'en mars, on va dire jusqu'au 31 mars 2025, parce que vous l'avez choisi. C'est comme ça. Vous choisissez, alors bien entendu, la règle normalement c'est 50-50, mais dans un certain nombre de cas particuliers, vous pourriez décider de faire 40-60 ou 40-60 dans l'autre sens.",
2776.34,2808.0,"60 pour l'agence partenaire, 40 pour vous. Vous choisissez le pourcentage et l'outil s'adapte automatiquement. Dans 99,9% des cas, c'est 50-50. Et c'est là que vous dites, je l'autorise à visiter, faire visiter librement, faire de la publicité ou non, non, non, pas du tout. Je ne l'autorise, je clique sur cette case, qu'à faire visiter à deux personnes, Madame Jeanne",
2808.0,2839.16,"Marloin et Monsieur Jacques Pierrot. Voilà. Alors, ici, j'ai mis en majuscule, c'est pas joli. on met toujours le nom de jeune fille des femmes vous le savez, toujours le nom de jeune fille partout, c'est leur nom légal donc là vous voyez nous limitons l'intercabinet",
2839.16,2871.24,"à une visite avec des personnes bien spécifiques, vous voyez on peut dire qu'on vous fait visiter à 2, 3, 4, 5, 6, 10 personnes alors soit parce que ces deux personnes vont venir visiter ensemble, c'est un couple soit parce que mon camarade Pierre Dumortier a deux visites à faire, une avec Jeanne Marloin et une avec Jacques Pierrot. On peut très bien imaginer les deux. Et je valide. Et ensuite, ça va éditer automatiquement. Alors là, j'ai une petite erreur. C'est normal, c'est parce que c'est en cours de test. Celle-ci, elle est logique. C'est parce qu'on n'a pas",
2871.24,2906.84,"la bonne adresse e-mail. Avant, vous avez vu l'adresse e-mail, je n'avais pas pu la terminer parce qu'on a la limite de caractère qui a bloqué. Donc là, ça me dit non, désolé, il y a un problème d'adresse e-mail, c'est pas possible. C'est logique. Mais si Si jamais on avait fait les choses comme il fallait, ça m'aurait permis d'éditer automatiquement et d'envoyer pour signature électronique automatiquement ma délégation de mandat. Ça veut dire que vous êtes avec votre camarade dans le bureau de l'agence immobilière, vous faites ça sur votre tablette ou sur un ordinateur, pif, paf, pouf, il reçoit la délégation en signature électronique, il la signe, en voiture Simone, c'est fait.",
2906.84,2938.62,"Ça, c'est un outil qui arrive pour, assez rapidement, dans vos églantines respectives, on est en train de finaliser les tests là-dessus. Vous voyez ici, https signrequest.com, API, tout ça, c'est l'envoi automatique en signature électronique chez notre prestataire signrequest, qui est notre deuxième prestataire de signature électronique. Vous avez des questions là-dessus ? Ça, c'est quelque chose qui va encore vous donner plus d'autonomie, plus de facilité",
2938.62,2969.62,"pour faire les choses tranquillement chez vous sans avoir besoin de vous dire je contacte l'animation et je fais comme ci et je fais comme ça. Peut-on accepter un intercabinet ? Ah oui, ça c'est bon. Donc oui, on peut. Le notaire avait l'habitude de traiter avec eux, nous dit Sabrina. Ce notaire, je n'ai pas envie de travailler avec lui. Dis-donc, je ne le sens pas très bien. Ah oui, Pierre Perret. Oui, Fabien avait raison. Il y avait Pierre Perret à prendre. « Si vous proposez une case avec le choix de rémunération, ça veut dire qu'on peut prendre moins que 50% ? »",
2969.62,3001.44,"Oui, vous le pouvez. Alors, tiens d'ailleurs, si je change ici et que je mets « agence.fr », est-ce que ça marche mieux ou pas ? On va voir. Oui, la délégation a bien été envoyée pour signature électronique. Donc, cette partie-là, si on met une bonne adresse email, ça fonctionne bien. Vous allez voir, on va le suivre après. Donc, la question, on peut prendre moins. Oui, on peut dans la mesure où nous vous en laissons la possibilité.",
3002.44,3033.96,"Mais, soyons clairs, ce n'est pas l'usage dans la profession. Normalement, et d'ailleurs, on s'est posé la question, est-ce qu'on met 50-50 et puis c'est tout ? Parce que c'est comme ça que se font l'immense majorité des délégations de mandat. C'est l'usage dans la profession, c'est 50-50. Et on s'est dit, laissons la liberté à nos agents. Maintenant, soyons clairs, il y a intérêt à avoir une sacrée bonne justification pour que ça se passe comme ça.",
3034.96,3065.8,"Alors je me souviens, il y a quelque temps, je crois que c'est Corinne de Tour qui s'était vu quasiment offrir un mandat sur un plateau par un autre agent immobilier qui ne voulait quasiment pas s'en occuper. Je crois que c'était l'année dernière, Corinne, dites-moi si je me trompe ou si c'était bien vous, mais il me semble que c'était bien vous, un agent immobilier qui confiait un mandat à Corinne et qui disait non non non moi je vais prendre quasiment rien voire rien du tout parce que je vais pas m'en occuper c'est loin de chez moi c'est pas pour moi et donc je crois que c'était Corinne mais je suis pas sûr prenait plus",
3065.8,3098.08,"que 50% 60 ou 70 donc oui vous pouvez déroger à la règle des 50-50 nous vous en laissons la liberté mais je ne vous le cache pas il faut avoir une bonne justification pour déroger à cette « Usage ». Sandrine dit « C'est quoi rapidement pour vous ? » C'est immédiat, en fait, parce que ça se fait tout de suite. Ça se fait instantanément. Et d'ailleurs, si je reviens sur le mandat d'origine, qui était un mandat, je crois, de Laurent.",
3098.08,3132.72,"Alors, attendez, je vais arrêter le partage pour retourner voir sur le mandat sans faire de bêtises. Je vais couper le truc de délégation et je repartage l'écran. Voilà. Et je remonte le son. Voilà. Et donc, vous voyez qu'ici, c'est incrémenté une délégation, la délégation que nous venons de faire sur le mandat.",
3132.72,3163.66,"Alors, Laurent, parce que je crois que Laurent est arrivé depuis tout à l'heure, ne vous inquiétez pas, ça ne change rien. Il n'y a pas de… ça ne pose aucun problème avec votre client, il ne va pas recevoir un email en disant « ça y est, quelqu'un d'autre est en train de vendre ». Soyez tranquilles. Donc, on a ici la délégation qui est déjà lancée en route. Vous voyez, cette partie-là fonctionne. Et ça vous permet, c'est quand on clique sur la petite flèche, non ?",
3163.66,3196.4,"Non, ce n'est pas la petite flèche. C'est ça. Non, ça, ça ne fonctionne pas encore. Parce qu'ici, en fait, vous allez avoir un petit truc qui se déplie pour vous permettre de suivre l'avancement de la signature électronique. Et d'ailleurs, si on va regarder la signature électronique de ce document spécifique, normalement, alors là, on a un avenant de Eric, mais ça, c'était un vrai avenant avec des vrais clients et on en a fait des tests également.",
3197.2200000000003,3229.64,"Et si je vais ici, c'est mes documents. voilà regardez ma convention d'intercabinet de Laurent Guilly, elle est ici vous la voyez, ça a été envoyé automatiquement alors un faux client qui n'existe pas alors sauf s'il existe un vrai pierre.dumortier.agence.fr il est en train de recevoir ce truc là donc vous voyez l'envoi a été fait automatiquement sans avoir besoin de d'intervention de l'animation",
3229.64,3261.14,"Tout se fait tout automatiquement, tout seul. Vous pourrez suivre ça tranquillement, sans avoir besoin de passer par un proxy. OK ? « Tant que l'outil de délégation n'est pas utilisable dans l'outil, comment faire un intercabinet ? » Vous demandez à l'animation et ils vont le faire pour vous, tout simplement. « C'est nouveau, avant on n'avait pas le droit. » Oui, c'est en cours de développement. Il n'est pas encore fini, cet outil. Je vous en montre l'avancée du développement, mais ce n'est pas encore fini. aujourd'hui tous les documents peuvent être signés électroniquement",
3261.14,3295.12,alors mon cher Hug ah non c'est pas vous Corine ah écoutez vous êtes tellement dans mon esprit et dans mon coeur que je ne pense qu'à vous ma chère Corine Hug demande donc tous les documents peuvent être signés électroniquement oui mais ça ça fait plus de deux ans que tous les documents peuvent être signés électroniquement il n'existe pas un seul document qui ne puisse pas être signé électroniquement mais aujourd'hui vous devez passer pour l'animation qui vous aide nous sommes en train de développer les outils qui vous permettent de le faire tout seul sans avoir besoin de passer,
3295.12,3327.58,"par l'animation mais aujourd'hui il n'existe pas un seul document qui ne puisse pas être fait en électronique regarder juste avant cette visio là un agent le guillaume à arras nous a a demandé d'envoyer une offre électronique à ses acquéreurs et à ses vendeurs. Tous les documents aujourd'hui sont signables électroniquement, sans la moindre exception. Il y en a un, non pas que",
3327.58,3359.44,"nous ne puissions pas techniquement le faire, mais il y en a un qu'il ne faut surtout pas envoyer électroniquement, c'est le bon de visite. Parce que sinon, il n'existe aucun moyen juridique pour l'instant, d'empêcher la personne d'obtenir l'adresse du bien, de ne pas signer électroniquement et donc de ne pas payer vos honoraires. C'est la raison pour laquelle il ne faut pas, c'est pas qu'on ne peut pas, c'est qu'il ne faut pas faire de bande visite électronique, vous",
3359.44,3394.1,"allez vous faire voler vos ventes. Par contre, les offres, les délégations, les machins, les trucs, on peut tout faire en électronique sans la moindre exception. C'est en place, ça fonctionne aujourd'hui donc le personnel de l'animation va être licencié si on va pouvoir tout gérer nous-mêmes, c'est le but c'est l'objectif ultime, oui exactement, et que moi-même je disparaisse et que je devienne une intelligence artificielle, absolument c'est le but alors si on a terminé sur ces questions-là",
3394.1,3426.86,"on va passer, si vous le voulez bien Alors, posez vos questions, intervenez, n'hésitez pas. Quelle que soit la question, qu'elle soit en rapport avec ce qu'on vient de voir ou pas. On me répond à propos justement de la limite de caractère dans les emails en question. Donc, même des questions qui n'ont pas de rapport avec ce qu'on est en train de voir, posez-les maintenant, n'hésitez pas, c'est à cela que ça sert.",
3426.86,3458.08,"Ah, juste avant, petite chose, vous allez recevoir tous également une série d'appels de la part d'Olivier qui va refaire le tour de qui a été remboursé pour les AGFIS et qui ne l'a toujours pas été. Parce que normalement, là, ça a dû avancer. Ceux d'entre vous qui n'avaient pas été remboursés devraient avoir petit à petit commencé à l'être. Donc je sais, j'ai discuté tout à l'heure, il y a deux jours, Mathieu à Orléans me disait non, moi toujours pas. Tout à l'heure",
3458.08,3489.3,"avec Julien, il disait moi non plus et Cathy non plus. Olivier va vous appeler d'ici, je ne sais pas, début de semaine prochaine, je pense, pour faire le tour. Qui a été remboursé ? Qui n'a pas été parmi ceux qui n'avaient toujours pas été remboursés ? Vous êtes environ 70% à ne pas avoir été remboursés. C'est extrêmement nombreux. Toujours pour des motifs plus fallacieux les uns que les autres. Alors, ce dont on va parler maintenant, si vous le voulez bien je vais arrêter le partage l'espace d'un instant pour remettre un petit peu d'ordre",
3489.3,3525.86,dans mes fenêtres ça je l'enlève ce que nous allons étudier maintenant ce sont les terrains parce que on nous a dit enfin on m'a dit à la suite de la de la vision conférence sur l'urbanisme de la loi Allure 2021 4. Comment s'y prend-on pour des terrains spécifiquement ? Qu'est-ce qu'il faut faire ? À quoi faut-il faire attention quand on commercialise des terrains ?,
3525.86,3558.94,"Alors, ceux d'entre vous qui sont en zone urbaine, en région parisienne, seraient tentés de se dire « bon, moi ça ne m'intéresse pas, je m'en vais ». C'est vrai qu'il y a énormément moins de terrains disponibles dans les villes et dans les grandes villes, mais il y en a quand même. On a certains d'entre vous qui ont commercialisé, je me souviens, Isabelle Chassani à Rueil. Alors, ce n'est pas un endroit où on s'attend à trouver des terrains, et pas pourtant. Elle a commercialisé un terrain avec succès il y a quelque temps. Ça s'est très bien passé. Donc, comment s'y prend-on pour… Je vais vous mettre ici « Vente de terrain » et je vais repartager mon écran",
3558.94,3591.86,"pour que vous puissiez le voir. Boum, boum, boum, partagez l'écran. Tout l'écran, pouf, partagez. donc là normalement vous allez voir word s'afficher dans un instant et glanthine va disparaître voilà et là vous allez voir word pomme vente de terrain ok bien voici mon petit machin mes petites notes vous savez ce que c'est c'est le bazar comme d'habitude des copier coller J'y ferai un petit nettoyage",
3591.86,3625.04,"D'ici Demain on est vendredi On va dire d'ici à lundi mardi Je vais vous nettoyer ce petit document tout propre Pour éviter les répétitions Éviter ces machins là Et puis on vous l'enverra Vous ferez comme vous avez fait l'année dernière Vous demandez à l'animation Et on vous le donnera D'accord ? Si ça vous intéresse Si ça vous intéresse pas du tout On va pas vous forcer Alors, les terrains, comment fait-on pour les commercialiser ?",
3625.04,3673.42,"Premièrement, il va falloir définir les différents types de terrains. Ces différents types de terrains, quelles sont les caractéristiques de leur commercialisation ? À quoi faut-il faire attention ? Comment doit-on prendre le mandat de manière concrète ? Qu'est-ce qu'il faut faire au moment de la signature du mandat ? Alors, la commercialisation d'un terrain. Vous savez principalement les deux catégories, constructible et non constructible. Donc, qu'il soit constructible ou pas, c'est une opération qui mélange le code de l'urbanisme, le code civil, le code de l'environnement et le code de commerce, lorsque ça s'adresse à des professionnels.",
3673.42,3707.5,"Donc, vous voyez là encore plein de lois qui viennent s'entremêler, se mélanger et auxquelles il faut faire attention. Avant toute mise en vente, la première chose à se demander, c'est quelle est la qualification juridique de mon terrain ? À quoi va-t-il servir ? À quoi sert-il aujourd'hui ? Et par quel type de servitude est-il grévé ? La distinction première et fondamentale, il faut aller la chercher au PLU, au plan local d'urbanisme, que vous connaissez déjà.",
3707.68,3747.86,"On en a déjà parlé plein de fois. S'il n'y a pas de PLU, on l'a vu l'année dernière lors de la visio sur l'urbanisme, il faut s'adresser à la carte communale ou au règlement national d'urbanisme. C'est là que vous pourrez savoir si votre terrain est constructible ou non en fonction de la zone dans laquelle il se trouve. Il existe trois zones dont on a déjà parlé l'année dernière, bien sûr. La première, c'est la zone U. U, c'est la zone urbaine, c'est-à-dire urbaine urbanisée aujourd'hui. Elle est constructive. Sous et sous d'éventuelles conditions, il y a des règles à respecter, mais la zone U, elle est constructive.",
3748.64,3790.38,"Ensuite, la deuxième zone, c'est la zone à U, c'est-à-dire la zone à urbaniser. Ça veut dire que ce sont des terrains qui ne sont pas constructibles aujourd'hui, mais que l'on veut rendre constructibles à court, moyen ou long terme. C'est-à-dire que la commune se dit, voilà, à tel endroit, on pourrait s'étendre, on pourrait construire. Là-bas, c'est des champs, c'est des forêts, c'est des champs, enfin, des forêts, on va voir qu'il y a peu de champs. Mais ce sont des champs, ce sont des terrains vagues, ce sont des choses qu'on n'exploite pas forcément. On pourrait étendre l'urbanisation de la commune à cet endroit-là. Donc, on classe la zone AU, c'est-à-dire à urbaniser.",
3790.38,3820.54,"Ensuite, le troisième type de zone, ce sont les zones A et N. Zone A, c'est la zone agricole et N, c'est la zone naturelle. Ce sont des zones que l'on ne prévoit pas d'urbaniser, qui vont rester agricoles ou naturelles, sachant que, c'est ce que je vous disais à l'instant, je vous disais des bois et puis après je me suis surpris en disant non, probablement pas des bois, certainement pas maintenant avec l'optique de préservation de la nature.",
3820.54,3856.72,"Alors, à Paris, on sait qu'ils ont fracassé tous les arbres qui passaient pour des motifs soi-disant écologiques. On va couper les arbres, les vieux arbres grands qui faisaient de l'ombre et qui aspiraient du dioxyde de carbone, on va les couper pour planter d'autres petits arbres qui seront capables de absorber du dioxyde de carbone dans 30 ans. Donc, on voit que les mairies font un peu ce qu'elles veulent avec ça et la mairie de Paris en est un exemple criant. Mais bon, a priori, les zones N naturelles, on n'est pas supposé y toucher ni maintenant ni plus tard.",
3856.72,3902.8,"Donc les zones agricoles A peuvent passer dans quelques temps, dans quelques années éventuellement en zone A-U, à urbaniser et encore plus longtemps dans le temps en zone U. Normalement les zones N naturelles, ce n'est pas supposé être le cas. Ce sont des terrains, ce sont des zones inconstructibles, sauf quelques exceptions bien sûr, ce sont des constructions qui sont nécessaires pour l'exploitation agricole ou naturelle. Donc, par exemple, on a besoin de construire un hangar, on a besoin de construire une grange, on a besoin de construire un équipement spécifique propre à cette zone agricole ou naturelle. Donc, vous voyez, trois types de zones, U, urbaine, A, U, à urbaniser et A et N, agricole naturelle, c'est-à-dire, elles, non constructibles.",
3902.8,3939.3,"ah, j'ai pris encore une fois plein de petits exemples de condamnations, de machins, etc parce que avec le logiciel de recherche juridique LexisNexis que j'utilise c'est assez facile à trouver donc je vous en ai pris plein, parce que je sais qu'il y en a certains d'entre vous qui trouvent ça rigolo je ne vais pas tous vous les lire, parce que j'en ai 25 ou 26, je ne sais plus je ne vais pas tous vous les lire, mais je vais vous en lire quelques-unes ça amuse certains d'entre vous, moi en tout cas ça m'amuse un premier exemple concret de non-respect de ces différentes zones. En janvier 2023, un propriétaire lyonnais a tenté",
3939.3,3970.22,"de vendre un terrain situé en zone A, donc agricole du PLU, en prétendant qu'il était constructible. L'acheteur découvre après la promesse de vente que ça n'était pas possible. Il a saisi le tribunal et le 15 juin 2023, le vendeur a été condamné à rembourser 90 000 euros au titre du prix versé, plus 12 000 euros de dommages intérêts à l'acquéreur. Donc, vous voyez, il a voulu jouer le malin, le vendeur, en vendant une zone agricole comme si elle était constructible.",
3970.64,4000.64,"Ça lui a coûté très cher. Alors, avant de commercialiser le terrain, nous, on doit procéder à toute une série de vérifications pour éviter les futurs procès. On doit vérifier trois informations principales. principales. Premièrement, le statut du terrain. Mon terrain, est-ce qu'il est constructible ou pas ? Est-ce que mon terrain est dans une zone U, AU ou A et N ? Au-delà du PLU que",
4000.64,4033.7,"je peux consulter librement et gratuitement à la mairie, ne l'oubliez pas, n'importe qui peut y aller, je demande au vendeur ou à la mairie le certificat d'urbanisme. Le certificat d'urbanisme, il en existe deux types. Premièrement, le CUCU, qui veut dire certificat d'urbanisme A. Deuxièmement, le CUB. Le CUA, c'est le certificat d'urbanisme d'information.",
4034.02,4064.5,"C'est le certificat d'urbanisme qu'on délivre pour tout type de terrain et qui nous dit que ce terrain est constructible ou pas. C'est un CU positif. Il nous renseigne sur les règles générales d'urbanisme de ces terrains, les servitudes, les taxes, etc. Donc ça, c'est le CU d'information générale. Mais ensuite, on a un CU B opérationnel. Le certificat d'urbanisme opérationnel, lui, il vous indique si le terrain que vous cherchez à vendre",
4064.5,4094.5,"ou que vous cherchez à acquérir si vous êtes acquéreur peut être utilisé pour un projet précis. Est-ce que je peux construire une maison individuelle à cet endroit-là ? Est-ce que je peux construire un entrepôt ? Est-ce que je peux construire un local commercial ? Et là, la mairie va vous dire, grâce au CUB, voilà ce que vous pouvez faire de spécifique par rapport à votre projet sur ce terrain. Et quelles sont les conditions nécessaires pour la réalisation de votre projet.",
4094.5,4125.36,"Deuxième chose la vérification des servitudes et des droits de préemption alors ça c'est beaucoup plus compliqué beaucoup plus compliqué pourquoi ? Parce que à la différence du certificat d'urbanisme que vous allez demander au vendeur ou à la mairie et on vous le donne, c'est gratuit, c'est public il n'y a pas de possibilité de se tromper à partir du moment où on fait ce qu'on doit faire.",
4126.3,4174.72,"Les servitudes et les droits de préemption, c'est beaucoup plus compliqué. Pourquoi ? Parce que dans les faits, il n'y a que le notaire qui peut véritablement les vérifier. Premièrement, vous savez tous ce qu'est une servitude sur un terrain, par exemple un droit de passage. On a un droit de passage pour laisser passer le propriétaire du terrain de derrière. Vous le savez, en droit français, il est interdit, je vais vous montrer un exemple tout de suite, on va aller sur Géoportail, cadastre, en droit français, il est interdit, je ne sais pas si tu en es ailleurs, j'imagine que c'est pareil dans les autres pays, je ne vois pas pourquoi ils seraient plus crétins que nous, il est interdit d'enclaver une parcelle.",
4174.72,4207.48,"Ça veut dire que si je vais, là, je vais aller dans une zone particulièrement rurale. Voilà. On va aller ici. Regardez, là, on est dans une zone très, très, très, très, très rurale. OK. Et vous voyez que nous avons, alors ça, chaque découpage que vous voyez ici, Alors, est-ce que vous voyez bien ?",
4207.48,4240.04,"Oui, vous voyez bien. Parfait. Chaque découpage que vous voyez ici, c'est une parcelle cadastrale. OK ? Avec les petites limites qui sont là. Mais, regardez. Mes parcelles cadastrales, elles doivent toutes avoir un accès à la voie publique. Ici, nous avons une route. Ça veut dire que cette parcelle-là, elle peut accéder directement à la route. Que ce soit une parcelle constructible ou pas une parcelle constructible, ça ne fait aucune différence.",
4240.66,4284.7,"Donc, vous le voyez, ma parcelle ici, elle a un accès à la route. Mais si je remonte un petit peu là, je vois que j'ai ici une parcelle 37. Vous la voyez la parcelle 37 ? Elle a une forme un peu biscornue. Mais ce n'est pas grave qu'elle ait une forme biscornue. Qu'est-ce que je constate ? Que ma parcelle 37, ici, elle n'a aucun accès à la voie publique. Il n'y a pas de chemin, il n'y a pas de route, il n'y a rien. Ma parcelle 37 est ce que l'on appelle « enclavée ». On ne peut pas posséder une parcelle à laquelle on ne peut pas accéder. Ce n'est pas possible, c'est interdit.",
4284.7,4315.5,lorsqu'une parcelle est enclavée imaginons que moi je sois propriétaire de cette parcelle et bien comme je n'ai aucun moyen d'y aller l'un des propriétaires autour ça sont des choses qui généralement se sont décidées il y a bien bien bien longtemps me doit un droit de passage parce que la 35 qui est ici la très grande par exemple elle a un accès à la route donc elle doit me laisser rentrer chez elle,
4315.5,4346.620000000001,"et me laisser accéder à mon terrain enclavé que ce soit pour faire passer mon bétail si je suis éleveur, que ce soit pour accéder à ma maison si j'en ai une que ce soit tout simplement pour moi accéder à mon terrain sans avoir de raison à donner j'y vais, mais oui mais qu'est-ce que vous allez y faire est-ce que vous avez une bonne raison, non c'est chez moi j'y vais point on ne peut pas laisser une parcelle enclavée donc vous imaginez bien que si je vends la parcelle 35 qui est ici à un acquéreur",
4346.620000000001,4377.48,"cette parcelle 35 imaginons elle est ce que l'on appelle grévée d'une servitude de passage pour accéder à la 37 et je parle de la servitude de passage parce que ce sont les servitudes qu'on connait tous le plus mais il y a toutes sortes de servitudes pour l'écoulement des canalisations pour le passage de l'électricité de je sais pas quoi de machin, de truc il y a toutes sortes de servitudes Donc si je vends moi la parcelle 35 à un acquéreur L'acquéreur lui Il achète la parcelle 35",
4377.48,4407.54,"Il se dit je suis chez moi Et là il voit le propriétaire de la 37 Qui passe là avec son tracteur Avec ses vaches, avec son 4x4 A pied ou à vélo Il va dire monsieur qu'est-ce que vous foutez chez moi Là c'est ma parcelle Ah ben non monsieur moi j'ai la parcelle ici La parcelle 37 C'est chez moi, je dois pouvoir y aller Je bénéficie d'un droit de passage sur votre parcelle 35. Et là, vous, vous n'êtes pas content. Pourquoi ? Parce que vous ne pouvez pas jouir de votre terrain",
4407.54,4445.92,"35 comme vous l'entendez parce que on ne vous a pas dit qu'il y avait une servitude de passage. Donc là, vous avez la possibilité d'attaquer en justice le vendeur et éventuellement l'agent immobilier. Donc, vous comprenez bien que quand vous commercialisez un terrain, Donc il faut vous poser la question, enfin un terrain mais une maison c'est pareil, est-ce que ce terrain n'est pas grévé d'une quelconque servitude au profit d'un tiers ? Et ça c'est un problème parce que normalement la servitude vous la trouvez dans le titre de propriété.",
4445.92,4479.84,mais pas forcément il est je ne vais pas dire courant parce que c'est pas vrai c'est une erreur c'est de moins en moins courant parce que ces dernières années tous les titres de propriété ont été refaits au fil des mutations c'est à dire au fil des reventes des donations des successions etc mais il arrive encore régulièrement en particulier à la campagne que on est des des servitudes qui ne soient pas inscrites au titre de propriété.,
4480.42,4511.679999999999,"Et ça, si c'est le cas, vous n'avez pas le moyen de le voir. Donc, il faut vérifier les servitudes inscrites au titre de propriété. C'est inscrit dedans. Si vous étudiez bien tout le titre de propriété en long, en large et en travers et que vous ne voyez aucune servitude, vous pouvez vous dire, Bon, si c'est un titre de propriété récent, il n'y en a probablement pas. Si c'est un vieux titre de propriété tapé à la machine à écrire,",
4511.86,4544.36,"voire même rédigé au stylo à plumes, vous pouvez vous dire « Ah, il y a peut-être une servitude et je ne la vois pas. » Et là, vous n'avez aucun moyen de le voir, parce que vous n'avez pas accès au fichier central des servitudes. C'est tenu tout simplement par les impôts, par le foncier. Donc, vous devez poser la question au vendeur lorsque vous n'en voyez aucune ou lorsque vous en voyez une et vous devez poser la question « Est-ce qu'il n'y en a pas d'autres que je ne verrais pas ici ? »",
4544.36,4575.44,"Et ça, d'ailleurs, on va le consolider dans la prochaine version des mandats. On est en train de travailler à faire évoluer nos mandats et on va consolider d'ailleurs les questions des servitudes, en gros, sur déclaration du vendeur. Est-ce que le vendeur nous déclare bien officiellement qu'il n'existe pas de servitude grévant son bien. Donc, vous devez impérativement vous poser cette question. Est-ce que mon bien est grévé de servitude ou pas ?",
4576.62,4613.58,"C'est la première question. Deuxièmement, il y a des servitudes de type environnemental, les terrains protégés, les zones naturelles de mille, ce genre de choses. Alors là, par contre, ça c'est public et vous pouvez le trouver tout simplement sur le site de Géoportail. Ensuite, il y a les éventuels droits de préemption. Et ça, alors, ça c'est plus les servitudes, je vais vous mettre ici, droits de préemption. Les droits de préemption sont principalement, alors vous savez ce que c'est le droit de préemption,",
4613.58,4647.42,"C'est la faculté dont disposent certaines personnes, ce ne sont pas des gens, ce sont des personnes morales, des personnes publiques, etc. Lorsqu'une vente se fait, de s'interposer, de dire non, cette vente ne se fera pas, je vais préempter le bien, je vais le prendre, l'acheter, moi, pour en faire autre chose et personne ne peut s'y opposer. Le droit de préhension est dans la majorité des cas exercé par une commune. Une commune qui dit tel endroit, tel endroit, tel endroit, moi j'ai un projet pour faire une maison de retraite, pour faire ceci, pour faire cela, je fais préhension.",
4647.42,4695.76,"à la campagne, il y a la SAFER la SAFER qu'on connait pas trop lorsqu'on est en ville la SAFER c'est un organisme en fait qui est chargé de gérer tout simplement l'attribution, on en parlait il y a deux jours avec Géraldine dont le mari est agriculteur la SAFER c'est un organisme qui est chargé de gérer l'attribution et la bonne utilisation des terres agricoles Donc, ils ont un droit de préemption lorsque l'on vend un bien à la campagne. Ils ont un droit de préemption qui permet de dire non, la parcelle que vous êtes en train de vendre là, nous, on va la récupérer et on va l'attribuer à autre chose.",
4695.76,4727.379999999999,"on va l'attribuer à un agriculteur, on va en faire ceci ou en faire cela. Et on ne peut pas trop s'y opposer. Le problème de la SAFER, c'est que c'est un peu une mafia et ils n'achètent jamais au prix auquel ça avait été vendu. Ça, c'est une autre question, c'est un autre problème. Ces droits de préemption, en fait, le meilleur moyen de s'en enquérir, c'est de demander au notaire local parce que lui, généralement, il le sait. À chaque fois qu'il fait une vente, il sait que dans ce secteur-là,",
4727.44,4765.700000000001,"il doit demander à la SAFER ou il doit demander à la commune. Demandez-lui et il vous le dira. Sinon, vous pouvez demander à la mairie et on doit vous le dire aussi. Mais c'est surtout le notaire, parce que la mairie n'est pas en mesure de vous dire « Oui, nous, on sait si la SAFER veut faire préemption ici ou pas ». Techniquement, ils ne peuvent répondre que pour eux-mêmes. Donc, demandez au notaire, lui, il saura vous répondre. Alors, le département, c'est-à-dire la préfecture, également peut bénéficier d'un droit de préemption, mais ça, ce sont des cas vraiment rares. Donc, là encore, demandez au notaire, mais ça, c'est très rare quand c'est la préfecture.",
4765.7,4797.88,Petit exemple à Toulouse en 2023 un investisseur a acheté un terrain agricole en Haute-Garonne pour y installer un projet photovoltaïque ça se fait beaucoup à la campagne on prend une parcelle qui est bien exposée au soleil et on met des panneaux solaires dessus la SAFER d'Occitanie a exercé son droit de préemption elle a annulé la transaction le vendeur qui n'avait pas informé l'acheteur de la possibilité de la faculté de la SAFER alors je sais pas j'ai pas trouvé qui avait fait le compromis de vente.,
4798.46,4833.24,"S'ils avaient fait ça entre eux, vendeurs et acquéreurs, si c'était passé par une agence, si c'était passé par un notaire. Donc le vendeur, n'ayant pas informé l'acheteur de cette possibilité, a été contraint à rembourser les frais d'études engagés par l'acheteur. Donc ça veut dire que le compromis n'est pas allé au bout, bien sûr, mais le vendeur a dû dédommager l'acquéreur de 5000 euros pour les frais d'études qu'il avait engagés avec les sociétés d'installation de panneaux solaires. Parce que cette préemption éventuelle de la SAFER n'avait pas été envisagée.",
4833.24,4878.8,"L'acquéreur avait dépensé de l'argent comme ça, qui ne pouvait pas lui être remboursé par la SAFER. Parce que la SAFER fait préemption, mais elle n'a pas remboursé les frais engagés par l'acquéreur. Elle dit, non, pas mon problème. Il n'avait qu'à ne pas faire ça. Alors, bien entendu, le prix d'un terrain, il est fortement influencé par tous ces facteurs. Est-ce que c'est constructible, non constructible ? Qu'est-ce qu'on peut construire dessus ? Est-ce que c'est une zone naturelle ? Est-ce que c'est des bois ou n'importe quoi ? C'est-à-dire qu'une même parcelle d'une même superficie qui est commercialisée dans la même commune qu'une autre parcelle qui, elle, ne bénéficie pas du même certificat d'urbanisme n'a pas du tout le même prix.",
4878.8,4920.64,"C'est-à-dire qu'on peut très bien imaginer une parcelle de 3000 m² qui vaut 120 000 euros parce qu'elle est constructible, parce qu'elle est près des infrastructures, des services, des commerces, etc. Elle est viabilisée, on va en parler, elle est raccordée au réseau, tout va bien, ça vaut 120 000 euros. La parcelle qui a 2-3 encablures de là et qui elle n'est pas constructible, on ne peut rien en faire, c'est un bout de terre et rien d'autre, elle se vendra quoi ? 1500, 2000 euros, 3000 euros ? Uniquement parce qu'elle n'est pas grévée des mêmes facteurs. Donc ça fait grandement varier son prix.",
4920.64,4951.42,"Vous comprenez pourquoi il faut faire extrêmement attention à la zone, aux certificats d'urbanisme et aux différentes servitudes, parce que ça peut changer complètement la faisabilité d'un projet et donc le prix d'un bien immobilier sur le marché. Ça change absolument tout. Alors, on va étudier maintenant en deux parties les différents types de terrains constructibles Ça, ça va aller très vite",
4951.42,4984.62,"Après, vous allez voir, ce sera plus long, ce sont les terrains non constructibles Parce qu'il y en a différentes catégories, différentes raisons pour lesquelles les terrains ne sont pas constructibles Nous, on a parlé ici des terrains agricoles et naturels dans la zone AN mais vous allez voir que c'est loin d'être d'être d'être si simple alors avant tout les terrains à zone urbaine et à à urbaniser donc zone urbaine et a eu à urbaniser c'est à dire urbaine dans",
4984.62,5029.42,"le futur ok hop je vous mets ça là donc les zones u et alu et a eu pardon ce sont des secteurs où la construction est immédiatement possible ou très prochainement possible à condition de procéder à certains aménagements la zone u signifie que le terrain alors je m'en mets ici u terrain Des services par les réseaux, électricité, voirie, eau potable, à eux prochainement.",
5038.72,5070.34,"Alors, j'ai oublié ma petite majuscule ici. a eu prochainement desservi par les réseaux ou partiellement desservi par les réseaux. On est dans une zone qu'on veut urbaniser, qu'on va urbaniser, mais ce n'est pas encore forcément prêt maintenant, tout de suite. Donc, peut-être que la voirie a déjà fait la route, a déjà fait les bords de trottoirs, a déjà fait toutes ces choses-là. Peut-être qu'on a commencé à mettre des canalisations, mais il n'y a pas encore l'électricité, il n'y a pas encore la fibre, il n'y a pas encore tout ça.",
5070.34,5102.16,"Ça viendra plus tard. Donc, il faudra viabiliser, aménager, mettre les équipements publics, mettre des bornes à incendie avec en dessous des réserves d'eau en cas d'incendie. Il va falloir mettre plein, plein, plein, plein de choses. Ce qui n'est pas le cas pour la zone U où tout cela est déjà disponible, peut-être à améliorer, mais normalement déjà disponible. On va étudier juste après les lotissements Les lotissements c'est un tout petit peu différent",
5102.16,5145.94,"Parce que les terrains en lotissement Alors bien entendu ils sont constructibles Bien entendu ils sont viabilisés Il y a tout ce qu'il faut Mais ils sont soumis à des règles un petit peu spécifiques Alors un lotissement qu'est-ce que c'est généralement ? C'est quelqu'un qui a une parcelle Une grande parcelle Est-ce que j'ai encore ma grande parcelle ? Oui je l'ai encore ici C'est quelqu'un qui a une grande parcelle, voyez, imaginez celle-là, et qui va l'aménager directement pour faire des maisons individuelles qu'il va soit fabriquer lui-même et vendre, soit qu'il va, regardez, imaginons que je parte de là.",
5145.94,5176.18,"Je vais ici, là, là, et bien, toute cette zone-là, je vais en faire des petits morceaux, par exemple ici, et puis là, là, là, là, je vais faire un lotissement avec différents terrains. je vais donc devoir prévoir différentes choses je vais prévoir des voies d'accès je vais prévoir la sécurité incendie",
5176.18,5211.96,"je vais prévoir plein de choses mais c'est destiné à recevoir des maisons à peu près similaires sur des terrains similaires un lotissement il nécessite un permis spécifique, permis d'aménager dans lequel on va fixer un cahier des charges, alors attention c'est pas une copropriété, très souvent on confond les lotissements et les copropriétés déjà parce qu'il y a un vocable qui leur est commun, c'est le vocable lot. On utilise le terme lot de copropriété ou lot dans un lotissement. Donc déjà, ça sème la confusion parce qu'on peut très bien avoir une copropriété horizontale.",
5212.72,5247.7,"On croit que c'est un lotissement. Non, pas seulement, c'est une copropriété. Donc, on a un cahier des charges spécifiques qui fixe des obligations pour les acquéreurs en termes de matériaux, en termes de hauteur des constructions, en termes de couleurs de façade, de barrières, etc. On applique des normes d'urbanisme spécifiques qui viennent en complément du PLU, qui ne remplacent pas le PLU. Et le lotisseur a des obligations spécifiques, il doit viabiliser, il doit avoir des garanties financières",
5247.7,5286.78,"Et il doit lui-même s'occuper de la voirie des réseaux divers pour livrer des lots clés en main, constructibles à ses acquéreurs, sauf lorsqu'il construit lui-même une partie. Parce qu'il arrive également que des lotisseurs soient également promoteurs en fonction de leurs moyens financiers. Ils vont en faire une partie ou la totalité parce qu'ils gagnent plus de sous en vendant les terrains avec des maisons déjà dessus. Bien entendu, ils ont une meilleure marge que s'ils vendent uniquement les terrains, viabiliser lotis et que chaque acquéreur fait sa propre petite maison.",
5286.78,5321.84,"Je vais vous donner un exemple tout bête A Marseille, bien sûr Un lotisseur marseillais a vendu les terrains En affirmant qu'ils étaient viabilisés Entièrement viabilisés Après l'achat, les acquéreurs ont constaté Qu'il n'y avait pas d'électricité et pas d'eau Enfin, il n'y avait pas les raccordements Le tribunal, le 12 novembre 2023 A ordonné l'exécution forcée des travaux Avec 500 euros d'astreinte pour le lotisseur Par jour de retard parce que, comme il s'agissait d'un lotissement,",
5322.9400000000005,5358.3,"les terrains devaient être entièrement viabilisés, ils ne l'étaient pas complètement, on était complètement en dehors des clous, il fallait immédiatement réparer. Donc, exécution forcée des travaux, 500 euros par jour de retard pour le lotisseur. J'avais un autre exemple à Toulouse aussi, mais ça va peut-être faire un peu beaucoup. Donc, on va passer sur celui-là. Maintenant, passons, si vous voulez bien, au terrain non constructible, parce que les terrains constructibles, ce n'est pas compliqué. On vient de le voir, zone A-U, lotissement. Les terrains non constructibles sont nombreux dans leurs différentes catégories,",
5358.3,5392.36,"et ça, il faut que vous les connaissiez, parce que beaucoup de vendeurs ont un terrain, sont persuadés que c'est une mine d'or, le vendent à prix délirant. Tous les jours, vous nous remontez ça. Des vendeurs qui ont des terrains qui en fait ne sont pas constructibles du tout, mais eux, ils sont foutus dans le crâne que ce serait constructible et ils veulent le vendre à prix d'or. Et puis parfois, ils vous le font avaler. Si, si, c'est constructible, je connais le maire. Oui, c'est constructible, je connais le maire. Ce n'est pas parce que je connais le maire que c'est constructible, c'est parce que c'est constructible ou pas. Donc, la première catégorie de terrains non constructibles",
5395.58,5428.219999999999,"que nous allons voir, ce sont en premier lieu les terrains agricoles. Alors ça, vous connaissez, ce sont les terrains classés en zone A du PLU. Ils sont destinés exclusivement à recevoir des vaches, des tracteurs, des moutons, c'est-à-dire l'activité agricole, l'exploitation agricole. On ne peut rien faire d'autre dessus. Alors vous me direz, si on organise un pique-nique une fois dans l'année, un pique-nique géant pour le village, ça ne posera pas de problème. Personne ne viendra poser de soucis, enfin j'ose en tout cas l'espérer.",
5428.22,5474.16,"Mais un terrain agricole, c'est un terrain agricole et rien d'autre. Alors, ça ne veut pas dire que rien ne puisse être construit dessus. Ils ne sont pas constructibles par principe, sauf, et soumis à l'autorisation de la mairie, si on a besoin d'une construction agricole. Un hangar, de plus en plus des hangars photovoltaïques, On ne va pas rentrer là-dessus, mais ça peut être une bonne affaire. Je discutais avec un éleveur en Aveyron il y a plus d'un an, qui, imaginez-le, était déficitaire sur son activité d'élevage.",
5474.16,5509.679999999999,"pardon, il élevait des vaches de la race au braque forcément en Aveyron il élevait des vaches de la race au braque il en avait une centaine donc ça veut dire que une centaine c'était des vaches à viande donc il pouvait monter jusqu'à 160, 170 quand les petits naissaient il était déficitaire là-dessus mais vous savez sur quoi il arrivait à rattraper ses finances sur le photovoltaïque parce qu'il avait des panneaux photovoltaïques sur tous ses hangars sur tous ses machins, sur tous ses trucs Et c'est comme ça qu'il arrivait à l'équilibre et à ne pas être déficitaire sur l'intégralité de son exploitation agricole.",
5511.2,5554.38,"Donc, on peut éventuellement construire différents bâtiments, mais des bâtiments, bien entendu, exclusivement agricoles. Et ça, c'est au bon vouloir de la mairie qui estimera si oui, vous en avez besoin ou vous n'en avez pas besoin. En tout cas, il est absolument interdit de construire des habitations. Il faut que l'exploitant agricole puisse justifier d'un besoin professionnel réel, avéré, concret, non pas « Oh, je pourrais avoir besoin d'un hangar ». Non, non, non, non, non, non. Il faut démontrer que par rapport à votre modèle économique et votre exploitation, vous avez besoin professionnellement de ce hangar, cette étable ou que sais-je encore.",
5554.38,5605.4,"bien entendu les terrains agricoles une autre contrainte spécifique à ces contraintes c'est le droit de préemption de la SAFER SAFER ça veut dire je ne sais plus société d'aménagement foncier agricole je ne sais pas quoi que veut dire SAFER exactement je vais vous le trouver tout de suite sur internet parce que je ne m'en souviens plus société d'aménagement foncier je ne sais plus quoi et d'établissement rural voilà merci Enfin, merci Google. Société d'aménagement foncier et d'établissement rural. Donc, la SAFER, elle a un droit de préemption sur les terres agricoles à chaque vente. Mutation, elle doit être interrogée et elle a la possibilité de dire non, non, non, non, je m'oppose à la vente parce que je décide que cette parcelle va revenir à tel autre agriculteur.",
5605.4,5636.62,"Alors, soyons clairs, la SAFER, je ne sais pas s'il y a parmi vous des gens qui connaissent particulièrement bien l'agriculture, mais la SAFER, c'est une mafia locale, quel que soit l'endroit où vous allez, que ce soit en Occitanie ou ailleurs. Le nombre de préemptions qui sont faites, et puis comme par hasard, on s'aperçoit que, oups, le terrain est fini dans l'exploitation du petit-neveu du président de la SAFER. Oh, c'est un drôle de hasard, ça. Oh, quand même, c'est vraiment bizarre. donc préemption de la SAFER",
5636.62,5667.08,"c'est une contrainte majeure quand même quand on achète un terrain agricole on ne va pas rentrer dans les détails des baux ruraux alors ça c'est un gros morceau juridiquement, les baux ruraux, il y a même un code spécifique qu'on appelle le code des baux ruraux en droit, mais c'est vrai que ça peut être une contrainte supplémentaire lorsque la parcelle est exploitée à travers un bail rural, parce que si vous achetez une parcelle qui est exploitée via un bail rural",
5667.08,5698.82,"par un autre agriculteur, c'est très contraignant. En fait, vous avez un locataire jusqu'à la fin des temps parce qu'il est très protégé. Ah oui, si vous voulez, un petit exemple à Toulouse, enfin Toulouse, non, Haute-Garonne, excusez-moi. En mars 2023, un particulier a acheté un terrain agricole en Haute-Garonne pour y construire une résidence secondaire. Bien entendu, la mairie a refusé le permis de construire. L'acheteur a contesté la décision devant le tribunal administratif de Toulouse",
5698.82,5730.52,"et le 12 octobre 2023, le tribunal administratif de Toulouse a donné raison à la mairie en disant « Non, c'est un terrain agricole, vous ne pouvez pas faire appel de la décision du refus de permis de construire. » Qu'est-ce qui s'est passé ? Eh bien, l'agent immobilier a été obligé de rembourser, parce qu'il y avait eu un agent immobilier, Il a remboursé l'intégralité des frais d'acquisition, c'est-à-dire les frais de notaire, les zones horaires, tout ce qui allait autour.",
5730.740000000001,5769.820000000001,"Alors, il n'a pas été condamné à rembourser le bien. Déjà, c'est une première chose. Mais il a été condamné à rembourser l'intégralité des frais d'acquisition. Donc, vous le voyez, il ne s'en est pas sorti sans les plumes. Mais d'un autre côté, s'il n'avait pas dit à son acquéreur que c'était une zone agricole et que, bien entendu, il n'aurait jamais son permis de construire, même si le maire, c'est un copain, je le connais, forcément, il était responsable et peut-être même pas. Deuxième catégorie, ici, les terrains forestiers et boisés.",
5769.82,5805.0,"alors ça vous en vendez régulièrement autant les terrains agricoles vous en vendez quand je dis vous, c'est vous tous nos négociateurs vous en vendez assez peu c'est rare, ça arrive mais c'est rare par contre les terrains agricoles les terrains forestiers et boisés vous en vendez régulièrement on en a un petit peu partout, on en a en Bretagne on en a, je sais qu'il y a Nick on en a rentré il n'y a pas longtemps on en a un petit peu partout à Besançon Julien, alors non pas Julien du Nord d'autres julien julien paris qui est à besançon on en fait régulièrement ça je crois que dominique",
5805.0,5835.16,"cattel aussi on avait vendu pas mal à une époque si je ne me trompe pas alors c'est la zone n les terrains en zone n naturel du plu on les appelle également les espaces boisés classés C'est EBC. Ils sont très protégés, parce que vous le savez, aujourd'hui, la protection de l'environnement est, tout au moins dans les déclarations de nos politiques, un souci majeur.",
5835.16,5868.2,"Après, dans leur comportement réel, c'est une autre question. Et on cherche à protéger de plus en plus strictement la couverture végétale et la biodiversité, d'ailleurs en étendant la couverture végétale à un certain nombre de zones agricoles elles-mêmes. Alors, quelles sont ces contraintes spécifiques ? Là, bien entendu, il est interdit de défricher et de construire, c'est-à-dire que non seulement on ne peut pas construire, mais on ne peut pas non plus couper le couvert végétal, les arbres, etc.,",
5868.2,5899.04,"qui ont poussé dessus, sans autorisation de la préfecture. Il faut présenter un dossier à la préfecture en expliquant pourquoi, comment on veut défricher, construire, etc. C'est la préfecture qui donne le feu vert ou pas en fonction du dossier. en plus on est soumis au régime de la gestion forestière et ça c'est un régime particulier qui dépend de l'EFB c'est l'office français de la c'est l'OFB pardon",
5899.04,5932.54,"pas l'EFB, l'OFB c'est ce qu'on appelait avant les eaux et forêts ça a changé de nom 50 fois et maintenant ça s'appelle l'office français de la biodiversité c'est les eaux et forêts qui gèrent ces parcelles là et les contraintes à y appliquer et bien entendu on a un droit de préemption alors non pas de la SAFER, mais du Conservatoire du Littoral et des Collectivités Locales en cas de vente. Donc c'est un autre organisme qui, lui, également, doit intervenir et donner éventuellement son veto à une vente d'une zone naturelle.",
5933.26,5963.98,"Et je vais vous donner un exemple tout bête à Ajaccio. En juin 2023, un investisseur ajaxien, on dit ajaxien, je ne sais pas, d'Ajaccio, a abattu 2000 m2 de forêt sur un terrain classé Natura 2000 pour y implanter un complexe hôtelier. La Direction Générale de l'Environnement a porté plainte, le tribunal correctionnel d'Ajaccio a été saisi et le 10 décembre 2023 a condamné l'investisseur à 50 000 euros d'amende, premièrement,",
5963.98,5995.5,"et à la remise en état du terrain sous astreinte de 500 euros par jour. Imaginez bien que lui, il va s'en souvenir de ces 2000 m² de forêt qu'il a abattues. Ensuite, troisième catégorie, ça je me souviens qu'on a Eric avec nous. Alors là, je parle d'Eric de Narbonne qui est avec nous parce que c'était son camarade Frédéric. Je n'ai pas vu Frédéric avec nous aujourd'hui. peut-être est-il avec nous et je ne l'ai pas vu",
5995.5,6030.88,"mais j'ai vu qu'il y avait Eric en tout cas les terrains de loisirs parce que Frédéric il y a des années je vous dis ça c'était il y a peut-être au moins 10 ans avait commercialisé des terrains de loisirs les terrains de loisirs qui sont souvent mais pas toujours situés en zone naturelle ce sont des terrains sur lesquels on peut avoir une activité récréative non destructive On peut pêcher, on peut chasser, on peut faire un petit camping privé sous condition, on peut camper l'été, mettre une tente, etc.",
6031.120000000001,6062.56,"Mais attention, ne peuvent en aucun cas accueillir de construction pérenne. Donc, interdiction totale des habitations permanentes, de même que les installations fixes. Par exemple, un mobilhome, un chalet, selon le type de mobilhome, c'est-à-dire une caravane que vous posez dessus juste pendant l'été, ça ne pose pas de problème. Attention, à l'automne, il faut que ça parte, il faut que ça dégage. Mais vous mettez un mobilhome fixe dans le sol, vous savez, on a un agent qui en a commercialisé, c'est Johan en Bretagne,",
6062.639999999999,6095.459999999999,"qui a récemment commercialisé des petites maisons, des maisonnettes faites avec d'anciens conteneurs. Vous savez, les conteneurs pour transporter les marchandises. Ce sont des installations fixes, même si ce ne sont pas des maisons. On peut obtenir une dérogation municipale, éventuellement pour des mobilos, des petits chalets démontables, qui ne soient pas implantés dans le sol avec des fondations, mais toute construction permanente est interdite. bien entendu il est obligatoire d'obtenir",
6095.459999999999,6135.02,"une autorisation d'aménagement spécifique pour des structures temporaires comme des campings saisonniers parce qu'on peut faire souvent des campings saisonniers des petits pas des grands dans ces endroits là et on est soumis à la réglementation des zones protégées si on est en zone ZNIEFF la zone ZNIEFF zone naturelle d'intérêt je sais pas quoi forestier truc bidule ou Natura 2000 Petit exemple, à Arcachon, en août 2023, on a un propriétaire qui a ménagé un terrain de loisirs en y installant plusieurs mobil-homes, mais attention, des mobil-homes qui restaient à l'année.",
6136.02,6166.900000000001,"Je me souviens, les fameux terrains de loisirs de Frédéric, les mobil-homes pouvaient rester six mois de l'année, les six mois entre, je ne sais plus, avril et septembre, un truc comme ça, et septembre, ça devait dégager. donc là il avait installé plusieurs mobilhomes à l'année, la mairie a porté plainte le tribunal administratif de Bordeaux le 15 février 2024 donc il y a pile un an dans deux jours a ordonné le démontage des installations et a infligé une amende de 20 000 euros pour non-respect du PLU aux propriétaires du terrain",
6166.900000000001,6197.860000000001,"arcachonais, arcachonois on dit arcachonais ? dites le moi sur le chat si vous savez donc 20 000 euros et démontage des installations ensuite autre type de terrain non constructible et là ceux d'entre vous qui habitent sur la côte atlantique ça va réveiller les mauvais souvenirs de la tempête je crois que c'est la tempête Cynthia ou je sais pas quoi il y a quelques années vous savez dans une petite ville côtière qui s'appelait la faute sur mer qui a été quasiment dévastée on s'en souvient tous",
6197.860000000001,6229.24,ce sont les terrains en zone inondable où excusez-moi à risque naturel ces terrains c'est ce qu'on appelle les zones rouges et vous vous souvenez à la faute sur mer on en parlait à l'époque parce que on était déjà à la lucarne de l'immobilier et vous étiez déjà pour beaucoup d'entre vous là à l'époque d'un coup,
6229.24,6260.64,"de stylo rouge par le ministère et la préfecture toute une zone dans lesquelles il y avait des maisons. Toute une zone a été déclarée zone rouge, absolument inhabitable. Les gens qui habitaient dedans, il fallait partir. Je ne sais pas si vous vous souvenez, il y avait eu plein de morts. Il y avait eu une tempête, je crois que c'est la tempête Cynthia, il y avait eu des morts, des blessés, c'était assez terrible. Donc, certains terrains qui sont classés en zone rouge des plans de prévention des risques naturels, ça c'est le PPRN,",
6260.64,6306.16,"ne peuvent recevoir aucune construction. Alors, les contraintes spécifiques, c'est que toute construction en zone rouge est interdite, que ce soit une grange, que ce soit un hangar, que ce soit un terrain, que ce soit n'importe quoi. Normalement, aucune construction n'est possible. Obligation absolue de réaliser des études géotechniques pour les terrains en zone d'instabilité de sol. On va y revenir tout à l'heure très rapidement. Pourquoi très rapidement ? Parce qu'on a déjà fait deux visios sur les sondages de terrain. On peut en refaire si vous voulez dédié à ça, mais on ne va pas faire une visio là-dessus spécifiquement sur les sondages de sol, ce qu'on appelle les études de sol.",
6307.08,6340.8,"En tout cas, obligation de réaliser des études géotechniques pour les terrains en zone d'instabilité. On parlera bien entendu des retraits, gonflements des argiles. Et il est impératif de souscrire à une assurance spécifique en cas de vente d'un terrain exposé à des risques majeurs. Ça, c'est le code des assurances. Il y a encore un nouveau code qui vient se rajouter au code de l'environnement, code civil, code de l'urbanisme, code machin, code truc, code bidule. aussi le code des assurances qui vient sans mêlée.",
6341.900000000001,6372.04,"À Nîmes, en octobre 2023, un particulier a vendu un terrain sans informer l'acquéreur qu'il était en zone inondable rouge. Alors, ce que je ne comprends pas, c'est comment le notaire n'est pas intervenu. Parce que le notaire qui fait la vente, inévitablement, il alerte l'acquéreur là-dessus, il en a l'obligation. Là, je ne sais pas comment c'est passé entre les mailles du filet. Le permis de construire a été refusé par la mairie, bien sûr. L'acheteur a intenté une action judiciaire et le tribunal de Nîmes, le 8 janvier 2024, a annulé la vente et condamné le vendeur à 15 000 euros de dommages intérêts.",
6372.64,6408.56,"Attention, dommages intérêts pour Dolle, là, aucun moyen de s'en sortir. Ensuite, dernier exemple de terrain non constructible. les terrains militaires, aéroportuaires ou à usage spécifique. Alors, quand on dit militaires aéroportuaires, c'est qui appartiennent au ministère de la Défense ou à Roissy,",
6408.56,6441.68,"ou alors qui sont soumis à des règles spécifiques parce que, n'appartenant pas au ministère de la Défense, à l'armée ou à l'aéroport, je ne sais pas quoi, ils en sont quand même soumis parce qu'ils sont proches des zones militaires et des aéroports, etc. On va voir ça rapidement. Ce sont des terrains qui sont généralement affectés à des fonctions publiques, industrielles, et qui sont absolument inaliénables. sauf à obtenir le déclassement administratif mais ça généralement c'est sur ordre du ministère",
6441.68,6472.200000000001,"quelles sont les contraintes spécifiques bas c'est extrêmement simple impossibilité de vendre impossibilité de faire des mettre des constructions privées sauf à obtenir le déclassement officiel ça passe par la préfecture et c'est le ministère qui généralement donne son aval ou pas parce que vous Vous imaginez bien, ça dépend du ministère de la Défense, etc. De la DGAC, on va voir ça aussi. Et il y a sur ces terrains des servitudes spécifiques,",
6472.400000000001,6507.12,"des servitudes industrielles, des servitudes militaires. On est soumis à des protections spécifiques. Imaginez dans les zones industrielles Céveso, à quel point ça peut être drastique. Moi, j'avais vu il y a quelques temps, pas très longtemps, avec yves qui j'étais intervenu pour l'aider dans des des propriétés qui sont à côté de fosses sur mer et des installations pétrolières de fosses sur mer vous imaginez à quel point c'est à quel point c'est drastique là bas donc certains aménagements sont absolument interdits du fait",
6507.12,6537.719999999999,"de ses servitudes spécifiques liées à la défense nationale ou à l'exploitation industrielle qui qui peut être extrêmement dangereuse. Petit exemple concret, il y a un an, en février 2024, une entreprise a acheté un terrain proche de Roissy-Charles-le-Gaulle pour y construire un entrepôt. Après analyse, il est apparu que le terrain était classé en zone de nuisance aéroportuaire et soumis à une servitude aéronautique gérée par la DGAC. La DGAC, c'est la Direction Générale de l'Aviation Civile. Ça, je le connais sans avoir besoin de chercher sur Google cet acronyme.",
6538.2,6569.84,"Il est connu. La DGAC a opposé un refus catégorique, catégorique, entraînant une perte financière de 300 000 euros pour l'acquéreur qui n'a pas pu mener son projet à bien. Donc vous le voyez, tous ces terrains non constructibles peuvent être de différentes catégories. Soyons clairs, les terrains militaires, aéroportuaires et aux usages spécifiques, vous n'en rencontrez jamais. Par contre, terrain de loisirs, terrain forestier, boisé, ça c'est très courant, vous en rentrez régulièrement.",
6570.82,6609.48,"Les terrains agricoles, c'est beaucoup plus rare. Inondables ou à risque naturel, quasiment jamais. Vous n'en avez quasiment jamais. Ce qui vraiment vous intéresse, c'est loisirs forestiers boisés et un petit peu agricoles, en termes de terrains non constructibles. Mais vous devez connaître les autres aussi, parce que vous risquez d'y être confronté un jour ou l'autre, c'est évident. Alors, et on va terminer là-dessus, parce qu'il est 54, et puis on est plutôt bien timé ce soir, et après on va bien entendu répondre à toutes les questions que vous avez posées, les questions à se poser principalement,",
6609.639999999999,6642.4400000000005,"c'est bon, moi, quand je rentre un mandat, comment je m'y prends, à quoi je fais attention ? Eh bien, lorsqu'on vend un terrain, les précautions spécifiques qui s'imposent sont déjà, première chose, vérifier, Je vais vous mettre un petit comme ça. Non, je vais vous mettre un petit comme ça parce que je n'en ai pas encore fait aujourd'hui. Voilà, c'est plus joli. Premièrement, vérification du PLU. Vérification du PLU pour connaître la zone.",
6643.22,6680.12,"Et je vais vous mettre ici, zonage. Pour connaître la zone dans laquelle on se trouve. Est-ce qu'on est en zone U, en zone AU ou en zone AN ? est-ce qu'on pourra construire quelque chose là-dessus ou pas ? Parce que le vendeur, il a beau dire « je connais le maire, machin, mais non, mais c'est bon, ça passe, j'arrangerai ça », non, on est dans la bonne zone ou on n'est pas dans la bonne zone. Donc, première chose, vérification du PLU. Deuxième chose, demande d'un certificat d'urbanisme.",
6680.12,6710.139999999999,"Le certificat d'urbanisme, le A, c'est-à-dire le certificat d'urbanisme d'information, qui nous permettra de confirmer ça. Le certificat d'urbanisme B, on ne le demande que lorsqu'on a un acquéreur qui a un projet spécifique, bien sûr. Donc, on ne s'en occupe pas pour l'instant. ensuite parce que là j'ai des exemples",
6710.139999999999,6741.52,"un agent immobilier de Bordeaux j'en ai mis un petit peu trop j'ai fait des copier-coller je me suis un peu éclaté là-dessus un petit peu trop bien entendu vous devez demander les documents habituels que sont le titre de propriété ou l'attestation notarié de propriété Alors, pourquoi il est préférable de demander un titre de propriété à une attestation de propriété ?",
6741.52,6785.179999999999,"Quand je dis attestation de notarié, ça veut dire qu'elle doit être tamponnée, signée du notaire. C'est une évidence. Il vaut mieux demander le titre, pourquoi ? Parce que les éventuelles servitudes ne figurent pas, ou extrêmement rarement, le notaire peut les mettre, mais dans les faits, il ne le fait jamais. C'est dans le titre de propriété que le notaire indique les servitudes de passage, d'écoulement, de je ne sais pas quoi. C'est la raison pour laquelle le titre de propriété est infiniment préférable à l'attestation de propriété et vous devez le consulter et en faire une copie dans son intégralité. Mais, soyons réalistes, le titre de propriété c'est un document que nous n'obtenons que dans un petit nombre de cas. Dans la majorité des autres cas, nous arrivons à obtenir l'attestation.",
6785.18,6816.740000000001,"Parce que le titre de propriété, le vendeur, il ne l'a pas toujours. Souvent, le notaire l'a gardé, il ne le lui a pas donné. Il l'a gardé comme ça, il s'est dit, le titre de propriété est au chaud, le vendeur ne le perdra pas. Et puis, ça permet de garantir au notaire que quand le vendeur, l'ancien acquéreur, deviendra vendeur, il repassera par le même notaire parce qu'il aura le titre de propriété. Vous voyez, les notaires, ils ont une boutique à faire tourner quand même aussi. Donc, ils ont des petites astuces. Ils gardent les titres de propriété pour préparer les ventes futures. donc l'attestation de propriété",
6816.740000000001,6848.719999999999,"celle-là il n'y a pas de problème on l'obtient toujours parce que quand il a acheté il y a quelques années notre vendeur d'aujourd'hui quand il était acquéreur l'attestation de propriété le notaire lui en a donné 3-4 et il a dit faites-en des photocopies et il les a envoyées aux impôts, à la cantine des enfants à l'école, au machin, au truc il a envoyé ça partout à EDF, à Orange ou que sais-je encore donc l'attestation de propriété il en a eu donc vous devez toujours avoir l'un des deux titre de propriété ou attestation de propriété pour prendre le mandat, vous ne pouvez jamais prendre un mandat sans l'un de ces",
6848.719999999999,6880.639999999999,"deux documents, le titre de propriété c'est mieux, mais bon si on ne peut pas l'avoir, on ne peut pas l'avoir, on ne va pas en faire une jaunisse, bien entendu bien évidemment vous devez absolument consulter le cadastre je vais mettre un semélus, pile quand même vous devez impérativement consulter le cadastre pour vérifier les limites de la parcelle. Alors ça, aujourd'hui, c'est très simple. Pourquoi ? Parce que le cadastre, on l'a directement ici disponible sur Internet.",
6880.8,6925.86,"Alors, il y a le site cadastre.gouv.fr. Moi, je ne l'utilise pas parce que je le trouve très mal fait, très difficile, très pénible à utiliser, alors que Géoportail Cadastre, pour moi, est beaucoup mieux fait, beaucoup plus facile à utiliser. Imaginons que j'aille ici regarder, je ne sais pas où vous voulez qu'on aille, 125 rue des Alouettes, pas Paris, pas Nanterre, pas Nantes, j'aurais préféré qu'on aille à la campagne pour que ce soit vraiment des parcelles cadastrales, donc on ne va pas aller rue des Alouettes, on va aller rue des Pigeons, il y a des rues des Pigeons quelque part, ah, à Eggbolsheim, voilà rue des Pigeons, ah non c'est une ville, on va aller par là.",
6926.66,6960.72,"Voilà, on va aller ici dans le coin campagnard de la ville des Bolsheï. Que je rentre ce petit terrain qui est là, la parcelle 93, ou que je rentre la parcelle 157 avec une maison dessus, c'est pas grave. J'ai la possibilité ici de vérifier où commence ma parcelle, où s'arrête ma parcelle. J'ai plein de petits outils ici qui me permettent de mesurer des distances, mesurer des surfaces, etc. Par exemple, imaginons que je commercialise ici la parcelle 41.",
6961.28,6992.92,"Je peux prendre ici le petit outil « Mesurer une surface » et regarder... Je vais là. Je vais là. Si vous faites un tout petit peu attention, vous verrez que le résultat est tout à fait précis. Voilà. Et voilà, ma parcelle fait 925 m², 74. et je vous assure que c'est précis si vous faites un tout petit peu attention donc ça vous permet de vérifier où elle commence, où elle s'arrête, la parcelle que vous allez",
6992.92,7022.96,"commercialiser, qu'elle soit constructible, non constructible, construite enfin on appelle ça bâti, bâti ou non bâti ça vous permet au passage de vérifier ce petit outil, alors attendez je vais enlever les mesures ça vous permet au passage de vérifier ce petit outil, il a quelque chose de très intéressant, il vous permet de vérifier si les... Où est-ce que j'en ai une ? Ça, c'est une piscine hors-sol. Donc, ça compte pas. Mais ça vous permet de vérifier si les accessoires",
7022.96,7054.74,"à la maison, là, bien sûr, on est en Alsace, il fait pas très très très très très chaud. Si les piscines ou si les cabanes de jardin, les apprentis, ont bien été déclarées au cadastre ou pas. C'est utile parce que regardez, voyez là, les petites cabanes de jardin, là, les petits machins. Voilà. Ici, vous voyez qu'elles sont référencées au cadastre. Elles sont inscrites ici. Si j'avais une petite cabane de jardin ici ou une petite dépendance qui ne soit pas inscrite au cadastre, je pourrais me dire « Oups ! J'ai un problème. J'ai un problème de piscine ou de",
7054.74,7086.379999999999,"je ne sais pas quoi de non référencée. » Alors ça, vous pouvez le faire également grâce à TactiKimo qui le fait très bien. Je n'ai pas vu de piscine ici. Il faudrait qu'on aille dans le sud. Regardez si on va du côté de chez Marjorie. Là, il y aura des piscines. On va en voir plein. Enfin, on ne va pas passer la soirée sur des piscines, mais vous pouvez vérifier partout en France. Ça, ce sont des bois, ce sont des forêts. Vous pouvez vérifier partout en France les piscines. Regardez, ici, on a une piscine. Et vous voyez que, alors, le petit dessin du cadastre est un petit peu décalé, mais on voit qu'elle est inscrite au cadastre,",
7086.52,7121.58,"cette piscine. C'est une piscine officielle. Alors, peut-être qu'elle ne fait pas exactement la taille qui a été déclarée à la mairie ou que sais-je encore, mais en tout cas, c'est marrant d'ailleurs d'avoir une piscine. Ah ben non, il y a une maison là. J'allais dire, une piscine n'a pas de maison il ya des maisons tout ici si votre piscine ici elle n'avait pas le petit dessin dessus pourriez vous dire c'est une piscine marseillaise c'est pas une va regarder ici voilà ici on a une maison et une piscine qui sont pas inscrits alors peut-être qu'il ya",
7121.58,7154.22,une erreur à l'urbanisme mais regardez ici la maison et la piscine sont toutes les deux présente là on a la maison et la piscine moi je serai négociateur on me dit venez prendre le mandat je me dis tiens on va vérifier l'urbanisme quand même parce que là vous pouvez pas vendre ça là ça va vous retomber sur le pif alors peut y avoir une erreur à l'urbanisme c'est possible ce serait surprenant donc vous devez aller bien entendu consulter le cadastre c'est maintenant,
7154.22,7188.72,directement disponible depuis votre ordinateur pas besoin de vous déplacer c'est gratuit c'est disponible directement ici sous vos yeux ok donc bien entendu vous demandons vous vérifier le plu vous demandez certificat d'urbanisme à éventuellement le b quand vous aurez un acquéreur le titre de propriété l'attestation notarié de propriété le cadastre bien entendu vous demandez également le rp c'est à dire l'état des risques et pollution alors ça on est en train,
7188.72,7220.96,"de travailler on avait fait des essais c'est ça ça marche pas hyper bien bon ça je suis pas en train de vous dire ça arrive bientôt parce que ça marche pas super super super bien c'est C'est l'intégration automatique dans Eglantine de GeoRisks. GeoRisks, c'est le site qui vous permet, là encore, vous mettez une adresse, 12, allez, j'ai envie d'aller à la campagne Saint-Denis, Toulouse, ça ne me plaît pas, Rennes.",
7222.839999999999,7257.92,"Allez, on va aller à Nantes, tant pis. Et vous avez directement tous les risques de séismes, d'inondations. Vous pouvez télécharger le rapport des risques. Vous avez accès à tout ça et également sur le site de la préfecture. Nous avions travaillé à un outil qui met dans les bons de visite sur Eglantine un petit QR code qui permette à l'acquéreur de flasher ça et d'aller directement le retrouver ici, le petit rapport de risque, etc.",
7257.92,7298.66,"Ça marche très mal parce que la compatibilité entre l'API de GeoRisk et Eglantine, machin, bon, ce n'est pas encore au point du tout. Donc ça, je ne vous dis pas, ça va arriver très vite. Mais au cours de l'année, je pense vers, j'imagine, j'espère vers la rentrée scolaire, c'est-à-dire vers septembre, vous pourriez avoir un petit QR code dans… Ah, d'ailleurs, je vais vous en montrer un autre QR code. Un petit QR code dans Eglantine qui vous permettrait de directement avoir sur le bon de visite. Comme ça, l'acquéreur, on sait qu'il a eu son état des risques obligatoire.",
7298.66,7334.12,"Un autre petit QR code dont je me suis aperçu, peu d'entre vous connaissaient l'existence et pourtant j'en ai déjà parlé plusieurs fois en visio. Alors, je vais aller vous chercher ici. Là, j'ai enlevé mon truc, c'est normal. C'est tout à fait normal, ne soyez pas surpris. On va regarder un mandat de Sabrina. Sur ce produit à Ferrol, Ferrol, Proche, Jargeau, en exclusivité.",
7335.059999999999,7365.240000000001,"Bien sûr, en exclusivité. Vous croyez que Sabrina travaille pour les prunes ? Non. De ce point de vue-là, on a des agents qui sont des modèles. C'est Sabrina, c'est Laurent, pas mal, c'est Géraldine, etc., sur l'exclusivité. Elles sont d'une rigueur, c'est un modèle. Sur tous vos produits dans Eglantine, vous avez un petit QR code là-haut. Vous le voyez, ce petit QR code ? Ce petit QR code, flashez-le avec votre téléphone à la maison.",
7365.24,7395.46,"prenez votre téléphone et flashez le QR code j'attends je vais boire un petit peu d'eau pendant ce temps là ce petit QR code qui a été généré automatiquement par Eglantine, je peux l'enregistrer en image haute définition dans mon ordinateur le voici hop",
7395.46,7425.98,c'est un QR code haute définition je peux le prendre pour le mettre sur mes flyers pour le mettre sur ma voiture pour le mettre où je veux qui l'a scanné avec son téléphone on ne le voit pas dit Sabrina vous pouvez zoomer si vous voulez flashez-le avec vos téléphones qui l'a fait alors qu'est-ce que ça donne ? et bien quand je le flash avec mon téléphone,
7425.98,7462.2,"alors je vois un certain nombre Corinne, Catherine, Hélène Olivier aussi les autres, faites-le ce petit QR code me mène directement vers la fiche produit alors la fiche produit qui contient une maquette interactive comme l'a fait Sabrina ici ou qui contient tout simplement lorsqu'il n'y a pas de maquette interactive les photos du bien avec vos coordonnées directes, avec le prix, les informations légales, le DPE, le machin, le truc, etc.",
7465.559999999999,7496.8,"Ce petit QR code, il est sur tous vos produits dans Aiglantine, tous. Ce qui vous permet déjà d'accéder facilement à la visite virtuelle ou à la fiche produit depuis Aiglantine, mais également ce petit QR code vous le téléchargez et vous le mettez sur un flyer vous le mettez sur ça on va en reparler bientôt sur un set de table chez le dans les restaurants vous savez les sets de table en papier ça on va en reparler lors d'une prochaine visio",
7496.8,7528.280000000001,"les sets de table, on en a déjà parlé bien sûr, et vous mettez 2-3 petits QR code comme ça de produits que vous avez en vente premièrement ça vous fait de la pub mais surtout Ça vous permet de faire de la pub pour votre technologie et vos services à haute valeur ajoutée. Ces petits QR codes, ils sont là, je ne sais pas, depuis un an et demi, deux ans. Et je me suis aperçu récemment que plein d'entre vous me disaient, « Ah non, je ne l'avais jamais vu. » Bon, c'est vrai qu'il n'est pas très gros ici, il n'est pas gigantesque. Donc, vous cliquez là et vous avez le QR code propre à ce produit-là,",
7529.2,7560.68,"qui est lui-même cliquable pour accéder à la fiche. Alors, question rapide, qu'est-ce qui se passe si nous découvrons un bien, piscine, chalet, qui n'avait pas été déclaré à l'origine ? C'est très simple, il faut régulariser. Tout est régularisable. Tout le monde dit je ne le trouve pas, je ne le trouve pas. C'est en page 1 du mandat, en haut à droite. Page 1 du mandat, en haut à droite.",
7560.68,7592.3,"C'est sur tous les mandats qui sont en cours, qui ont une photo pub et qui ont une visite virtuelle. Ou qui ont une visite virtuelle, excuse-moi. Qui ont des photos pub ou qui ont une visite virtuelle. En page 1, si vous cherchez sur la page 2, il n'y est pas. Regardez, page 2, il n'y est pas. C'est vraiment sur la page 1 qu'il se trouve. Donc, si nous découvrons un bien piscine-chalet qui n'a pas été déclaré à l'origine, il suffit de régulariser à la mairie. Ce n'est pas compliqué. C'est assez facile. J'avais fait des visios là-dessus l'année dernière",
7592.3,7627.5,"quand on a parlé du badminton. L'immense majorité des irrégularités d'urbanisme sont régularisables. C'est trop rare qu'elles ne soient pas dans des conditions bien particulières, bien spécifiques. Avant tout, si vous tombez sur un truc comme ça, vous nous prévenez, puis on va vous aider, on va vous guider. C'est tout simple. C'est aussi simple que ça. Alors, j'enlève ça, pouf, et on retourne ici. Donc l'ERP, vous aurez bientôt un petit QR code qui vous permettra de le récupérer également.",
7627.72,7659.4,"Ça permet de vérifier les risques d'inondations, les risques sismiques, les mouvements de terrain, la pollution des sols, une éventuelle ancienne activité industrielle, la présence de radon, ça c'est en particulier en Bretagne ou dans le massif central, c'est-à-dire des régions très granitiques qui peuvent contenir plus de radon que dans la moyenne de la croûte terrestre, ou des polluants atmosphériques etc j'avais un exemple là d'ailleurs avec un truc comme ça où est-ce qu'il est ?",
7659.4,7689.62,"ça c'est un exemple avec la zone inondable rouge j'étais persuadé d'avoir pris ou alors je ne l'ai pas copié-collé, je ne l'ai pas mis j'avais un exemple de terrain non comme ça avec le... Bon, je vais voir si je le retrouve plus tard. J'avais un exemple avec un terrain non dépollué, comme ça, qui avait été caché à l'acquéreur, mais je",
7689.62,7719.919999999999,"ne le trouve plus. Bon, on verra plus tard. Et bien entendu, également, ça vous le savez, on l'a déjà étudié plusieurs fois, les éventuelles études de sol qui sont obligatoires dans certains cas pour les terrains situés en zone d'aléas moyen ou fort de retrait gonflement des argiles alors là encore, comment je sais qu'on est dans une zone d'aléa moyen ou fort de retrait gonflement des argiles et bien je retourne, je l'ai fermé ma page",
7719.919999999999,7761.900000000001,"c'est pas grave, je vais la rouvrir ici, je retourne sur Géoris voilà on va aller dans la ville de Noailly par exemple, pourquoi voilà parce que je suis intervenu il n'y a pas longtemps sur un truc dans cette dans cette ville là je ne sais pas si marc est avec nous mais marque il est originaire du coin si je me dis oh non marqué pas avec nous aujourd'hui et vous voyez que ici on est alors c'est à quel endroit",
7761.9,7795.18,"Le problème c'est que je n'ai plus l'adresse précise du truc, mais il y a une adresse précise où on est en zone moyenne de retrait gonflement des argiles. Là on voit qu'on est en zone modérée, risque modéré, donc on n'est pas concerné. Mais c'est un petit peu ailleurs dans la commune. Je n'ai plus l'adresse, c'est pour ça que je suis incapable de vous le ressentir. Mais on aurait un risque moyen, mais éventuellement un risque fort. Je ne sais pas si certains d'entre vous, vous avez en tête une adresse avec un risque fort.",
7795.18,7827.8,"Alors, 14, il y a une rue de la Vache quelque part. Il y en a plein à Pamier. Allez, on y va. Et là, retrait gonflement des argiles, risque important, risque fort. Alors là, on sait qu'il nous faut les études de sol nécessaires. Monsieur le vendeur, avez-vous fait l'étude de sol nécessaire ? Alors, on ne va pas revenir sur les études de sol dans le détail, les études G1, les études G2, etc. Dites-vous juste que l'étude G1, c'est l'étude qui est obligatoire",
7827.8,7866.42,"dès qu'on est dans une zone de retrait, gonflement des argiles à risque fort ou moyen. Et après, il y a les études G2 qui sont, c'est un petit peu comme le certificat d'urbanisme, d'information ou opérationnel. Le G2, c'est pareil, c'est pour les solutions techniques propres à ce terrain lorsqu'on veut faire des constructions particulières. On y reviendra si vous voulez, on peut refaire une autre vision là-dessus à l'avenir. Ça, c'est tout à fait possible. Tiens, Petit exemple, à Montpellier, un terrain qui a été vendu sans étude de sol s'est révélé instable après des pluies intenses, provoquant un effondrement du terrain.",
7867.08,7900.4,"Après expertise judiciaire, le vendeur a été condamné à 50 000 euros de dommages intérêts le 8 novembre 2023 par le tribunal judiciaire de Montpellier. 50 000 euros de dommages intérêts quand même. Vous voyez, ce n'est pas rien. Ce n'est pas rien du tout, du tout, du tout. Alors, dernière chose que vous devez récupérer après les études de sol, ce sont tous les justificatifs de viabilisation et de raccordement.",
7905.82,7940.599999999999,"Parce que le vendeur vous dit, oui, on a fait venir EDF, enfin ce n'est plus EDF, c'est Enedis, oui, on a fait venir ceci, on a fait venir cela. Donc, parfois, ce n'est pas compliqué, vous le voyez, et puis parfois, vous ne le voyez pas, pas du tout. Donc, il a des justificatifs pour ça. Ces justificatifs, vous devez également les demander et les récupérer, parce qu'imaginez derrière que, en fait, ce ne soit pas viabilisé ou pas parfaitement, totalement, complètement viabilisé, vous l'avez vu au-dessus, on avait vu une condamnation un petit peu plus haut,",
7941.32,7971.42,"parce que la viabilisation n'avait pas eu lieu. Donc, il faudra fournir l'attestation de raccordement au réseau et l'étude de viabilisation s'il n'est pas raccordé. En mars 2024, un acheteur à Nice a découvert après l'achat que le raccordement à l'eau potable nécessitait une extension de 250 mètres pour un coût de 35 000 euros. Après action en justice, le tribunal de Nice a condamné le 22 mai 2024 l'agent immobilier à rembourser les 35 000 euros pour défaut d'information.",
7972.759999999999,8003.82,"Ça fait mal un peu. et n'oubliez pas ce qu'on a vu l'année dernière quand on faisait les visioconférences loi allure, le défaut d'information c'est une espèce de fourre-tout dans lequel on peut mettre n'importe quoi pour que ça retombe sur le pif de l'agent immobilier défaut d'information et défaut de conseil et là vous voyez ça lui a coûté 35 000 euros à l'agent immobilier un petit peu lourd quand même les années voilà ce qu'il en est des documents à récupérer alors on en a terminé pour ce soir",
8003.82,8035.2,"on va voir les questions bien entendu ce petit document là je vous le nettoie prépare toujours il ya des trucs en plus à la fin il y avait je me suis dit tiens si on a du temps pour avoir rentré un petit peu sur comment on s'y prend spécifiquement pour commercialiser un terrain il faut du drone il faut des machins il faut des trucs et c'est bon vous l'aurez dans le petit documents. Vous savez, j'en ai mis plus au cas où on avait du temps pour finir l'heure, mais là, il est 20h18,",
8035.3,8068.52,"on a amplement fini. C'était des petits conseils de commercialisation spécifiques, comment on s'y prend pour fixer le prix du terrain, etc. On pourra y revenir, ça ne pose absolument aucun problème. Là, on va voir les éventuelles questions. Julien est déjà parti, ça y est, il en a marre de moi. Je vais me pencher sur mes dossiers de tutelle. Ah oui, Julien, il est sur des dossiers de tutelle en ce moment. recontactons-nous demain pour ça, bien sûr Bonsoir Nicolas, pour une parcelle enclavée",
8068.52,8103.82,"le propriétaire, c'est Guillaume d'Arras qui pose cette question pour une parcelle enclavée, le propriétaire a-t-il un droit de passage également en voiture ou est-il strictement limité au piéton ? Ce droit de passage est-il soumis à une demande ou est-il automatique ? Alors deux choses excusez-moi Le droit de passage, voiture ou piéton ? Alors, ça dépend des caractéristiques du terrain, est-ce que c'est derrière un terrain agricole ou n'importe quoi, mais en théorie, vous devez pouvoir y passer à pied, c'est une évidence, mais également avec des véhicules normaux.",
8103.82,8134.780000000001,"C'est-à-dire, si je veux user de ce droit de passage avec un smear morgue de 39 tonnes, on va me dire non, parce que vous n'avez pas de justification. Derrière, vous n'avez pas une entreprise de transport routier, etc. Il n'y a pas de justification pour de tels engins. Par contre, une voiture, c'est une utilisation normale. Donc oui, à pied, mais également en voiture. Et lorsqu'on est sur des terrains agricoles, éventuellement en tracteur, avec des remorques, avec une faneuse, avec du matériel agricole,",
8134.94,8167.42,"parce que c'est justifié. En tout cas, une voiture, c'est une utilisation normale pour tout un chacun, pour monsieur tout le monde. Donc oui, aussi en voiture. Ce droit de passage est-il soumis à une demande ou est-il automatique ? Eh bien, il se négocie. Il se négocie tout en sachant qu'à partir du moment où un terrain est enclavé, alors aujourd'hui, on n'a plus le droit de faire des terrains enclavés. On n'a plus le droit de faire des découpages de cessions enclavés. C'est pour des terrains anciens. Donc en théorie, ça a déjà été prévu fatalement dans le passé.",
8167.94,8198.78,"Donc vous savez qu'obligatoirement, vous aurez un droit de passage quelque part. Mais de là à dire « il est automatique, moi je décide qu'il sera là, et puis monsieur le propriétaire d'à côté, vous devez vous y soumettre », non, absolument pas. Et dans un certain cas, d'ailleurs, ce droit de passage, enfin ce droit de passage, cette servitude, elle n'est pas gratuite, dans un certain nombre de cas. « Si on trouve un terrain constructible assez grand pour y faire un lotissement, quelles démarches doit-on prendre à notre charge avant de proposer à des promoteurs ? Le découpage des parcelles, le CU opérationnel ? »",
8198.78,8232.16,"Ah, aucun. Alors, les démarches à prendre à notre charge, si vous voulez dire à notre charge financière, aucune. Par exemple, vous parlez de découpage des parcelles, ça, ça coûte cher, il faut faire venir un géomètre, c'est obligatoirement au frais du vendeur. sauf lorsque c'est l'acquéreur qui demande un nouveau découpage cadastral parce que lui, il a un projet particulier. À ce moment-là, c'est à lui de faire venir éventuellement le géomètre.",
8233.26,8264.08,"Les démarches que vous devez prendre à votre charge, en théorie, ce n'est aucune. C'est au vendeur de le faire et éventuellement à l'acquéreur lorsque lui, il a une demande spécifique. Dans les faits, commercialement, il est évident que pour que les choses se fassent plus vite et qu'elles se fassent comme vous avez envie et besoin qu'elles se fassent et bien vous intervenez pour mettre de l'huile dans les rouages donc dans ce cas là n'hésitez surtout pas à nous à nous consulter pour qu'on vous conseille qu'on voit ensemble",
8264.08,8294.68,"ce qu'il est raisonnable de faire mais ça dépend de la bonne volonté du vendeur le vendeur qui a rien envie de faire, qui veut pas bouger, vous allez devoir vous dire je vais faire plus d'efforts je vais aller demander le CU Je vais y retourner à la mairie pour demander le CUB par la suite, etc. Mais aucune démarche qui nécessite des paiements. La diabolisation, par exemple, ça peut être très cher. Il faut faire venir des pelleteuses, il faut faire venir des camions, des machins, de la terre, etc. Ça peut être très très cher.",
8294.78,8326.26,Ce n'est certainement pas à votre charge. Vous prenez à votre charge le coup de main nécessaire pour mettre de l'huile dans les rouages. il y a Eric qui dit on a explosé les statistiques de visite virtuelle de Sabrina ah oui Sabrina vous allez avoir quelques visites virtuelles dans votre mandat là vous allez avoir des statistiques biaisées elles sont où vos statistiques,
8326.26,8358.339999999998,"ah bah oui regardez le produit on vient de le mettre en ligne il y a déjà 23 visites virtuelles de 17 visiteurs uniques oui, effectivement, il ne faut pas le prendre au pied d'alette Sabrina, je ne sais pas si vous regardez beaucoup ces statistiques, mais là il y a des agents du réseau qui sont allés utilisez-le à votre avantage auprès du vendeur bien joué Eric, je n'y avais pas pensé qu'est-ce qui se passe ? on a déjà répondu, je n'avais pas vu les QR codes",
8358.339999999998,8388.48,"nous dit Pierre, en fait il y a peu de gens qui étaient au courant de ces QR codes Sandrine dit non, il n'est pas en page 1. Ah si, obligatoirement. Sandrine, donnez-moi le numéro de mandat que vous avez regardé. On va aller voir ensemble parce qu'il doit être en page 1. Donnez-moi le numéro de mandat. Comme ça, on va regarder ça ensemble. Bonsoir à toutes et à tous. Je dois partir. Ah oui, d'accord. Je vous quitte l'information. Chemin de servitude peut être élargi en adéquation avec les voitures d'aujourd'hui.",
8389.119999999999,8436.24,"Que fait-on si le voisin refuse ? Ah, alors, je ne sais pas s'il y a une grosse différence en largeur entre les voitures d'avant et les voitures d'aujourd'hui. Je n'en sais rien du tout. Je vous avouerai que je n'ai jamais été confronté à ce cas, ma chère Maryse. Mais oui, on peut tout à fait imaginer que si on avait une ancienne servitude et qu'on ne peut plus passer avec les voitures d'aujourd'hui, on peut envisager effectivement d'avoir accès à quelque chose d'un petit peu plus large si c'est une voiture normale. Si effectivement vous avez acheté un vieux véhicule militaire qui fait je ne sais pas combien de mètres de large, là le propriétaire du terrain dira non, vous moquez de moi, mais si c'est une voiture normale qui correspond aux normes d'une voiture normale, je ne me suis jamais posé la question, sincèrement.",
8436.24,8474.1,"Donc, on verra. Alors, Sandrine a regardé le 83 572. Donc, on va le regarder tout de suite. page 1 facile et la regarder voyez il est là clic une maison à brisol au des poutres puisque j'aime ça moi sandrine",
8474.1,8507.56,vous savez comment parler à une maison à la campagne avec des poutres ça y est moi je suis chez moi je pose mes valises donc oui c'est un rôle d'accord donc si elle y est est ce que vous ne la voyez pas les uns et les autres la petite machin la petite pastille à bientôt mathieu à bientôt eric si vous la voyez pas dites le moi peut-être que il ya des tests qui ont été faits ils ont oublié de la remettre ou je sais pas quoi puis je vais vous faire remettre demain donc ça n'hésitez pas à me le dire si certains d'entre vous ne voit pas le petit qr code en,
8507.56,8538.58,"page 1 c'est pas en page 2 1 c'est pas j'en voyais ici il y est pour pour sandrine sandrine dit moi je n'ai pas les autres regardez si vous l'avez ou pas et puis vous me dites et Et si vous ne l'avez pas, c'est que probablement, ils ont fait des tests, des machins, des trucs. Et je vais vous faire remettre demain. Ça, ce n'est rien du tout. C'est vraiment deux clics de souris pour les développeurs. Donc, je n'ai pas non plus les QR codes en bas.",
8538.86,8571.380000000001,"En page 1, mes mandats me disent Corinne. Bon, si Sandrine et Corinne me disent ça, là, vraiment, je ne peux pas remettre ça en cause. Donc, je vais faire tout de suite une copie écran. Je vais faire ça. ensuite je vais faire modifier regardez comment on signale un bug au technicien on leur met un petit truc rouge voilà, enregistré",
8571.380000000001,8610.380000000001,"et je leur envoie le lien tout simplement hop hop hop hop boum C'est fait, ce sera remis demain après-midi, ou ce soir, en mon avis ce sera plutôt demain après-midi, parce que là ils ne sont plus supposés travailler, maintenant on verra. Catherine non plus, Sabrina non plus, bon, on va le faire remettre, probablement il y a dû y avoir des tests, ça c'est entièrement opérationnel, c'est pas un truc qui est en phase de test ou je sais pas quoi, ça c'est entièrement opérationnel.",
8611.02,8644.5,"on va vous le mettre pas d'autres questions ? est-ce que ça a été clair ? oui sur les terrains aussi on peut avoir un QR code c'est pour tous les produits terrain, appartement, maison, c'est pour tous les produits donc à partir du moment où il y a des photos pub ou une maquette et peut-être que le produit est en cours mais je ne suis même pas sûr Mais peut-être qu'il y a un filtre sur les produits en cours uniquement.",
8645.0,8676.82,"Parce que vous avez vu, ça nous mène sur le site alalucarn.com. Et quand un produit n'est pas en cours, on ne peut pas être sur alalucarn.com. Regardez, on va faire un truc. Le produit de Sandrine, je vais le mettre en perdu. Enregistré. Enregistré. Et maintenant, on va voir. Je vide le cache de cette page. je le relance alors là vous voyez quand je le mets en perdu",
8676.82,8709.039999999999,"le QR code fonctionne toujours mais il n'y a pas les prix les superficies etc il y a les informations obligatoires qui ne sont plus là alors que si je le remets en cours hop enregistré hop et là je recharge la page en vide en cache les informations reviennent Bon, c'est comme ça que ça fonctionne pour le en cours. Donc oui, en cours ou pas, le QR code fonctionne, mais avec des informations en moins, mais ça c'est normal, ça c'est tout à fait logique, c'est cohérent.",
8710.099999999999,8742.98,"Par contre, il faut au moins une photocube ou une visite virtuelle, c'est évident. Et pour les terrains, ça marche aussi pour tous les produits. Est-ce qu'on a tout vu ? Oui ? Bon, écoutez les amis, on a terminé. je pense que vous avez envie d'aller dîner c'est évident j'ai essayé Sandrine de vous appeler il y a quelques jours j'ai pas réussi vous étiez sur messagerie j'ai essayé de vous appeler",
8742.98,8775.92,"j'essaierai de vous rappeler peut-être dans les jours qui viennent il y a une petite semaine j'avais essayé de vous appeler après que vous soyez allé chez le véto Bon, on en reparlera Je me suis dit, bon, elle est sur messagerie Elle veut la paix C'est bien normal Bon, en tout cas, je vous envoie vraiment Toute mon amitié En tout cas, est-ce qu'on a tout vu",
8775.92,8807.34,"Les amis ? Oui ? Bon, un peu en déprime J'imagine j'imagine bon en tout cas je suis vraiment avec vous je vais essayer de vous rappeler merci à toutes, merci à tous Marjorie à bientôt Hélène à très bientôt j'espère alors là tout le monde va dire Marjorie c'est à bientôt seulement et Hélène c'est à très bientôt qu'est-ce qu'il se passe non non non, attention je vous connais",
8807.34,8838.26,"en le disant je me suis dit ça va vraiment tomber sur le pif ça remarquez Marjorie, je la vois plus souvent qu'Hélène donc c'est pas et pour nous rien, ça y est Evlan mais si Eric mais si Eric bon merci à tous et merci à toutes en tout cas d'avoir été là j'espère que cette vision vous a intéressé vous a appris 2-3 trucs, alors on a vu pas mal de choses qu'on avait déjà étudié dans le passé bien sûr, mais bon",
8838.26,8864.0,"un petit récap spécifique au terrain merci beaucoup passez une très très bonne soirée et puis je vous dis à très bientôt pas la prochaine visio parce que je serai chez Julien mais après, entre temps bien entendu on sera certainement en contact les uns avec les autres de manière plus directe bonne soirée, à très bientôt et merci à tous",
0.0,30.26,"Alors, bonsoir à tous, bienvenue à cette vidéo. Cet écran-là. Et je prends mon retour pour être sûr. C'est bon. OK. On peut commencer ? C'est bon pour tout le monde ? Oui ? Génial. Alors, merci d'être là. Ça faisait pas mal de temps, je crois, qu'on ne s'était pas vus en visio. ça fait un petit bout de temps",
30.26,61.64,"parce qu'on a eu des déplacements des machins etc on a eu pas mal de trucs du coup on a pas mal de choses à voir alors hop là je prends mes petites notes on a plusieurs annonces à faire déjà première annonce là on va mettre en place ça c'est un outil que je vous avais montré il y a quelques temps et qui est bien finalisé c'est à dire qu'il était finalisé mais on l'a testé, on l'a beaucoup testé, on voit qu'il fonctionne très bien.",
62.58,93.08,"Donc, on va pouvoir le généraliser. Cet outil, c'est une édition automatique d'attestation de mandat. Alors, je vais vous montrer ça. On va aller sur le mandat, par exemple. Hop là, on va aller en Bretagne. voici des mandats bretons je ne connais pas bien la Bretagne mais je suis sûr que c'est très chouette",
93.08,124.58,"que c'est très beau allons voir les mandats de Guy Guy qui est avec nous d'ailleurs bien écoutez, Guy je tiens à le féliciter je lui ai déjà dit au téléphone individuellement mais Guy vient de faire sa première vente sur un terrain en Bretagne donc félicitations à lui, bravo c'est en cours de préparation chez le doter donc félicitations à Guy pour sa première vente la première vente on sait tous que c'est quelque chose d'un peu particulier on s'en souvient c'est comme obtenir le permis de conduire",
124.58,158.78,"ou le bac je sais pas c'est un truc dont on se souvient donc bravo à Guy félicitations pour votre première vente c'est une très chouette nouvelle alors voici les mandats de Guy la chose que je veux vous montrer c'est un outil et 17 mandats Pierre nous dit, comment Pierre voit les maïsons ici sous les yeux ? Ben oui, alors, et 17 mandats, ce n'est pas bête ce que nous dit Pierre. Pierre nous dit, et 17 mandats, félicitations. Je vous le dis effectivement depuis tout le temps, mais en particulier depuis le début de la crise,",
158.78,190.68,"on le sait aujourd'hui, plus que jamais, le succès commercial est directement, intimement lié au nombre de mandats. Donc, vraiment, rentrez le maximum de mandats. À la différence d'avant la crise, où je vous disais qu'il faut avoir un portefeuille de mandat en nombre suffisant, et voici les ingrédients qu'il faut avoir dans votre portefeuille de mandat en termes de localisation, de type de biens, etc. Aujourd'hui, je vous dirais non, c'est la crise, vous rentrez tout ce qui passe. Tout, tout, tout, tout, tout.",
190.68,225.5,"C'est beaucoup plus important d'avoir des mandats tout court, même s'ils ne sont pas super, que d'en avoir des très beaux, mais pas assez. Aujourd'hui, le marché est comme ça. Donc, bravo à vous, mon cher Guy. Alors, on va prendre quelques mandats de Guy. La chose qui est importante, c'est que l'outil que vous allez tous avoir dans votre églantine dans quelques jours, je pense vendredi soir, c'est un outil qui ne fonctionnera, et c'est volontaire, ça n'est pas un bug. c'est pour des raisons de fiabilité, que sur les mandats électroniques.",
226.8,257.74,"Excusez-moi, je me suis cassé la gorge. Ça ne fonctionnera pas sur les mandats manuels, en tout cas pas dans un premier temps, peut-être que bien plus tard, si on arrive à fiabiliser la rentrée des mandats manuels, on verra. Mais pour l'instant, et c'est normal, ça a été choisi comme ça, ça ne sera que sur les mandats électroniques. De quoi s'agit-il ? Eh bien, il s'agit de l'attestation de mandat. L'attestation de mandat que vous voyez ici, généralement, vous la demandez à l'animation.",
259.12,292.74,"Et l'animation vous dit, transmettez-nous la demande du notaire pour ne pas faire des attestations de mandat à tout grain, comme ça, sans véritable utilité. Aujourd'hui, vendredi soir, vous aurez dans votre réglementine un bouton qui vous permet d'éditer automatiquement l'attestation de mandat. ensuite vous faites bouton droit de la souris enregistrer sous et voyez vous l'enregistrer sur votre ordinateur directement elle est déjà bien nommé attestation underscore mandat le numéro de mandat votre prénom votre nom a envoyé par e-mail au notaire alors bien entendu vous le savez je vous le",
292.74,323.02,"répète je vous le redis je vous le rabâche on ne donne jamais le mandat l'offre le don de visite ou quoi que ce soit au notaire si vous faites de ça, vous tomberez sur des notaires qui vont mettre vos ventes en l'air. Sur la base de « j'estime que la virgule n'est pas au bon endroit, la date n'est pas écrite dans la bonne police de caractère, j'en vente à moitié » parce qu'on tombe parfois sur des notaires ou des clients",
323.02,353.86,"qui inventent tout et n'importe quoi pour vous éliminer de la vente. Avec cette attestation de mandat qui fait foi, légalement, le notaire qui vous demande le mandat Non pas parce qu'il a une idée malsaine en tête Le notaire qui vous demande le mandat Tout simplement parce qu'il veut avoir un dossier complet Vous ne lui donnez pas le mandat Vous ne lui donnez pas l'offre d'achat Vous lui donnez ce document Qui est édité automatiquement Il y a l'identité des clients Il y a l'adresse du bien",
353.86,384.36,"Il y a la date du mandat Qui vous le savez est une information protégée de la loi Auger Et il y a le numéro du mandat Qui vous le savez est une information protégée de la loi Auger ça, ce petit bouton vous l'aurez donc tous dans vos églantines vous voyez là je suis sur un mandat c'est normal je suis dans mon églantine il est dans toutes les églantines dans tous les mandats, vous voyez il est ici aussi il est sur le troisième mandat également, vous voyez on arrive là-haut alors là effectivement",
384.36,415.02,"on voit effectivement que Guy est en Bretagne Erwann Rosé et Gwenaëlle Jiquel, je ne sais pas comment on peut faire plus breton que ça. Remarquez-ci, on peut faire plus breton. Nous, un jour, on a eu un agent qui s'appelait Erwan Kerlerou. Erwan Kerlerou. C'était un brestois. Inutile de vous dire que lui, effectivement, il n'était pas corse. Donc, ce sera pour tous vos mandats électroniques, dans vos",
415.02,445.76,"églantines, vendredi soir. Ok ? Donc ça, c'est une première petite annonce. Alors, vous allez me dire, c'est pas ça qui va changer la face du monde, mais bon, c'est une petite facilitation. Je vous en avais parlé déjà dans le passé. Je vous avais dit qu'on travaillait là-dessus. Je vous avais dit que c'était terminé. Je vous avais dit qu'on était en train de le tester. Il a été bien testé, cet outil. On sait qu'il fonctionne bien. Il n'a pas de problème. Donc, c'est bon. Vous l'aurez à partir de vendredi soir. ça c'est une première petite chose deuxième chose",
445.76,477.82,vous le savez lorsque vous saisissez un mandat nous avons toujours le petit problème de alors ça c'est un truc pour les bêta testeurs c'est pas pour tous les agents pour l'instant quand vous mettez ici l'adresse l'outil va chercher les DPE directement et parfois il n'en trouve pas regardez ici il écrit existe-t-il un DPE pour ce bien,
477.82,508.46,"soit parce que le DPE n'a pas encore été fait soit parce que ce produit n'est pas soumis au DPE c'est pour ça que vous vous répondez tout simplement aux questions est-ce qu'un DPE existe pour ce bien non, un DPE n'existe pas pour ce bien pourquoi ? Soit parce qu'il n'a pas encore été fait, soit parce que ce bien n'est pas soumis au DPE. L'un des deux. Par contre, donc là c'est normal, vous choisissez le cas correspondant.",
508.9,538.96,"Par contre, imaginons qu'un DPE ait effectivement été fait pour ce mandat. Je relance le truc. Ça peut me le sortir ici, directement. Alors, ça c'est une discussion que j'avais avec Joachim il y a 5 minutes, juste avant la visio. Si vous cliquez sur le numéro qui est ici, ça vous emmène directement sur le site de l'ADEME pour aller vérifier que c'est le bon OEPE, au cas où vous avez un doute. On va changer ça parce qu'effectivement, ce n'est pas très intuitif.",
539.12,570.44,"Joachim cliquait dessus, il disait « je ne comprends pas, je n'arrive pas à le valider ». Je lui ai dit « c'est normal, ça emmène sur le site de l'ADEME, en fait, il faut cliquer à côté sur la ligne ». Donc ça, on va changer un peu le design, tout simplement, pour que ce soit plus précis. Enfin, pas plus précis, plus intuitif. Vous cliquez ici sur la ligne et là, si je ne clique pas sur le numéro à gauche, Je clique sur l'envie, ça me sélectionne le DPE et ça me demande une petite confirmation. Mais maintenant, retournons dans le cas d'une adresse qui, elle, n'a pas de DPE.",
571.9000000000001,603.3399999999999,"Excusez-moi. Je crois que celle-ci n'en a pas. Voilà. Un DPE existe-t-il pour ce bien ? vous pourriez tout à fait tomber dans un cas où, ben si, il y a un DPE, je l'ai sous les yeux. Pourquoi l'outil ne me le trouve-t-il pas ? On a mis du temps à comprendre, je vous en ai déjà parlé de ça dans d'autres visios, on a mis du temps à comprendre parce qu'on n'avait pas d'explication, il a fallu que, alors qu'on trouve tout seul,",
603.64,635.88,"je vais être honnête, c'est Thierry qui a trouvé, c'est pas moi. Alors, j'ai un DPE, il est là sous les yeux, pourquoi n'est-il pas répertorié, pourquoi est-ce que l'outil ne le trouve-t-il pas ? Eh bien, tout simplement parce que, alors s'il y a un DPE à jour, s'il y a un vieux DPE qui n'est plus à jour, qui date d'avant la réforme du 1er juillet 2021, c'est normal qu'elle ne le trouve pas, ils ne sont plus valables. Vous savez que désormais ne sont valables que les DPE établis à partir du 1er juillet 2021.",
636.28,670.64,"Tous ceux qui ont été faits avant, malgré la date de validité qui à l'origine était de 10 ans, sont désormais périmés du fait de cette réforme. Donc, j'ai un DPE qui date d'après, mais ils ne le trouvent pas. C'est parce qu'en fait, la base de données de l'ADEME sur laquelle on va chercher les DPE, elle n'est mise à jour qu'une fois par mois. Une fois par mois. Ça veut dire qu'aujourd'hui, on est le 13 mars, imaginons que j'ai un DPE entre les mains qui a été fait le 8 mars,",
670.9,701.48,il est enregistré à l'ADEME mais l'ADEME ne nous le fournit pas parce que la base de données à laquelle l'ADEME nous donne accès à travers le petit connecteur qu'on appelle un API n'est remise à jour que tous les mois une fois par mois donc ça veut dire que mon DPE qui a 3-4 jours je ne le trouve pas parce que nous n'y avons pas accès ça c'est une chose qui est en train de changer l'ADEME est en train de faire des mises à jour bientôt la mise à jour,
701.48,736.74,aura lieu chaque semaine donc on aura beaucoup moins de chances de ne pas trouver le DPE ici alors qu'il existe à partir du moment où il aura plus d'une semaine Eglantine devrait pouvoir le trouver par contre un DPE qui a été fait la veille ou l'avant-veille vous ne le trouverez pas tout de suite il y aura beaucoup moins de cas de DPE existants mais que je ne trouve pas donc ça c'est plutôt bonne nouvelle on pourrait espérer qu'ils mettent à jour en temps réel parce que la raison pour,
736.74,769.8000000000001,laquelle c'est un petit peu crétin c'est que la base de données de l'ademe et les mises à jour la base de données de l'ademe en temps réel c'est à dire qu'à partir du moment où un diagnostiqueur enregistre un dpe le jour même allez on va dire au pire le lendemain il envoie tout à l'ADEME la base de données est à jour. Par contre l'accès à la base de données que l'ADEME nous donne à nous les professionnels n'est mis à jour qu'une fois par mois et bientôt une fois par semaine. C'est idiot parce qu'en fait leur base de données pourrait être à jour en temps,
769.8000000000001,799.98,"réel y compris pour nous mais bon ils n'ont visiblement pas envie. Donc bonne nouvelle Mais cependant, ça va plutôt améliorer les choses que de les abîmer. Alors, ensuite, si vous le voulez bien, on passe à une question qui nous a été posée par Corinne tout à l'heure. Corinne de Tour. Juste avant la vision. 5 minutes avant, 10 minutes avant, je ne sais pas.",
800.3,834.08,"Mais c'est une question qui, effectivement, trouve naturellement sa place ce soir. La question posée par Corinne est la suivante. « Le potentiel vendeur qui voudrait profiter de la reprise du marché, mais avec un départ prévu en juin 2026, me demande comment mettre en vente leurs biens avec jouissance différée à cette date. Ce type de vente est-il déconseillé ? » Alors, c'est quelque chose qu'on rencontre relativement fréquemment, c'est une vente différée ou une vente longue. Selon les cas, c'est un peu l'un ou un peu l'autre.",
834.08,878.18,"ça peut être pour plein de raisons ça peut être pour plein de raisons là c'est une raison, alors moi je vais vous répondre sur la faisabilité maintenant la pertinence commerciale ça c'est une autre question que moi j'ai beaucoup plus de mal à juger parce que je ne connais pas la situation des vendeurs je ne connais pas les vendeurs et on va quand même se la poser juste après juridiquement, administrativement comment ça marche ? Oui c'est tout à fait possible On peut très bien imaginer avoir un vendeur qui vous dise « je mets en vente maintenant pour ne pas perdre de temps, mais attention, je ne serai muté à Bordeaux qu'en septembre, donc je ne peux pas déménager dès que la maison est vendue ».",
878.18,910.0,"parce que normalement c'est ça la règle, on met en vente aujourd'hui, c'est pour une disponibilité, on va dire presque immédiate, le temps de la vente, je mets en vente aujourd'hui, vous trouvez un acquéreur, monsieur l'agent immobilier, une fois que vous avez trouvé un acquéreur, on va chez le notaire, les trois mois de notaire, trois mois après, je m'en vais. Ça c'est la règle dans la très grande majorité des cas. Mais parfois, je veux vendre maintenant, mais je ne m'en vais pas juste après, Je ne peux pas, je serai muté en septembre.",
910.8,951.7,"C'est souvent le cas d'une mutation, très souvent le cas d'une mutation. Après, ça peut être pour raison familiale, ça peut être une naissance, ça peut être un divorce, ça peut être plein de choses qui commandent au vendeur de différer un petit peu le départ de la maison. On peut faire ça de plein de manières, on peut même envisager dans certains cas, on ne va pas s'apesantir sur cette possibilité maintenant, mais on peut imaginer dans certains cas, Ça arrive même une location lorsque c'est une vente vraiment très longue. Trouvez-moi un acquéreur. Moi, il faut que je reste encore un an dans la maison, mais je vais leur payer un loyer. Vous pouvez l'imaginer, ça existe, on l'a déjà fait.",
951.7,982.66,"Là, Corinne nous dit que, et c'est pour ça que je me pose un peu plus la question de la pertinence commerciale, ils veulent profiter de la reprise du marché, mais avec un départ prévu en juin. La reprise du marché, là je vous demande à tous et à toutes, est-ce que vous la voyez vraiment ? répondez moi sur le chat ça m'intéresse vraiment beaucoup parce que j'en parle individuellement à chacun d'entre vous lorsque je vous ai au téléphone",
982.66,1013.6,"bien sûr, il y a à chaque fois qu'on est au téléphone pour n'importe quoi vous m'entendez vous dire deux choses, premièrement comment ça se passe par chez vous, est-ce que ça reprend ça bouge, ça bouge pas et on en parle et la deuxième chose que je vous dis invariablement c'est rentrez des mandats plein de mandats, plein plein plein de mandats restez pas comme ça sans mandat, rentrez des mandats vous m'entendez toujours dire la même chose maintenant je vous pose la question collectivement à tous est-ce que vous voyez un peu une reprise du marché est-ce que ça bouge un petit peu",
1013.6,1044.48,"ou est-ce que c'est toujours un petit peu mou est-ce qu'il ne se passe pas grand chose dites-le moi sur le chat alors Isabelle me dit non Hugues me dit non Pierre dit un léger mieux Julien dit oh que oui, belle reprise dans notre secteur alors sachant que c'est Julien, je me demande s'il parle pas d'une reprise de volet au football ou un truc comme ça donc est-ce qu'il parle bien d'une reprise immobilière Catherine nous dit",
1044.48,1079.82,"avec les événements mondiaux, pas vraiment Maryse dit pas de reprise Cathy nous dit ça a bougé un peu plus en début d'année mais c'est pas toujours sérieux jusqu'au bout Corinne nous dit, de mon côté j'ai l'impression que le marché reprend, j'ai à nouveau des demandes visite depuis quelques semaines excellent nouvelle super laurent dit c'est vraiment par vagues non pour ça bien julien dit plein lucarne ok j'avais raison c'est chimique pour joachim pas terrible pour marc actuellement mais je pense que ça va le faire dans les mois qui viennent ces mots pour valérie en dordogne ici oui ça sent bouger vraiment par ta petit mot souvent mais bon",
1079.82,1112.42,"effectivement je suis souvent à l'hôpital avec mon fils donc ça c'est une autre question qui qui peut effectivement entraver votre activité, ma chère Véro. Alors, une chose est sûre, je le répète encore, vous allez vraiment dire que je suis lourdingue, mais vous savez que je suis lourdingue avec ça comme avec le reste. Plus vous rentrerez de mandat, plus vous aurez des chances, effectivement, de… Vous m'entendez parfois dire qu'il faut provoquer les opportunités. Il ne suffit pas de les saisir quand elles passent, parfois il faut les créer et les provoquer. Et inévitablement, vous aiderez à créer et provoquer des opportunités",
1112.42,1162.0,"en ayant plus de mandats. Ça, il n'y a aucun doute. Alors, je sais très bien que c'est très facile à dire pour moi, depuis mon fauteuil dans mon bureau, que pour vous, affaire sur le terrain, j'en suis conscient. Je ne suis pas en train de vous dire « du don, les feignasses, il va falloir se bouger maintenant ». Pas du tout. Je me rends bien compte que ce n'est pas évident, ce n'est pas facile, mais il faut vraiment, vraiment travacher sur la rentrée de mandat. C'est comme ça que vous allez créer vos opportunités. Bon, alors, reprise ou pas reprise, donc, les vendeurs ont un départ prévu en juin 2026. Alors, je ne sais pas, dites-le moi, Corinne, sur le chat, si c'est un départ contraint. Ils n'ont pas le choix, ils doivent partir à ce moment-là pour mutation professionnelle ou que sais-je, ou est-ce que c'est un choix. En tout cas, c'est tout à fait possible.",
1162.0,1193.4399999999998,"il suffit alors de voir avec les vendeurs les délais alors les délais ils sont toujours négociables ils peuvent toujours un petit peu bouger mais il faut qu'ils puissent quand même vous donner une visibilité sur la date à laquelle ça se fera alors ici on a des vendeurs qui nous disent par la voix de corinne juin 2026 ce qui est très raisonnable juin 2026 parce que regardez mais on est déjà le 13 mars. On est déjà le 13 mars, imaginons qu'on ait une offre dans 2-3 jours, avec les délais de notaire,",
1193.52,1225.9,"on arrive facilement à fin juin, pas de problème. Mais imaginons que les vendeurs ne nous disent pas juin 2026, mais septembre 2026. Ce n'est pas un problème. Ce n'est pas un problème, il faut qu'on le mette dans le mandat. Alors dans ce cas-là, vous demandez à l'animation quelle est la petite phrase qu'il faut mettre. Mais on met dans le mandat que les vendeurs souhaite une libération du bien à telle date maximum alors quitte à être un peu large parce qu'il faut qu'on mette un maximum pour pouvoir dire aux acquéreurs pendant les visites voilà",
1225.9,1256.8200000000002,"les vendeurs ils ont besoin de rester dans la maison jusqu'en octobre annoncé juin 2026 je vous dis une bêtise parce que je vous dis on arrive facilement juin mais non c'est juin 2026 c'est très long, effectivement. Je n'avais pas capté sur le 2026, mais on va changer un tout petit truc sur mon discours. Ce n'est pas très grave, parce que, imaginons que ce soit juin 2025 ou septembre 2025, on n'est pas dans un délai absolument délirant. On est dans quelques mois et il suffit de mettre un délai maximum",
1256.8200000000002,1288.42,"dans le mandat pour pouvoir l'expliquer aux acquéreurs et dire aux acquéreurs, alors attendez, peut-être qu'on peut négocier un peu moins, un peu plus, peut-être qu'on peut ajuster les choses, mais voilà à peu près ce que les vendeurs nous demandent. quand on est en juin 2026 c'est dans plus d'un an dans un an et trois mois là effectivement on peut se poser la question d'un bail on peut se poser la question du paiement d'un loyer par les vendeurs ce que les notaires n'aiment pas trop mais c'est possible pourquoi les notaires n'aiment pas trop ça ?",
1288.42,1318.64,"parce qu'à partir du moment où on va signer un bail avec les vendeurs ça commence à donner des droits je ne vais pas dire exorbitants même si juridiquement ça serait le bon terme mais dans le langage courant c'est un peu troublant, c'est pas le bon terme mais des droits très importants aux vendeurs qui deviendraient non plus vendeurs mais locataires et on pourrait avoir un notaire qui dise aux acquéreurs attention s'ils partent pas, vous êtes dans la panade vous avez des locataires sur le dos jusqu'à je sais pas quand oui mais on va faire un bail",
1318.64,1348.88,"précaire, un bail plus court les baux précaires Ils se transforment avec une toute petite pensée de mauvaise foi en baux pas précaires du tout. On connaît en France tous les soucis qu'on a avec les locataires qui abusent de la situation, voire avec des squatteurs. Donc, juin 2026, on peut prévoir un bail, on peut prévoir un prêt à usage. Qu'est-ce que c'est un prêt à usage ? De manière très grossière, c'est un bail gratuit. On va dire ça très simplement.",
1348.88,1379.48,"si vous voulez faire les malins lors des dîners en ville appelez ça un comoda, ça fait très bien ça veut dire la même chose, en fait c'est un prêt à usage donc je vous le prête pour un usage bien défini, bien prédéfini et ça, ça peut donner l'objet donner naissance à la signature d'un bail avec des loyers mais tout simplement ça peut faire l'objet d'une négociation tout simplement, on négocie le prix à l'avantage des vendeurs plutôt que des acquéreurs ou l'inverse.",
1379.6,1413.02,"À l'avantage des acquéreurs, ce sont les vendeurs qui sont en position de demande et d'une demande importante, comme juin 2026. Et ça peut non pas donner lieu à un loyer, mais à une négociation favorable aux acquéreurs. Ça peut être ça. Donc oui, c'est tout à fait possible. Plus la durée est longue, effectivement, et plus il faut envisager les différentes manières dont ça peut se passer et dont ça peut éventuellement mal tourner. Juin 2026, ça pourrait tout à fait donner lieu à la signature d'un bail",
1413.02,1444.72,"ou d'un prêt à usage parce que les notaires risquent d'être un petit peu frileux avec ou sans paiement de loyer. En tout cas, ça se négocie et c'est conventionnel, donc c'est tout à fait légal. Donc oui, c'est possible. Alors après, la question précise de Corinne, c'est ce type de vente est-il déconseillé ? Alors, ça peut mal tourner. Vous me direz, n'importe quelle vente peut mal tourner. Mais c'est vrai que là, on ajoute des raisons supplémentaires pour lesquelles ça pourrait mal tourner.",
1444.94,1479.7800000000002,"Imaginez que les vendeurs, ils restent dans les lieux, ils ne repartent jamais, ils dévastent tout. Ils se comportent comme des vrais squatteurs. Ah ben oui, ça peut mal tourner. Alors, vous me direz, heureusement, ça n'arrive pas tous les jours. Ça n'arrive pas tous les jours, c'est vrai, mais ça peut arriver. Et certains notaires sont très alarmistes là-dessus. Très, très, très alarmistes. D'autres, non, c'est une question de personnalité, tout simplement. donc est ce que c'est des conseillers pas forcément pas forcément par contre vous posez la question est ce que commercialement c'est une bonne idée selon le type de bien est ce que c'est un bien familial typiquement on va avoir des familles qui viennent visiter ça il leur faut",
1479.7800000000002,1509.8000000000002,"forcément les familles enfin un bien maintenant est ce que c'est un petit produit d'investissement qui pourrait faire l'objet d'une négociation plus souple selon le type de produit alors on Alors, on peut en discuter ensemble pour voir si c'est pertinent, mais la question, elle est surtout sur la pertinence commerciale. Est-ce que c'est déconseillé juridiquement ? Il y a des raisons pour lesquelles ça pourrait mal tourner, mais ce n'est pas quelque chose d'hyper exotique non plus. Il ne faut pas être trop alarmiste là-dessus. OK ?",
1509.8000000000002,1541.02,"Bien sûr, on peut toujours discuter de ces choses-là ensemble pour essayer d'avoir plusieurs cerveaux qui carburent sur une même question. Tiens, Sabrina nous dit, ça a bien bougé en début d'année, mais depuis quelques jours, peu d'appels d'acquireurs je suis d'accord avec vous, je suis à 20 mandats et du fait beaucoup plus de demandes, ah oui bien sûr entrée de mandat grâce à WeMove, 80 contacts à ce jour, alors ça c'est particulièrement intéressant particulièrement intéressant, WeMove alors on va en reparler",
1541.02,1571.02,je ne sais pas si on va en reparler aujourd'hui beaucoup beaucoup mais on va en reparler parce que WeMove c'est un outil que vous êtes une majorité à sous-utiliser beaucoup d'entre vous se sont inscrits à WeMove à chaque fois qu'on a fait des visions mais derrière ne l'utilisent pas vraiment c'est dommage parce que pour ceux d'entre vous qui l'utilisent vraiment c'est une source de mandat de qualité prouvée désormais on n'est plus dans le,
1571.02,1601.12,"oh ça devrait, oh ça pourrait oh il se pourrait bien que non non non les amis C'est prouvé, c'est démontré désormais, WeMove est non seulement une source de mandat, mais je vois vraiment WeMove se transformer en la nouvelle manière de prospecter maintenant que le téléphone est cramé par rapport à avant. on en reparlera bien sûr",
1601.12,1633.26,"alors Corine nous dit c'est un choix par rapport à leurs enfants donc effectivement ils ont une contrainte ah et elle me dit je l'ai en 2026 pas 2025 oui effectivement j'avais fini par le voir mais je ne l'avais pas vu au début vous savez je suis un peu alors bien sûr les autres l'avaient vu aussi Fabienne me le dit aussi vous savez je suis une personne âgée j'ai de plus en plus de mal avec mon cerveau j'ai trouvé un service télescope qui me donnerait la liste des personnes des impayés, des personnes décédées donc votre possible par les héritiers, les SCI",
1633.26,1678.58,"non âge, c'est un projet de prospection ah ça je vais vous en parler je vais vous en parler on va en reparler Véro parce que ça peut être intéressant pour les copains alors Séverine nous dit du coup on note une date plus loin à la rédaction du mandat ou ça peut être ajouté plus tard alors très bonne question de Séverine question très pratique il faut qu'on mette quelque chose dans le mandat Il faut que dans les clauses particulières du mandat, on mette, entre guillemets, une espèce de date butoir. On mette un maximum. Alors, vous nous consultez et on vous donne la phrase toute prête, copier-coller à mettre dans la clause particulière du mandat. Mais selon les circonstances, c'est pour ça qu'on en discute. Pourquoi ? Comment ? Jusqu'à quand ? Ils ont besoin de quel délai minimum et de quel délai maximum ?",
1678.58,1730.1,"Il nous faut un délai minimum pour pouvoir dire aux acquéreurs, attention, c'est pas avant juin 2026. Parce qu'ils ont des raisons familiales, c'est une contrainte sur laquelle ils n'ont pas de souplesse, pas avant juin 2026. Donc il nous faut mettre dans la clause particulière une date minimale. Et il nous faut également, donc ça c'est pour la protection des vendeurs, mais il nous faut également une date maximale. Là c'est pour la protection des acquéreurs. Pour dire aux acquéreurs, mais attention, ça n'ira pas au-delà de ceci. Alors après, tout est toujours négociable et on peut revenir dessus si on en discute ouvertement, mais il faut que dans le mandat et donc lors des visites, on dise, voilà la date minimale dont les vendeurs ont besoin, voilà la date maximale au-delà de laquelle ça n'ira pas.",
1730.1,1766.3,"Pour qu'on puisse dès maintenant cadrer un petit peu le débat, qu'on ne parle pas dans tous les sens et qu'on cadre le débat de manière équilibrée. N'oubliez jamais, j'avais cette discussion avec Laurent hier pour une question dont on parlera dans quelques minutes, un contrat, et ça vous m'avez déjà entendu vous le dire mille et mille fois, un contrat doit toujours être équilibré. Il ne doit pas y avoir une personne qui écrase l'autre, une partie au contrat qui l'emporte sur l'autre de manière démesurée. Sinon, le contrat, on lui donne un petit nom tout joli, on dit qu'il est léonin, ou alors qu'une clause est léonine.",
1766.3,1798.26,"Une clause léonine, c'est une clause, vous parliez d'exorbitant tout à l'heure, c'est exactement ça. Donc, ce n'est pas seulement ça une clause léonine, ça peut être d'autres choses aussi dans d'autres cas, mais c'est ça que ça veut dire dans le cadre d'un contrat déséquilibré ou d'une clause déséquilibrée. Parce qu'on peut avoir simplement une clause d'un contrat qui emporte un déséquilibre. Donc, il faut que, dans le souci de la protection et des vendeurs et des acquéreurs, et d'équilibre du contrat, il faut qu'on ait les deux.",
1798.38,1828.5,"Une date minimum, une date maximum. Donc, oui, c'est vrai, vous avez raison, il faut le mettre dans le mandat, dans la clause particulière, vous nous consultez et on vous dit exactement quoi mettre. en fait c'est l'idée, c'est l'inverse de la location vente je suis sur le point de floquer ma voiture avec mon QR code WeMove alors ça c'est une excellente chose de mettre le QR code WeMove partout où vous le pouvez, y compris sur vos panneaux",
1828.5,1859.12,"à ce sujet des QR code, n'oubliez pas les amis je vous le redis au cas où vous n'étiez pas là lors de la visio précédente alors attendez je vais aller là hop voilà oups je me trompe donc voici des mandats de notre ami Yves c'est ça ? c'est Yves je me trompe pas ? ouais c'est Yves je vous ai montré il y a quelques semaines bah tiens voilà",
1859.12,1891.42,on a un DPE non enregistré c'est pas grave alors ça c'est parce que c'est un vieux mandat qui date du 24 juin 2024 c'était les fiches de mandat qui n'étaient pas aux normes vous le savez sur tous les mandats désormais moi je croyais que c'était là depuis très très très longtemps quand je vous en ai parlé l'autre jour on s'est aperçu que vous ne le voyez pas à cette époque dans vos églantines de conseillers moi dans mon églantine à moi de chef je l'avais et je croyais que tout le monde l'avait,
1891.42,1922.26,mais en fait vous ne l'aviez pas on vous l'a remis depuis vous avez ici un petit QR code vous cliquez sur le QR code et ça vous donne parce que avant c'est juste une petite icône qui figure un QR code c'est un faux QR code c'est juste une petite icône pour vous dire que c'est ici si vous cliquez dessus par contre vous avez là le vrai QR code qui se génère pour votre produit alors je vois pourquoi mon ordinateur a décidé il voulait afficher une seconde mais là il ne veut plus vous l'afficher ça y est il vous l'affiche,
1922.96,1957.72,"Là, c'est le vrai QR code. C'est le vrai QR code. Là, si vous prenez vos téléphones et que vous le scannez, là, chez vous, je vais zoomer un petit peu. Prenez vos téléphones et scannez ce QR code. Qu'est-ce que vous voyez ? Un lien. Le lien qui vous mène directement vers la page de ce produit. Avec vos coordonnées. Enfin, là, c'est des coordonnées de Yves. Le prix du bien, les mentions, en fait, c'est la page adaptée notamment pour un mobile.",
1958.66,1989.44,"Alors, là, c'est une page qui n'a pas de maquette interactive, parce que Yves, sur ce mandat-là, a été un mauvais élève. Mais si je vais regarder, par exemple, ça, c'est les trucs avec visite virtuelle. Oh là, j'ai fait n'importe quoi. Là, j'avais fait une manie, normalement, on ne va avoir que les mandats avec visite virtuelle, mais on n'a pas, parce que moi j'ai un petit outil ici, je ne sais pas si vous, vous l'avez ici, moi j'ai un petit outil qui me permet d'afficher les mandats",
1989.44,2020.0,"qui ont une visite virtuelle uniquement mais je ne sais pas, est-ce que vous avez ça de votre côté je vais regarder parce que maintenant je suis curieux et j'ai besoin de savoir est-ce que vous avez la même chose, ce petit machin c'est pas le bon navigateur, excusez-moi Ah, c'est là-haut. Est-ce que vous aussi, vous avez ça ? Ce machin qui vous permet de visualiser uniquement les produits avec des visites virtuelles ou pas ?",
2020.0,2054.14,"Alors, attendez, je suis en train de chercher en même temps, parce que si vous ne l'avez pas, peut-être que ça vous serait… Non, vous ne l'avez pas. Est-ce que ça vous serait utile ou pas d'avoir ici un petit outil qui vous permet d'afficher uniquement les produits qui ont des visites virtuelles ou pas ? Bon, en tout cas, regardez, si je vais prendre un produit qui a une visite virtuelle, donc allons voir par exemple ce produit à Chanteau. D'ailleurs, produit à Chanteau, ce n'est pas une mauvaise idée d'aller le regarder. Pourquoi ? Parce que je suis allé faire un Matterport avec Sabrina il y a quelques jours sur ce produit.",
2054.34,2086.92,"Donc, vous allez voir que c'est assez joli. Alors, si vous zoomez ce QR code, vous allez voir que ça ne vous montre pas seulement la page produit, Mais ça vous montre la page du produit sur laquelle vous pouvez visiter la visite virtuelle elle-même. Et là, vous voyez la visite virtuelle qui est une visite virtuelle particulière puisque c'est la visite virtuelle Matterport. Mais si c'est une visite virtuelle normale, ça s'affiche également. Ce petit QR code, vous l'enregistrez sur votre ordinateur.",
2086.92,2119.64,"Alors, vous faites « enregistrer l'image sous », qui est là, ou bien « ouvrir l'image dans un nouvel onglet pour la voir comme ça ». Peut-être que c'est plus simple pour vous de le voir comme ça, je ne sais pas. Sinon, ce n'est pas absolument nécessaire, mais « enregistrer l'image sous », vous voyez, et vous enregistrez ce QR code sur votre ordinateur, d'accord ? Je peux vous appeler comme vous voulez. D'ailleurs, je demanderais, est-ce qu'on ne peut pas le nommer avec le numéro de mandat ?",
2119.64,2149.72,"Vous enregistrez ce QR code sur votre ordinateur. Ça y est, c'est fait. Désormais, je vais chercher sur mon ordinateur le QR code. Pourquoi j'ai autant de fenêtres Word ? Ça n'a aucun sens. Je vais chercher sur mon ordinateur. Attendez, parce que mon navigateur est là. Téléchargement. Et voici mon QR code. Il est là. à quoi peut vous servir ce QR code qui mène directement vers votre",
2149.72,2181.96,"vers ce lien est-ce que vous avez des idées ça peut vous servir à mille trucs on va voir ça ensemble est-ce que vous avez des idées de où vous pourriez bien mettre ce QR code alors Véronique dit ça sert à l'envoyer au client directement absolument, vous pouvez parfaitement l'envoyer au client directement mais ce QR code vous pouvez le mettre, imaginons que ce soit une super exclusivité sur laquelle vous désirez mettre le paquet",
2181.96,2211.98,"vous pouvez mettre le QR code sur un sac à pain vous connaissez les sacs à pain, les sacs pour les baguettes dans les boulangeries de votre secteur, vous pouvez mettre ça sur les sacs à pain vous pouvez mettre le QR code sur un panneau vous mettez, parce que c'est une exclusivité un panneau sur la façade, sur la grille de la maison et vous imprimez ce QR code que vous scotchez en gros sur le panneau ça permet à une personne qui passe de flasher le QR code avec son téléphone et d'arriver",
2211.98,2245.24,"sur la page produit avec le prix, avec la description avec vos coordonnées complètes bien sûr ce QR code vous pouvez le mettre sur des petits flyers des petits flyers à distribuer qui vous permettent de mettre ces produits en avant vous pouvez mettre ce QR code partout et il mènera directement à la page de la maison à la page du produit donc ce petit qr code vous l'avez sur tous vos produits que ces produits soient présents avec une visite virtuelle ou pas donc",
2245.24,2277.72,"Donc, utilisez-les au maximum, d'accord ? Alors, je vous disais, on va revenir en arrière. Hop là. Je vous disais donc, vous avez, excusez-moi parce que je suis en train de retrouver exactement la phrase sur laquelle j'étais. quand je suis parti si vous expliquez ce petit QR code",
2277.72,2311.74,"et je ne retrouve pas la phrase je crois que j'ai continué tout simplement la vision en zappant cette phrase ah ben non, c'était le QR code WeMove de la voiture de Véro c'était ça donc vous avez ce petit QR code pour le produit lui-même mais votre QR code WeMove, où est-ce que vous allez le chercher ? on va le chercher ensemble ce petit QR code WeMove Moi, je vous conseille de le mettre absolument partout où vous pouvez. Hop, application mobile, utilisateur.",
2311.86,2348.8,"Ah non, c'était juste avant, pardon, excuse-moi. Vous vous connectez à WeMove, voilà, et vous l'avez, je l'avais ici, application mobile, c'est là. Voilà, vous avez téléchargé mon QR code. Ça, c'est le QR code WeMove. C'est le QR code WeMove. Et donc là, vous pouvez mettre ce QR code sur votre voiture. Vous pouvez mettre ce QR code sur tous vos panneaux. Vous pouvez mettre ce QR code sur des sacs à pain. Vous pouvez mettre vos QR codes sur des flyers. Ça, c'est un QR code qui emmènera les gens vers votre présence sur WeMove.",
2348.8,2386.0,"c'est pas le même QR code faut pas le mélanger faut pas le confondre mais Véro a raison mettez le sur votre voiture avec un petit message en disant devenez apporteur d'affaires ou gagnez de l'argent en me recommandant à vos amis ça vous ça vous apportera alors n'allez pas vous imaginer qu'il suffit de mettre son QR code sur sa voiture pour crouler sous les mandats dès le lendemain absolument pas mais ça plus les actions proactive ou e-move, ça vous apportera sans aucun doute des nouveaux mandats.",
2386.58,2418.08,"Alors, tiens d'ailleurs, Corinne nous confirme qu'effectivement, c'était un bien familial, une maison de 4 champs. On sait que les biens familiaux, pour revenir sur le produit avec une libération ultérieure en juin 2026, généralement un produit familial, on en a besoin pour maintenant. Ce n'est pas typiquement un produit d'investissement. Dans le même cas j'avais trouvé l'acquéreur Qui acceptait une vente longue d'un an Mais le notaire des vendeurs n'a pas voulu Ah c'est Marie qui nous dit ça On voit qu'effectivement Le notaire peut déconseiller",
2418.08,2450.9,"Parce qu'il trouve lui que C'est un peu casse gueule Alors c'est selon la configuration Après la configuration est plus ou moins Dangereuse, plus ou moins encadrée Mais on peut avoir des notaires assez alarmistes Qui disent non non c'est casse gueule Je ne veux pas entendre parler de ça c'est pas surprenant est-ce qu'il y a un QR code pour l'ensemble des biens de notre mini-site alors il n'y en a pas automatiquement généré mais vous pouvez demander à l'animation, nous on peut vous fournir en fait on peut vous fournir des QR code pour tout",
2450.9,2481.32,"ce dont vous avez besoin, parce que c'est très facile à faire ceux d'entre vous qui ne maîtrisent pas ça vous demandez à l'animation et on vous enverra le QR code, donc est-ce que vous pouvez avoir un QR code pour l'ensemble des biens d'un mini site regardez, on va aller sur le mini site c'est Guillaume qui pose cette question Guillaume de Dordogne, donc je vais aller sur g.bertrand non c'est gbertrand .alacarn .com",
2481.32,2513.74,"voilà, donc ça c'est le mini site de Guillaume, on voit que c'est un très joli mini site, vous avez bien bossé là dessus, bien à vendre voici la liste de vos biens à vendre et bien regardez donc je prends ça ensuite je vais ici je vais là je vais là vous ne le voyez pas c'est sur un autre écran mais c'est pas grave hop là je vais vous le faire hop",
2513.74,2560.02,il est où ? il est sur mon ordi déjà ou pas ? il est où ? hop là je vais ressortir ça non enregistré sous pourquoi il n'est pas voilà oui c'est pour ça je n'ai pas cliqué sur télécharger regardez alors les amis est ce que vous voulez bien scanné ce qr code les grands voilà hop et ça vous emmène directement sur la liste des biens du,
2560.02,2598.12,mini site de guillaume alors vous avez vu que ça m'a pris deux secondes deux secondes de le faire donc demandé à l'animation vous avez besoin d'un qr code pour votre mini site telle page du mini site vous coordonner vos photos votre machin vous le demandez on en a pour deux secondes à vous le faire n'hésitez pas et d'ailleurs hop là je vais appeler ça qr code un mini site guillaume,
2598.12,2629.54,"bertrand et mon cher guillaume je vous l'envoie tout de suite depuis l'animation guillaume QR code voilà, je vous l'envoie immédiatement comme ça vous l'aurez ceci pour vous dire quoi ? pour vous dire, vous avez vu avec quelle rapidité et quelle facilité j'ai fait le QR code de Guillaume c'est extrêmement rapide",
2629.54,2664.64,"c'est très simple, c'est très facile et c'est gratuit donc n'hésitez pas à nous demander ça c'est envoyé Julien Guillaume vous allez le recevoir d'ici quelques secondes vous l'aurez sur votre boîte mail. Donc, demandez-nous. C'est très simple, c'est très rapide. Alors, on a pas mal d'autres choses à voir. On a pas mal d'autres choses à voir. Je vais retourner là, je vais retourner là. Hop, hop, hop. C'est bien l'onglet 10.370,",
2664.68,2696.1,"pas 50 mandats. Je crois que je ne suis pas au bon endroit. On peut le faire facilement aussi et gratuitement sur Vistaprint. Ah oui, il y a des outils partout pour faire des QR codes ceux d'entre vous qui savent faire, faites-lez où vous voulez ceux d'entre vous qui ne savent pas faire et qui n'ont pas envie d'apprendre vous demandez, on le fait pour vous c'est tout simple, j'ai envoyé le mail à Mathieu du QR code sur auto pour inciter les classes de scaner, je trouve le site contactez un conseiller bien plus joli que nous WordPress, nos mini sites pour présenter ah oui, mais ça c'est pas un site, c'est une simple page sur",
2696.1,2728.18,"Alucard, on peut vous le faire aussi si vous voulez sauf erreur, on peut créer nous-mêmes nos QR codes, mais bien sûr bien sûr, d'ailleurs si vous voulez un outil de création de QR code je vais vous en donner un tout de suite qui est très très bien c'est celui-là, je vous le donne à tous dans le chat excusez-moi j'ai un peu là masqué, voilà en voici un qui fonctionne hyper bien, qui est gratuit et qui est irréprochable",
2728.18,2760.88,"du point de vue de la sécurité informatique vous voyez, donc Il y en a plein partout, alors attention, il y en a plein qui téléchargent des virus, qui téléchargent je ne sais pas quoi, chaque fois qu'un truc est gratuit, il faut toujours se méfier. Bien sûr, celui-là, il est absolument sûr, il n'y a aucun problème. alors les autres choses dont on doit parler ce soir il ya deux choses un petit peu plus un petit peu plus longue on va étudier la première chose c'est une demande de",
2760.88,2794.18,"c'est une demande de je ne sais pas, il y a Frédéric Vielle qui n'arrive pas à se connecter apparemment, je viens de le voir je ne sais pas s'il a réussi à se connecter depuis à la visio, mais tout à l'heure il a envoyé un message sur mon Skype en disant en fait ça aurait été mieux qu'il s'adresse à l'animation, l'animation l'aurait aidé là en fait il envoie un message directement à moi j'étais en visio, forcément je ne le vois que maintenant son message, donc je ne l'ai pas vu première chose qu'on va voir c'est une question",
2794.18,2826.24,"de Julien, tout à l'heure. Julien m'a demandé de refaire un petit topo rapide sur la procédure quand on a une tutelle. Alors, on ne va pas faire toute la vision sur les tutelles qu'on a déjà faites dans le passé et qu'on pourra refaire, si vous le voulez, dans l'avenir, parce que elle est longue, elle est complète, il y a pas mal de choses à voir dedans. Ce que Julien m'a demandé, c'est vraiment un rappel sur la procédure quand on rentre un mandat sous tutelle. Comment faut-il s'y prendre ?",
2826.24,2857.42,"Alors, ce n'est pas compliqué, mais effectivement il y a une procédure et on pourrait faire un petit topo écrit d'ailleurs, ce ne serait peut-être pas une mauvaise idée. Alors, dans le cadre de ce qu'on appelle, excusez-moi parce que j'ai juste coupé mon micro, le temps de m'éclaircir. Voilà, parce que là c'est désagréable pour vous. on est dans le cadre de ce que l'on appelle la protection des majeurs",
2857.42,2899.44,"alors on peut avoir également des tutelles de mineurs c'est une évidence mais on va voir que c'est un tout petit peu vous m'entendez toujours ou pas ? vous ne m'avez pas perdu hein ? vous m'avez toujours parce que j'ai l'impression que vous ne m'entendez plus là si vous pouvez me dire si vous m'entendez ouais c'est ok parfait on peut avoir des mineurs sous tutelle il y a une toute petite différence quand on a des mineurs sous tutelle On va en parler après. Donc, c'est les régimes de protection des personnes incapables. Incapables au sens juridique du terme. En droit, nous bénéficions tous, nous tous qui sommes ici à cette visioconférence, de ce qu'on appelle la capacité juridique.",
2899.44,2934.7200000000003,"Ça veut dire que nous sommes capables de prendre des décisions qui ont des conséquences juridiques. Ça veut dire qu'on est capables de signer des contrats, on est capables d'acheter des choses, on est capables de contracter des crédits, on est capables, on dit en droit, là encore pour faire le malin, d'ester en justice, c'est-à-dire qu'on a la capacité d'agir en justice contre quelqu'un. On a la capacité de recevoir des successions, de posséder un patrimoine, de plein de choses",
2934.7200000000003,2979.76,"On a la capacité juridique On peut agir avec des conséquences juridiques Il y a un certain nombre de personnes qui n'ont pas cette capacité Elles ne peuvent pas agir, produire des actions qui ont des conséquences juridiques On appelle ça des incapables Typiquement, les enfants sont des incapables Ça veut dire quoi ? Ça veut dire qu'un enfant, il ne s'agit pas de sa capacité physique, un enfant n'est pas capable, ne peut pas signer un contrat. Vous me direz, il ne peut pas voter, il ne peut pas faire plein de choses, il ne peut pas devenir agent commercial, il ne peut pas créer une entreprise, il ne peut pas intenter une action en justice tout seul comme ça.",
2979.76,3011.7200000000003,"il ne peut pas donc ester en justice, un enfant est un incapable. Qui est capable pour l'enfant ? Généralement, ce sont ses parents, ce sont ses représentants légaux. Et il y a également des personnes majeures qui ont une incapacité partielle ou totale. L'incapacité d'une personne majeure, on connaît tous ça, typiquement, c'est une personne âgée et ou handicapée qui, donc, ne peut pas agir en son nom et pour son propre compte,",
3012.4,3050.56,"mener des actions qui ont des conséquences judiciaires, patrimoniales, fiscales, etc. On parle généralement de tutelle. On dit qu'une personne est sous tutelle, mais en fait, il y a plusieurs modes de protection. Il y a, et on va aller très vite là-dessus, Alors, hop, hop, la tutelle, la curatelle, la curatelle renforcée, il y a l'habilitation aminale.",
3050.56,3082.62,"Alors ça, ça vous dit tous quelque chose parce qu'on a déjà fait une visio complète là-dessus. On ne va pas détailler tout ça. On va juste dire, on y reviendra si vous le souhaitez, on peut refaire une visio là-dessus. On va juste dire comment on s'y prend lorsque nous, agents immobiliers, nous vendons un produit à une personne qui est sous l'un de ces régimes de protection.",
3084.04,3116.16,"Il faut juste garder en tête que ça c'est le régime de protection maximale, que les autres sont des versions très allégées. tutelle, curatelle, curatelle renforcée ou habilitation familiale ce sont des régimes de protection de personnes qui impliquent l'intervention d'un tiers qu'on appelle un mandataire on appelle ça souvent un mandataire judiciaire parce qu'il est désigné dans le cadre d'une action judiciaire",
3116.16,3149.96,"qu'on appelle un tuteur, qu'on appelle un curateur qu'on appelle de plein de manières différentes Il y a un tiers qui peut être membre de la famille ou pas du tout et qui est là pour assister la personne dans un certain nombre d'actes de la vie courante parce que son état physique et ou intellectuel ne lui permet pas de prendre toutes ses décisions toute seule.",
3149.96,3183.7000000000003,"La différence entre ces différents régimes, c'est que selon qu'on soit dans la tutelle, la curatelle, etc., on peut prendre telle décision mais pas telle autre. On peut aller prendre un forfait de téléphone chez Bouygues Télécom ou pas. On peut vendre sa maison ou pas parce qu'on est plus ou moins protégé. Vous, vous devez garder en tête la chose suivante Quel que soit le régime de protection d'une personne dans lequel vous êtes",
3183.7000000000003,3214.74,"L'un de ces quatre là Vous devez, pour vendre un bien immobilier Obtenir l'autorisation de deux personnes au moins La personne protégée Et la personne qui protège la personne protégée, plus les éventuels autres propriétaires. Il peut y avoir d'autres propriétaires qui agissent pour leur propre compte. Un frère, une soeur, un fils, une tata, un machin, etc.",
3214.74,3245.1200000000003,"Pour eux, la personne protégée, elle ne peut pas agir toute seule. Il faut obtenir la signature de son protecteur, de son mandataire judiciaire. Mais, et c'est là que souvent vous avez du mal à l'intégrer, le mandataire judiciaire ne peut pas non plus signer tout seul. Il doit signer avec la signature de la personne protégée. Donc, Madame Durand, vieille dame de 90 ans qui est sous tutelle",
3245.1200000000003,3298.7,"Elle ne peut pas vendre sa maison Il nous faut la signature du tuteur Mais le tuteur ne peut pas vendre la maison non plus tout seul Il faut la signature de Madame Durand Un tuteur n'a pas le droit de vendre la maison tout seul Souvent, on croit Et c'est d'ailleurs ce que nous disent les tuteurs Parce que vous savez ce que c'est, quand on a du pouvoir, c'est grisant, on aime ça, et on aime sentir qu'on a le volant, toutes les commandes entre les mains. Le tuteur nous dit mais je suis tuteur, c'est moi qui signe pour Madame Durand. Madame Durand est sous tutelle, elle ne signe pas, je suis Dieu le Père lui-même. Non monsieur, vous n'êtes que tuteur, c'est tout. Vous n'avez pas le droit de vendre la maison de Madame Durand. Il nous faut aussi la signature de Madame Durand.",
3299.7,3342.64,"Donc, je vous l'écris ici, il vous faut la signature sur le mandat de, on va mettre du mandataire judiciaire, on va appeler grossièrement le tuteur, mais en fait ça pourrait être un curateur, etc. Et la signature de la personne protégée, c'est-à-dire la personne sous tutelle. Et le « et », je le mets en rouge, je le mets en gras, je le mets en souligné, je le mets en police 20. Non, je m'en retiens correct.",
3342.64,3380.64,"Je le mets en police 20. C'est très important. Le tuteur n'a absolument pas le droit de vendre la maison de Madame Durand sous prétexte qu'il est tuteur de Madame Durand. Non. Même si lui va vous raconter que oui, oui, oui, c'est moi qui décide, je suis Dieu le Père, je suis le Seigneur sur ces terres et tout le monde m'obéit. Non monsieur, vous n'êtes que tuteur, c'est tout. Vous êtes chargé d'assister Madame Durand dans un certain nombre d'actes. Madame Durand, on ne la met pas à la poubelle.",
3380.64,3437.98,"En fait, quelle est la seule et unique personne Il y en a une Qui a le droit de décider pour Mme Durand Sans trop lui demander son avis C'est qui ? Vous le savez Lancez-vous sur le chat, dites-le Quelle est la seule et unique personne Qui vraiment a le droit de décider C'est pas le tuteur C'est pas la famille du tuteur C'est pas la dame elle toute seule C'est qui ? Julien a trouvé en premier c'est le juge, le juge des tutelles, enfin ce qu'on appelle le juge des tutelles, depuis la réforme judiciaire d'il y a quelques années, on n'appelle plus ça le juge des tutelles, on dit que c'est le juge machin agissant en qualité de juge des tutelles, c'est le juge des tutelles, il n'y a que lui qui a la possibilité de décider, d'ordonner la vente, par le biais d'une ordonnance de vente,",
3437.98,3478.5,"Il va ordonner la vente par le biais d'une ordonnance de vente. C'est lui le seul et unique qui peut décider. D'ailleurs, une fois qu'on a signé le compromis de vente, le notaire, lui, et c'est une obligation qu'il a, c'est bien un compromis, on signe le mandat, on signe le compromis, le notaire, lui, il va se précipiter pour envoyer un courrier au juge d'étudiant pour dire « hop, hop, hop, vous autorisez bien la vente de la maison de Mme Durand, vous me le confirmez ». Et tant que le juge n'a pas répondu « oui, oui, j'autorise la vente de la maison de Mme Durand parce que je décide que c'est dans son intérêt », le notaire ne fera jamais la vente.",
3479.0,3509.98,"Et d'ailleurs, si le notaire renifle un petit peu que la situation est bancale, il signera même pas le compromis de vente. Donc, il n'y a que le juge qui puisse décider. Le tuteur, contrairement à ce qu'il raconte tous les jours, n'a aucun droit. Il est là pour assister Madame Durand. Et c'est pareil pour la curatelle, la curatelle renforcée, la visitation familiale. À partir du moment où on est là-dedans, dans un de ces quatre cas, il nous faut la signature des deux.",
3509.98,3542.54,"Alors, les deux documents que vous devez absolument obtenir sont les suivants Je les ai préparés juste avant la visio, après avoir eu Julien au téléphone tout à l'heure Les deux documents que vous devez impérativement obtenir sont Je vais retourner dans mes téléchargements Ça c'est le QR code de Guillaume Donc, avant tout, vous devez obtenir ce document.",
3546.1400000000003,3580.38,"On appelle ça un jugement de tutelle ou une ordonnance de mise sous tutelle ou une ordonnance de désignation de tutelle. Ça peut avoir plein de mots. En fait, c'est un document émis par, vous voyez, le juge des tutelles de Trévaux. Ça, c'était il y a quelques années. Ça, c'était à quelle date ? C'était en 2011. Aujourd'hui, ce serait rédigé un petit peu différemment parce qu'il y a eu une réforme, mais c'est pareil.",
3580.38,3622.38,"Donc, le juge des tutelles de Trévoux, on voit que c'est dans l'un, précisé par Daniel Grolemount, juge des tutelles. Daniel Grolemount, juge des tutelles, premièrement, constate que Mme Odette-Joséphine Mazille-Épouse-Durand a besoin d'être mise sous tutelle. On voit que Mme Christine Voilain, qui est probablement de la famille de cette dame, on peut l'imaginer, mais pas forcément, a dit au juge « attention, Mme Mazie, elle ne va pas bien, elle est vieille, elle n'est plus en mesure de s'occuper d'elle-même, il faudrait étudier la mise sous tutelle ».",
3622.38,3657.26,"Le juge a mis en place une procédure, certificat médical, assisté d'un deuxième médecin, etc. Et à la fin, il dit « bon, effectivement, oui, il faut mettre Mme Mazie sous tutelle ». Donc, première décision de cette ordonnance, de ce jugement, mise sous tutelle de Mme Mazille. Parce qu'on a un certificat médical délivré par Patricia Disti, qui est médecin. Il a fait, le juge, un certain nombre de recherches. Il dit, bon, il faut mettre Mme Mazille sous tutelle, premièrement.",
3657.72,3687.9,"Donc, ce document nous permet d'établir que, alors ce document, il doit être complet, bien sûr. Il doit être à la fin signé, tamponné du juge, daté. La date, elle est là-haut. Pas forcément là-bas, elle est là-haut. Donc, complet, daté, signé. Comme une attestation de vente, comme un compromis de vente. Première chose, donc, on met Mme Mazis sous tutelle parce qu'elle n'est plus en mesure de protéger ses propres intérêts. deuxième décision",
3687.9,3718.6,"de cette ordonnance parfois c'est fait en deux ordonnances différentes mais c'est très rare on désigne un tuteur on dit maintenant qu'on désigne madame qu'on met madame Mazis sous tutelle on va dire qui sera son tuteur et là il y a du blabla il est établi que madame machin n'est plus en mesure elle est trop âgée elle ne sait pas quoi, etc. Et donc, on place Mme Odette",
3718.6,3750.6,"sous tutelle, et on va désigner tuteur Christine Voilain, sa fille, je vous avais dit que c'était probablement un membre de sa famille, c'est généralement le cas, c'est pas obligatoire, mais c'est généralement le cas. Donc on désigne Mme Christine Voilain, sa fille, tuteur, et là, on désigne également Evelyne Montagnon, une autre de ses filles, également tuteur, donc co-tuteur. Pour une durée de 5 années, c'est obligatoire. Une mesure de mise sous protection d'un majeur",
3750.6,3781.08,"est obligatoirement limitée dans le temps, comme on l'avait vu dans la précédente vision. Donc, ce document, il nous permet de vérifier deux choses. Premièrement, Mme Mazille, elle est bien sous tutelle. C'est une tutelle, ce n'est pas une curatelle, ce n'est pas une curatelle renforcée. Elle est sous tutelle, premièrement. Deuxièmement, qui est son tuteur ? C'est Mme Christine Voilain. ou Mme Evelyne Montagnon puisqu'elles sont toutes les deux tuteurs ça veut dire qu'elles ont toutes les deux les mêmes pouvoirs et ils doivent l'exercer",
3781.08,3814.52,"en commun ça veut dire que lorsque Mme Voilain va éventuellement à la banque pour faire je sais pas quoi pour sa mère la banque ne peut pas lui dire il nous faut aussi la signature de Mme Montagnon c'est l'une ou l'autre parce que elle est présumée avoir le mandat de l'autre bon, une simple présomption Donc, ce document, ce premier document, il est indispensable parce qu'il nous permet de savoir qu'effectivement, elle est sous tutelle et son tuteur, c'est telle personne.",
3814.52,3845.32,"donc ça nous permet nous de savoir que notre mandat il doit être signé par Madame Mazille et par l'une des deux autres tuteurs, généralement d'ailleurs on le fait signé aux deux, pour vraiment être sûr c'est beaucoup mieux, c'est pas du luxe mais ce serait pas absolument obligatoire il nous faudrait au moins la signature de l'une des deux Christine ou Evelyne donc signature de la vieille dame",
3845.32,3887.24,"et de son tuteur le problème c'est que cette vieille dame elle est parfois dans un état qui ne lui permet pas du tout de prendre une décision pour elle-même parce qu'elle a complètement perdu la tête parce qu'elle est dans un état physique où elle ne peut pas signer elle ne peut même pas tenir un stylo moi je me souviens on a eu le cas avec Laurent Laurent dit Il y a trois ans, je ne sais plus, une jeune femme, pas une mémé, une jeune femme qui était très très lourdement handicapée et qui n'était pas en mesure de tenir un stylo elle-même, alors qu'elle n'avait pas du tout perdu la tête, absolument pas.",
3887.24,3917.6,"Mais on peut avoir donc une incapacité physique ou cognitive. Et ou, d'ailleurs, cognitive. Ça veut dire que vous pourriez vous trouver face à des cas où la signature de Mme Mazie, elle est impossible à recueillir. Parce que Mme Mazie ne peut pas signer. Elle ne peut pas, ce n'est pas possible. elle a complètement perdu la tête ou elle n'est physiquement pas en mesure de tenir un stylo",
3917.6,3947.76,"et de le faire ou alors elle est dans le coma je ne sais pas vous allez dire qu'est-ce qu'on fait on ne peut pas obtenir la signature de madame Mazille c'est là qu'intervient le deuxième document l'ordonnance de vente donc voici l'ordonnance de vente ici alors celle-là aussi elle est un petit peu ancienne elle date de quand ? ah non, 2023 de Sabrina, alors ça vous le savez",
3947.76,3980.06,"on n'accepterait plus ce document parce que c'est très difficile à injecter dans l'identique une photo comme ça transformée en PDF aujourd'hui l'animation vous dirait non, c'est trop difficile pour nous, c'est trop difficile pour nous de gérer ces documents mais bon, là c'est passé, en théorie il nous faudrait vraiment un document celui-là aussi, vous voyez il est très difficilement lisible il est très mauvaise qualité celui-là ça c'est un truc qui a dû être faxé 50 fois renvoyé c'est pas quoi je suis là il est tout propre à celui des coups comme toujours bon revenons sur le",
3980.06,4010.48,"premier de sabrina tribunal judiciaire d'orléans à d'envoyer sa salope de 2003 fut mon tribunal judiciaire d'orléans on a une nouvelle nouvelle manière de rédiger là le juge dit quoi ordonnance de vente d'un immeuble. Le juge ne nous dit pas « je mets Madame Machin sous tutelle », il nous dit « Madame Machin est sous tutelle ». Ici, c'est « Sandrine Levinin représente l'égal du mineur ». Là, c'est un enfant mineur. La Rousse Boitard, qui est née en 2008,",
4010.6,4048.94,"effectivement, c'est un gamin, à Orléans. Donc, forcément, c'est un enfant mineur. Mais comment un enfant mineur peut posséder un bien ? Imaginons que son père soit mort et qu'il ait hérité de la maison de son père. C'est généralement le cas. C'est pas forcément le cas d'une succession, mais 99% des cas, quand un mineur est propriétaire d'un bien immobilier, c'est qu'il y a eu un décès d'un ou de deux parents. Donc, le petit Jules Larousse Boitard, né en 2008 à Orléans, bien sûr, il est mineur, il est sous tutelle, et le juge ordonne la vente.",
4048.94,4081.52,"il nous dit quoi, il dit t'as envisagé la vente à la merde d'un immeuble si tu as fait au loge je crois qu'on dit pas fait mais faille au loge Sabrina si vous êtes là, si vous pouvez me le confirmer ah bah Sabrina vient de nous quitter bonsoir je dois vous laisser c'est dommage, elle vient de nous quitter, elle pourra pas nous dire si c'est fait ou faille au loge, je ne sais pas le juge nous dit j'autorise, et en fait il ordonne parce que c'est une ordonnance madame Sandrine Devina, représentante légale du mineur Jules Larousse à vendre la maison",
4081.52,4112.26,"située à fait ou faille au loge au prix de 150 000 euros net vendeur minimum machin ça c'est une ordonnance de vente c'est ça qu'on doit obtenir lorsqu'on n'a pas la signature de madame Mazille et de son tuteur ils nous font dans le cas où la personne protégée n'est pas en mesure de signer et c'est le cas d'ailleurs du mineur parce qu'un enfant en étant totalement incapable. Lui, l'enfant, on ne recueille pas sa signature.",
4112.82,4150.58,"C'est un enfant, sa signature ne vaut rien. Alors que Mme Mazille, ce n'est pas parce qu'elle est sous tutelle qu'elle est bonne à mettre à la poubelle. Mme Mazille, elle est peut-être tout à fait en état de dire « Oui, je souhaite vendre ma maison » ou « Non, je ne souhaite pas la vendre ». Si Mme Mazille dit « Je ne veux pas signer le mandat, je ne souhaite pas vendre ma maison », ce n'est pas parce que mon tuteur a décidé de la vendre, moi je ne veux pas, Nous, nous ne vendons pas la maison. On ne peut pas avoir un tuteur qui dit « Ouais, la vieille, elle se tait, c'est moi qui décide ». Non, non, non, non. Mme Mazie doit donner son consentement.",
4150.58,4183.08,"Si Mme Mazille n'est pas en mesure de donner son consentement, et là on se retrouve coincé, il faut l'avis du juge des tutelles qui lui va dire « je redonne la vente de la maison de Mme Mazille ». Et une ordonnance de vente, c'est toujours comme ça que ça fonctionne. Je vais en prendre une autre, vous voyez, ça c'est dans le Pas-de-Calais. C'est pareil, ici, autorisons l'association tutélaire du Pas-de-Calais, machin, truc à béthune,",
4183.08,4223.78,"en qualité de tuteur à vendre à l'améable le bien situé, machin, pour M. Bertrand Averland. Le juge, lui, il ordonne la vente. Si nous n'avons pas la signature de la personne protégée en plus de la signature de son tuteur, il nous faut l'ordre du juge. Sinon, on ne peut pas commercialiser. Ne tombez pas dans le piège du tuteur qui vous dit « si, si, si, je suis tout-puissant, c'est moi qui décide ».",
4223.78,4266.92,"surtout pas le tuteur n'a pas le droit de vendre à la place de la personne protégée le tuteur est là pour assister la personne protégée dans la vente de sa maison et c'est un piège dans lequel vous risquez de tomber et là on va sortir du cadre des tutelles mais dans une situation un petit peu connexe lorsque vous vendez un bien qui est possédé par une société une ESCI, une SARL le tuteur Gérant, président, président-directeur général, on l'appelle différemment selon le type de société, tout simplement. Le droit, pour différentes raisons, a donné un nom différent au dirigeant de chaque type de société.",
4267.6,4311.8,"Une SES est présidée par un président. Une SARL est gérée par un gérant. Le gérant n'a pas le droit de vendre les biens possédés par la société. Il n'a pas le droit. « Ah, mais je suis gérant, c'est ce que je veux ! » Vous n'êtes que gérant, monsieur. Ça vous donne le droit de gérer la société, d'engager des employés, de conclure des contrats, de téléphonie, d'acheter une photocopieuse. Pas de problème. Être gérant ne vous donne le droit que de gérer. Vendre des biens immobiliers, ça ne fait pas partie de la gestion juridiquement. Ce n'est pas un acte de gestion, la vente d'un bien immobilier, c'est ce qu'on appelle un acte de disposition.",
4311.8,4358.4,"Donc le gérant n'a pas le droit de vendre les biens qui sont possédés par la société. C'est pareil, quand on a un bien possédé par une société, il nous faut la signature du gérant, mais il nous faut aussi la signature de tous les associés, de tous les porteurs de part, de la société. C'est pareil. C'est la même chose. Les tuteurs, les curateurs, les gérants, etc. sont investis d'une certaine mission. Cette mission, elle est limitée. Elle a un début, elle a une fin. On ne peut pas aller au-delà. Vendre le bien immobilier tout seul sur sa propre décision, ça ne fait pas partie de la mission qui leur est confiée par la loi.",
4358.4,4397.719999999999,"Et je vais vous donner un dernier exemple. C'est le maire d'une commune. Vous pourriez signer, c'est le cas notamment dans les petites communes rurales, vous pourriez signer un mandat avec le maire de la commune, ce mandat serait invalidé. Pour que le maire de la commune vende un bien appartenant à la commune, il lui faut l'autorisation du conseil municipal. Là encore, oh, c'est le maire, allons, il a tout pouvoir, il a droit de vie et de mort sur ces terres. Non, ni droit de vie et de mort, ni droit de cuissage, ni droit de disposition.",
4397.72,4436.12,"droits de cuissage qui d'ailleurs ça n'a jamais existé cette connerie que vous voyez dans les films si on parle comme ça là parce que c'est rigolo ça n'a jamais existé cette connerie de droits de cuissage c'est une bêtise que nous a raconté les hussards noirs de la 3ème république pour ridiculiser l'ancien régime de même que la chanson de Dagobert qui met sa culotte à l'envers etc tout ça sont des calembredaines de bouffeurs de curés et de post-terroristes de 1792-1993, ça n'a jamais existé.",
4436.26,4466.32,"Mais passons là-dessus, je ne vais pas vous casser les pieds avec ce genre de considération. Le maire n'a pas le droit de vendre le bien tout seul sur sa propre décision, comme un seigneur sur ses terres choisirait de le faire. Alors, si je fais un très rapide récapitulatif, lorsque vous êtes dans le cadre d'une tutelle ou d'une curatelle ou d'une curatelle renforcée ou d'une habilitation familiale vous ne posez pas la question vous faites signer le mandat par",
4466.32,4499.74,"la personne protégée sauf si c'est un mineur sauf si on a la preuve irréfutable qu'elle n'est pas en mesure de le faire en dehors de ces deux cas on fait signer par la personne protégée et on fait signer son ou ses mandataires judiciaires. Si on n'a vraiment pas la possibilité de faire signer la personne protégée, à ce moment-là, il nous faut l'autorisation du juge des tutelles pour vendre par une ordonnance de vente.",
4500.56,4533.66,"Donc, vous devez joindre à votre mandat l'ordonnance de tutelle, qu'on appelle souvent également la mise sous tutelle. On voit ici un autre exemple, à Lyon. le juge dit Madame Machin n'a plus les moyens de s'occuper d'elle-même donc nous la mettons sous tutelle deuxièmement, le tuteur ce sera un tel, un membre de la famille ou pas n'allez jamais d'ailleurs c'est une petite soupe rapidement vous dire c'est sa mère, c'est son père",
4533.66,4563.66,"c'est donc son tuteur absolument pas n'allez jamais croire que le parent d'un enfant mineur est systématiquement son tuteur. Dans un très grand nombre de cas, le juge décide que non, ce sera quelqu'un d'autre d'indépendant, parce que la situation familiale l'exige, tout simplement. Vous voyez, c'est un enfant qui est sous tutelle parce que son père est mort, j'ai sa mère sous les yeux, sa mère c'est son tuteur, c'est son représentant légal. Non, c'est son représentant légal, ça n'est pas forcément son tuteur.",
4565.0,4597.06,"Très souvent d'ailleurs, ça n'est pas son tuteur, Parce que le juge a estimé qu'il était pertinent de séparer le représentant légal du tuteur. Donc, il vous faut le jugement de tutelle. Et ensuite, si la personne protégée n'est pas en mesure de signer pour elle-même, il nous faut, deuxième document, l'ordonnance de vente. Voici une ordonnance de vente de Laurent, c'était d'ailleurs l'ordonnance de vente de la personne dont je vous parlais tout à l'heure, je me demande si je n'ai pas ça d'ailleurs, qui autorise la vente.",
4597.06,4627.86,"rapidement lorsqu'il s'agit d'une société il nous faut la signature de tous les associés tous les porteurs de part ou alors une assemblée générale extraordinaire ou ordinaire fixant premièrement le principe de la vente deuxièmement les conditions de la vente c'est à dire le prix, les honoraires les honoraires à la charge de l'acquéreur et désigne une personne de la société pour se charger des opérations de commercialisation Lorsqu'il s'agit d'une mairie",
4627.86,4658.7,"la signature du maire ne suffit pas il nous faut la délibération du conseil municipal là encore daté, signé autorisant le principe de la vente le prix de la vente, les mêmes conditions que celles pour une société et là encore désignant une personne pour s'occuper de la vente soit le maire, soit un adjoint au maire ok Si vous souhaitez une formation plus complète sur les tutelles, curatelles, etc., la différence entre chaque, on peut le faire, demandez-le à l'animation, tout simplement.",
4659.4,4690.64,"On en a déjà fait, on peut en refaire, c'est à vous de voir. Est-ce qu'il y a des questions là-dessus ? Question de Maryse. Si on a une AG autorisant la vente, le gérant peut-il signer le mandat, à condition que le gérant dans l'Assemblée Générale soit désigné comme étant chargé de la commercialisation du bien et généralement c'est le cas d'ailleurs généralement effectivement on désigne le gérant pour cela mais c'est obligatoire il pourrait décider de désigner quelqu'un d'autre",
4690.64,4722.3,"donc une fois qu'on a l'assemblée générale autorisant la vente, le gérant peut signer le mandat si l'assemblée générale l'a expressément désigné pour cela ouais pas d'autres questions ? non ? bien, parfait les tutos des visio loi allure 2024 on est en train de les mettre tout simplement il y en a quelques uns qui sont déjà sur Youtube d'ailleurs et on est en train de les mettre",
4722.3,4752.48,"donc bientôt vous allez recevoir un mail en vous donnant les liens de chacun c'est en cours ça alors s'il n'y a pas d'autres questions sur ce sujet là je vous propose de passer à la dernière chose dont on doit discuter aujourd'hui nous avons parlé, souvenez-vous je crois que c'était un Center Parcs je ne suis pas sûr mais il me semble bien",
4752.48,4791.5,"que c'était un Center Parcs nous avions parlé de la préparation de la commercialisation des viagers on vous avait dit on est en train de préparer les viagers bientôt vous serez en mesure de commercialiser les viagers Alors, on n'a pas mal bossé là-dessus, et il se trouve que ces derniers mois, il y a eu de votre part, c'est-à-dire de la part des conseillers du réseau, une demande croissante là-dessus. Michael nous en a parlé, puis Isabelle dans le Doubs, puis Valérie il y a quelque temps, qui est un petit peu différent, Valérie, on entend que c'est une vente à terme, mais on va en parler.",
4792.58,4823.98,"Il y a eu une espèce d'intérêt croissant de votre part pour les tutelles. nous, nous avions bien bossé là-dessus, on avait bien avancé et on s'est dit là on arrive au bout pourquoi pas donc je vous ai préparé une formation sur les tutelles formation vous allez voir qu'il sera un petit peu costaud, un petit peu malaise sur les tutelles pour vous proposer la possibilité de commercialiser",
4823.98,4854.44,"les tutelles, je vous dis n'importe quoi les viagers Je suis complètement gâteux, les enfants. Donc, les viagers, excusez-moi. Donc, je vous ai préparé une grosse formation sur les viagers pour vous permettre, si vous le souhaitez, de commercialiser des viagers. Alors, je vais vous présenter ce soir un petit peu le principe des viagers. Je vais vous présenter la manière dont on va mettre en place cette formation qui va se dérouler en plusieurs temps, en trois temps principalement,",
4854.44,4885.240000000001,"afin de vous permettre de voir si ça vous intéresse ou pas alors bien sûr posez vos questions, vous n'hésitez pas alors Véronique nous dit viager et tutelle c'est pas forcément indissociable vous avez parfaitement raison Véro vous me sauvez là, Véro me sauve en recolant viager et tutelle quand moi je confonds tout parce que j'ai de la semoule à la place du cerveau mais s'il y en a bien une sur laquelle je peux compter pour me sauver c'est bien Véro justement",
4885.240000000001,4916.4400000000005,donc merci beaucoup alors je vais prendre 2-3 petites notes que j'ai faites les formations vous allez voir vont être relativement denses hop là je prends ça déjà je vais vous donner avant tout une un petit topo,
4916.4400000000005,4954.58,"sur ce que sont les viagers je vais sortir tous mes documents ici un petit topo sur ce que sont les viagers quelques petites statistiques sur les viagers qui pourraient éventuellement vous intéresser pour vous expliquer de quoi il s'agit alors bien entendu questions, remarques, interventions vous n'hésitez pas sur le chat et oui il y a Julien qui dit des rôles c'est un petit ne dit pas comme ça mais c'est à dire heureusement que verrou et là ça c'est bien donc il ne dit pas du tout en rigolant je dis ça pour la blague mais non absolument pas alors",
4954.58,5007.860000000001,"le viager qu'est ce que c'est de manière assez simple le viager c'est un mode de commercialisation des biens immobiliers, qui est assez ancien, ça ne date pas d'aujourd'hui, on sait que c'est un truc un peu vieux, ça date de plusieurs siècles, mais le viagé tel que nous on l'entend, c'est le viagé tel qu'il est aujourd'hui rédigé dans le code civil. C'est un mécanisme qu'on connaît tous, qui est relativement simple. J'achète une maison, mais au lieu d'acheter une maison en payant le prix et en prenant possession de la maison, transfert de propriété, la maison, j'en obtiens la pleine propriété qui se décompose en trois parties.",
5007.86,5040.08,"Je ne sais pas si vous vous souvenez, mais c'est pour mon petit ancien, parce qu'il y a bien 3-4 ans, j'avais fait une visio assez dense sur le démembrement de propriétés, les différents types de démembrement de propriétés. On avait parlé de la copropriété, on avait parlé de l'usufruit, on avait parlé du viager très rapidement, on avait parlé de l'indivision, on avait parlé de tout ça. quand j'achète une maison j'achète la pleine",
5040.08,5070.8,"propriété et d'ailleurs si je prends un compromis j'y pense là maintenant si je vais chercher un compromis là on en a un qui nous a été envoyé par Géraldine aujourd'hui, je ne sais pas si Géraldine est avec nous là dans tous les compromis et les actes de vente le notaire met quelque part que parce qu'il le met ici alors je ne le mets pas toujours au même endroit voilà la pleine propriété le notaire dit très clairement",
5070.8,5102.22,"qu'on acquiert la pleine propriété de l'immeuble, c'est obligatoire la pleine propriété en droit ce sont trois éléments l'usus le fructus et la lusus ce sont trois termes latins là encore ça vous permettra de faire le malin lors des dîners en ville à condition que vous habitiez en ville sinon vous aurez l'air crétin",
5102.22,5132.900000000001,"lusus, le fructus et la lusus ce sont les trois éléments qui composent la pleine propriété d'un bien lusus c'est le droit d'usage donc d'en user comme bon me semble on dit souvent en droit d'en jouir comme bon me semble le droit de jouissance le droit d'usage le droit de jouissance je fais ce que je veux de ma maison je l'habite ou je ne l'habite pas",
5132.900000000001,5165.36,"je mets dedans des meubles ou je ne mets pas de meubles je repeins les murs en bleu ou en vert j'en fais ce que je veux j'en use et j'en jouis comme bon me semble j'organise des soirées avec mes copains, des marboukios, je regarde la télé, je joue aux jeux vidéo, je gratouille mon chien, je fais ce que je veux, droit d'usage, le fruit, je fais n'importe quoi, je fais n'importe quoi, je fais n'importe quoi, voilà, le fructus c'est le droit d'en récolter",
5165.36,5209.6,"Et les fruits récoltés, c'est joli ça, au lieu de récolter, voilà, le droit d'en récolter les fruits. Le droit d'en récolter les fruits, ça veut dire de manière simple, le droit de gagner de l'argent avec. Et généralement, le droit d'en récolter des revenus, généralement, le fructus, on le lit directement à l'allocation. Le droit de le louer et donc d'en récolter les loyers. Mais pas seulement. Le fructus, ça peut être plus large que ça. Ça peut être tout simplement le droit d'en faire une exploitation qui rapporte des revenus.",
5209.6,5255.42,"Donc, on pourrait étendre le fructus à cultiver la terre et en récolter des produits, des patates, des pommes ou des poires, avoir une activité artisanale ou que sais-je, retirer de l'argent de ce bien. En fait, quand on parle de fluxus, donc 99% des cas, on parle de récolter les loyers. Il y a certains auteurs en droit, ça c'est ce qu'on appelle de la doctrine, qui disent que ça se limite aux loyers. Mais des jurisprudences très anciennes ont consacré que non. Bon, on ne va pas rentrer là-dedans, dans ce qu'on appelle l'exégèse de la doctrine. Restez sur les loyers.",
5255.42,5287.68,"Et ensuite, il y a la dernière chose, l'abusus, c'est le droit d'en disposer, c'est-à-dire le droit de le revendre, le droit de revendre l'appartement, de revendre la maison. Usus, frutus, abusus, ce sont les trois droits qui composent la pleine propriété. Quand j'achète une maison, je l'achète en pleine propriété, j'acquiers ces trois droits également.",
5287.68,5325.4,"Et bien lorsque j'achète une maison en viagé, et bien je n'ai pas forcément ces trois droits. J'en achète généralement la nue propriété, c'est l'abus. Le reste, je ne l'ai pas. Parce que, dans la majorité des viagers, j'achète le bien, j'en deviens donc nue propriétaire et non pas usufruitier, je n'ai pas le droit d'en disposer de l'habiter.",
5325.66,5357.58,"Je n'ai pas le droit d'en récolter les fruits parce que la personne qui m'a vendu ce bien me l'a vendu en disant « mais attention, je reste dedans jusqu'à ma mort. Je vous le vends moins cher aujourd'hui, c'est une bonne affaire pour vous, mais je reste dedans jusqu'à ma mort. » que plus tard",
5357.58,5389.66,"et on ne sait pas quand plus tard il ne faut pas qu'on sache quand plus tard d'ailleurs ça on le définira lors de la formation en elle-même alors bien entendu vous le savez tous il y a différentes composantes financières généralement quand on achète un viagé alors on l'achète moins cher imaginons que la maison coûte 500 000 euros là je vais l'acheter beaucoup moins cher puisque je ne peux pas l'habiter je ne peux pas en faire ce que je veux on va y avoir une décote qu'on appelle une décote viagère Généralement, je paye une somme tout de suite",
5389.66,5421.82,"Imaginons que la maison vaille 500 000 euros Je paye aujourd'hui, je prends des chiffres idiots 100 000 euros que je donne tout de suite à la personne âgée Parce que c'est dans la majorité des cas des personnes âgées Je lui donne tout de suite 100 000 euros C'est ce qu'on appelle le bouquet Le bouquet, en fait, c'est la somme que je mets sur la table aujourd'hui pour contracter le viagé alors je vous dis ce sont des personnes âgées en moyenne le vendeur d'un viagé",
5421.82,5468.38,"il a 74 ans vous voyez c'est de manière évidente toujours des des personnes âgées mais c'est pas forcé ça peut être quelqu'un de plus jeune c'est quand même relativement rare donc je lui donne une somme tout de suite dont elle fait ce qu'elle veut On appelle ça le bouquet. Et ensuite, je vais lui payer une rente. Une somme mensuelle ou trimestrielle qu'on appelle la rente viagère. La rente. C'est une somme. Imaginons, je vais lui donner chaque mois 1000 euros. Je vais lui donner 100 000 euros aujourd'hui. Et puis après, je vais lui donner 1000 euros par mois jusqu'à son décès.",
5468.38,5509.1,"Et le jour où cette personne meurt, à ce moment-là, je récupère en plus de mon abusus, je récupère mon usus et mon fructus. Je suis en pleine propriété du bien, je le possède entièrement. C'est comme ça que fonctionne un viagé. Alors après, il y a plein de manières de moduler ça. On paye une rente plus ou moins élevée, ou pas du tout de rente. On paye un bouquet plus ou moins élevé, la personne âgée reste dans le bien ou pas, elle n'est pas obligée de rester dans le bien, il y a plein de manières d'articuler tout ça, ce qu'on va étudier au cours de cette vidéo.",
5509.1,5539.86,"Ça va être un peu dense, vous allez voir, il va y avoir beaucoup de choses. Le viagé, c'est quelque chose qui existe depuis bien longtemps, que tout le monde connaît. Attention, il ne faut pas s'imaginer que maintenant vous allez avoir accès à ce nouveau type de commercialisation, ça va tout changer, maintenant vous pouvez commercialiser des biens en plus, vous allez multiplier vos ventes par 50. non, pas du tout, le viagé ça peut être intéressant mais il ne faut pas s'imaginer que c'est la poule aux oeufs d'or",
5539.86,5588.26,"il y a très très très peu de viagés qui se commercialisent en France chaque année, est-ce que vous avez une idée le son est mauvais, il n'y a plus de son vous ne m'entendez plus là, ou est-ce que vous m'entendez et ça revient là il y a Guillaume et Isabelle qui me disent que le son est mauvais c'est comment pour tout le monde c'est mieux, d'accord à votre avis combien de ventes immobilières en france chaque année à votre avis 750 milles nous dit catherine alors laurent vient de dire une grosse connerie après pourquoi donc",
5588.26,5628.54,"Donc, 750 000, nous dit Catherine, 900 000, nous dit Corinne. Oui, on est dans ces eaux-là. On va dire, allez, on fait une moyenne à 800 000. En France, en ce moment, chaque année, on va dire 800 000 ventes. Je parle de vente normale, pas rentable. OK ? Donc, on va mettre ici, vente classique, environ 800 000. Oui, 750 000, 900 000, on est à peu près là, bien sûr. « Combien y a-t-il selon vous de ventes en viagé en France chaque année ? »",
5628.54,5660.16,"Et c'est là que Laurent avait dit sa connerie, parce qu'il avait donné le nom des ventes en viagé, mais il a triché, au lieu des ventes normales. Alors, à votre avis, combien y a-t-il de ventes en viagé ? Alors, on me dit 3%, 5%, 10%, 15 000, 35 000 ! 5 000 ventes par an, entre 5 000 et 5 500 exactement.",
5661.58,5692.68,"Donc vous voyez, ce n'est pas le Pérou. Il ne faut pas s'imaginer que du jour au lendemain, vous allez avoir une manne qui va s'ouvrir, une poule aux œufs d'or entre les mains. Non, c'est environ 0,5% des ventes annuelles. Donc vous voyez, ce n'est pas énorme.",
5695.4800000000005,5725.599999999999,"Je disais à Laurent hier quand j'avais un téléphone, si on fait une simple division entre le nombre de ventes en viagé par le nombre de communes en France ça fait 0,13 ventes par commune et encore quand je dis une commune je ne dis pas un village je ne dis pas un village je dis une commune 0,13 donc vous voyez ça ne va pas changer la donne",
5725.599999999999,5757.42,"mais attention, il y a deux choses qui sont intéressantes c'est que premièrement ces dernières années depuis le Covid environ peut-être un peu avant, je ne sais pas exactement, environ depuis le Covid, on va dire, ça augmente, et ça augmente de manière notable. Alors vous pourrez me dire, c'est normal, allongement de la durée de vie, bien sûr, les retraites sont incertaines, on met de plus en plus les personnes âgées en EHPAD, il faut financer l'EHPAD, les gens sont de plus en plus vieux de plus en plus tard,",
5757.42,5788.96,"c'est normal, ça va dans la logique sociologique et démographique ça va dans la logique de cette évolution normale et naturelle oui absolument mais on s'aperçoit que ça augmente plus fort, plus vite c'est un petit peu comme si le viagé avait un peu le vent en poupe je ne vais pas dire devenu à la mode mais quasiment donc premièrement on pourrait dire que c'est quand même un marché d'avenir sans aucun doute il est très faible ce marché",
5788.96,5820.679999999999,"mais c'est un marché qui croit et qui va sans aucun doute croître dans la vie mais également c'est surtout un marché d'opportunité aujourd'hui vous pouvez passer à côté d'un viagé notamment parce que vous avez une bonne relation avec votre notaire et puis il vous met sur le coup d'un viagé et puis vous êtes obligé de dire bah non désolé je ne sais pas faire, on ne fait pas donc en fait vous rater plutôt des opportunités qu'autre chose, qu'un vrai levier de croissance regardez, je suis absolument convaincu",
5820.679999999999,5860.04,"que WeMove est un levier de croissance très important à actionner WeMove, ça peut changer la donne dans votre chiffre d'affaires le viagé non, mais le viagé ça peut être des opportunités intéressantes donc c'est la raison pour laquelle on vous propose de vous lancer là-dedans comment va se dérouler cette formation ? va se dérouler en trois étapes. Premièrement, une vision de formation sur le viagé lui-même",
5860.04,5891.68,"avec moi. Deuxièmement, une visio sur l'estimation du prix. J'écris n'importe quoi. Alors, à votre avis, c'est avec qui ça ? Bien sûr que c'est avec Laurent. le champion de l'estimation du prix",
5891.68,5922.08,"de la vie de valeur c'est Laurent c'est pas moi, il est beaucoup plus légitime que moi pour vous former là dessus donc une première vision sur le viagé lui même, je vous explique dans le détail juridique, historique, fiscal comment ça fonctionne les différents types de viagés comment ça s'articule etc etc c'est déjà un bon morceau une deuxième vision avec l'orange",
5922.08,5956.38,"je ne sais pas pourquoi j'ai un espace en trop ici sur le prix lui-même comment on fait pour estimer le bouquet, la rente est-ce qu'il y a un bouquet, est-ce qu'il y a une rente comment on articule tout ça troisième étape un QCM obligatoire avec 75% de réussite que vous pourrez passer plusieurs fois si vous l'avez raté. QCM obligatoire avec 75% de réussite pour pouvoir former,",
5957.28,5990.0,"pour pouvoir commercialiser des viagers. Ensuite, ceux d'entre vous qui seront intéressés par des viagers et qui pourront commercialiser, seront coachés individuellement par moi. C'est-à-dire que lorsque vous rentrerez vos premiers mandats en viager, je vais vous aider, vous coacher individuellement on en parlera ensemble quelle est l'éthique de viager on s'y prend comme ci, on s'y prend comme ça on va faire ci, on va faire ça ces trois visios vont se dérouler",
5990.0,6020.06,"ces trois visios, pardon ces trois étapes, excusez-moi, vont se dérouler de la manière suivante je pense que courant avril-mai on va faire les visios de formation elles-mêmes, il va y en avoir deux la même, parce que tout le monde ne peut pas être là le même jour au même endroit et après, ceux d'entre vous qui auront fait cette visio jusqu'au bout pourront s'inscrire à la visio de Laurent au visio de Laurent, il y en aura également deux",
6020.06,6056.360000000001,"ensuite, il y aura un QCM dans Eglantine, parce que vous ne le savez pas ça je ne l'ai dit encore à personne mais je suis en train de travailler ardemment à remettre en place le e-learning dans aiglantine avec des qcm tout nouveau tout beau tout frais tout joli et il y aura ce qcm obligatoire et il faudra avoir 75 % de réussite minimum pour pouvoir commercialiser les biens ensuite alors le qcm attention soyons clairs c'est pas l'examen d'entrée à navarre alors",
6056.360000000001,6090.38,c'est un qcm sur les formations que nous aurons fait sachant que ceux d'entre vous qui auront fait les formations disposeront des supports de cours qui sont quasi fini voici par exemple le support de cours prévu alors il y aura et non ça c'est pas du tout le support de course assez le plan excusez moi je vous dis n'importe quoi le support de cours je vais vous montrer tout de suite il,
6090.38,6136.84,"Il sera optimisé, on est en train de voir. Laurent l'a déjà potassé aussi pour me dire, tiens, ça, c'est pas très clair. On modifie comme si on modifie comme ça. J'ai proposé à Julien également de jeter un oeil dessus, éventuellement Marjo. Enfin, on peut voir deux, trois agents qui regardent si c'est bien clair. Mais vous aurez également donc ce support de cours complet. Alors, c'est assez dense. Il y a quoi ? Il y a 27 pages. C'est pas rien quand même. Alors, 27 pages, c'est aéré, ce n'est pas la légende des siècles, soyons clairs, ce n'est pas non plus Proust. Lisez Proust. Je sais que je vous l'ai probablement déjà dit, lisez Proust.",
6136.84,6168.18,"ça peut paraître pénible, ça peut paraître difficile, il y a des auteurs à côté desquels il ne faut pas passer bien sûr Victor Hugo, je vous parlais de la légende des siècles bien sûr Proust faites cet effort ça je ne vais pas dire que ça va vous changer la vie mais il y a beaucoup de choses que vous envisagerez différemment après avoir du Proust lisez poste, c'est pas le seul auteur",
6168.18,6200.04,"qui faille lire bien sûr mais il faut lire poste bon, on s'en fout de ce que je dis là vous voyez c'est pas je vous disais c'est pas poste, c'est pas ultra dense ultra long il y a des parties un petit peu aérées pour repasser au truc suivant mais vous aurez si vous faites toutes ces formations vous aurez accès à ce support de cours quand il sera complètement terminé, il est quasiment terminé et le QCM portera sur ce support de cours",
6200.04,6247.64,"il n'y aura pas des réponses cachées ailleurs qu'il faudra les trouver sur internet absolument pas donc voilà comment ça va se passer pour le pour le le visager est-ce que vous avez des questions ? avant que on termine par les 2-3 petites choses qu'on a à voir non il n'y a pas de questions ? Alors oui, Véro a demandé des cours ou visio sur les pathologies du bâtiment. Oui, c'est tout à fait prévu. Et d'ailleurs, Véro nous a posé une question en disant comment fait-on pour l'évaluation d'un prix lorsqu'on a un bien qui lui souffre de beaucoup de ces pathologies de bâtiment, éventuellement des fissures, etc.",
6248.14,6289.64,"Alors, c'est plutôt une question que vous verrez éventuellement avec Laurent, parce que, comme je vous l'ai dit, il est plus pertinent que moi là-dessus, mais de manière simple, un bien qui a un gros défaut, qui est facilement reconnaissable et chiffrable. Il faut faire l'avis de valeur du bien sans ce défaut, parce que c'est difficile, je n'ai pas forcément dans le quartier 50 maisons qui ont le même défaut pour faire une comparaison. Eh bien, faites l'avis de valeur de ce bien sans ce défaut, Ensuite, obtenez des devis, au moins trois devis pour la réparation de ce ou de ces défauts.",
6289.64,6329.84,"Et ensuite, on va négocier le prix de base en prenant en compte les devis de réparation de ces défauts qu'il faut obligatoirement réparer. Si c'est une question de goût, je n'aime pas la couleur de la salle de bain. Ce n'est pas une pathologie du bâtiment, ce n'est pas un défaut dont il faut absolument prendre le coup en compte. Par contre, effectivement, une maison dont il faut entièrement refaire la toiture, je prends cet exemple comme ça, on regarde quels sont les travaux de toiture impératifs à faire, combien ça coûte, et on va prendre ça soit en levier de négociation, soit directement à impacter sur le prix de vente.",
6329.84,6360.3,"mais effectivement c'est plutôt des questions qu'il faut poser à Laurent, je pense qu'il vous donnera des réponses plus précises que les miennes et sur les honoraires de Viagé j'ai peut-être deux Viagé à récupérer alors les honoraires de Viagé c'est une question qu'on s'est posé avec Laurent, Laurent me l'a posé et on est en train de réfléchir nous-mêmes également et là il y a bien sûr Julien qui balance une tarjette à Camille en disant coaching avec Camille, prendre quelqu'un concerné par le Viagé, bam toujours Julien et Camille",
6360.3,6390.52,"donc la question Guillaume sur les honoraires du viager, on se pose la question est-ce que on fait des grilles spéciales pour le viager ou pas on est en train d'étudier je suis en train de regarder quels sont les tarifs des viagers, des spécialistes comme Coste mais c'est pas le seul pour voir à peu près comment ça s'articule par rapport à des honoraires normaux les honoraires du viager se prennent par rapport à la valeur du bien la valeur vénale",
6390.52,6437.86,"c'est à dire la valeur de marché la maison vaut 500 000 euros sur le marché aujourd'hui moins la décote viagère 300 000 euros par exemple vous avez une maison de 500 000 euros mais sa valeur viagère quand on applique la décote parce que le monsieur va continuer à habiter dedans etc etc etc elle ne vaut plus que 300 000 euros c'est ça le prix de vente et c'est là dessus que sont calculés nos honoraires est-ce qu'il faut qu'on ait des grilles d'honoraires un peu plus costauds ou pas C'est ce que je suis en train de regarder et d'étudier, dont on reparlera au cours de ces visios futures. Je n'ai pas encore la réponse. Donc, on regarde ça. Je vous invite d'ailleurs, si vous êtes intéressé, à regarder un petit peu ce qui pourrait se faire dans votre secteur. Mais a priori, on appliquerait votre grille d'honoraires à la valeur viagère.",
6437.86,6468.92,"est-ce qu'on va s'adapter et faire des grilles un peu différentes pourquoi pas j'y ai pensé, c'est une des premières questions qui est venue à l'esprit de Laurent c'est une question qui vient tout de suite à l'esprit de Guillaume ce qui prouve bien qu'elle est pertinente cette question donc on regarde on se demande et puis on regarde ça j'ai trouvé Gestimo pour avoir des questions prononcées sur la vie de valeur et c'est très bien nous dit Vérot, j'ai deux couvreurs à la maison, ah bah oui, son mari est couvreur et Vérot, c'est normal donc voilà, s'il n'y a pas plus de questions",
6468.92,6507.62,"là-dessus sur le viagé ma voisine vient de signer un viagé, c'est dommage qu'elle n'ait pas fait avec nous, alors juste avant de partir les amis, je voulais vous montrer deux petites choses qui ont été faites par Cathy, Cathy du Pas-de-Calais, elle nous a envoyé les numéros de mandat tout à l'heure et je l'en remercie parce que je lui avais demandé quand on était au téléphone ensemble, elle me les a envoyés alors c'est ici Cathy, voilà les numéros de mandat. Première chose.",
6516.4,6548.0,"Alors, vous allez me dire, Cathy, c'est recyclé dans la vente de vêtements pour hommes. et pour femmes donc j'ai vu là on est dans la section entrée et à la section hommes ici c'est pour les hommes ça non c'est des hommes les hommes du pas de calais après on va voir que il ya une section et plus pour les hommes",
6548.0,6579.46,alors deuxième quotidien envoyé par Cathy boum on arrive est-ce que quelqu'un peut me dire,
6579.46,6612.52,"ce que c'est que ces trucs là Est-ce que Cathy commercialise désormais des magasins de fringues ? Non. Ah oui, Guillaume est en train de me parler d'un petit bug sur l'affichage des pages. Ce sera normalement rétabli demain, Guillaume, en théorie. Ça a été déjà signalé et normalement, je pense que ce sera rétabli demain. Donc, ça a bien été pris en compte. Ah, j'ai fait 15 ans de prêt-à-porter, nous dit Cathy H.",
6612.52,6643.64,"Je ne savais pas. On va croire qu'elle y retourne. Cathy a fait ce que Nicolas a demandé. Oui, c'est exactement. Oui, move avec les commerçants. Vous le voyez. C'est exactement ça qu'il faut faire. Alors, là, il manque une chose qui sera rajoutée bientôt. Il y aura ici les coordonnées de Cathy, en bas à gauche. Quand je dis en bas à gauche, c'est… Ça ne marche plus. Voilà. Ici, là, en bas à gauche. la voyez ma petite souris il y aura les coordonnées directes de Cathy",
6643.64,6675.06,"pour l'instant ce n'est pas encore le cas mais on va mettre ça en place c'est exactement ça que vous devez faire vous devez aller faire ce travail d'aller rencontrer les commerçants de votre secteur alors les commerçants les musées la salle polyvalente de la mairie le salon de coiffure la belle église, le club de badminton, le dojo de karaté, que sais-je encore",
6675.06,6711.58,"je sais que Cathy est en train de faire avec Julien une très belle abbaye, également à mon avis ça, ça va je vais vous montrer si alors attendez hop l'abbaye de Belleval, voilà je cherchais je ne me souvenais plus du nom regardez ce qui est en préparation alors bien entendu il n'y aura pas toute l'abbaye",
6711.58,6742.679999999999,parce qu'elle est encore exploitée par les sœurs etc mais ils sont en train de préparer une visite virtuelle de cette belle abbaye félicitations Chaque fois vous Il faut impérativement Que vous vous lanciez dans la création De maquettes interactives Pour des gens qui sont autour de vous Chez qui vous pourrez mettre Votre petit QR code WeMove Bien sûr Des gens que vous Rentrez dans votre WeMove,
6742.679999999999,6772.72,"Grâce à ce Cadeau que vous leur offrez Une visite virtuelle de leur commerce De leur lieu culturel, associatif n'importe quoi n'importe quoi c'est un cadeau que vous leur faites gratuitement on affiche ça, vous le voyez sur une jolie page sur laquelle il n'y a pas un prix, un machin c'est vraiment une page de visite virtuelle on leur donne ce lien qui est ici",
6772.72,6804.7,"qu'ils peuvent mettre sur leur Facebook leur Instagram, leur n'importe quoi ils peuvent eux aussi d'ailleurs en faire un QR code pour mettre je ne sais pas où, où ils veulent pour mettre sur leur voiture s'ils veulent, c'est un cadeau que vous leur faites en échange d'un nouveau partenariat WeMove, ils ont tout à y gagner, ils gagnent une belle visite virtuelle de leur commerce, gratuite et ils gagnent la possibilité de gagner de remporter plus tard de l'argent sur les",
6804.7,6835.56,"mandats qu'ils vous envoient, c'est quand même un deal en or massif pour ne pas dire en diamant faite exactement comme Cathy elle a fait ça cette semaine ces deux trucs là elle les a fait cette semaine donc vous voyez c'est à votre portée et elle a pas chômé, bravo à elle alors d'ailleurs je remarque Cathy l'appareil que vous utilisez pour faire les 360 il est soit sale soit abîmé à cet endroit là sur une des lentilles regardez, on voit que sur toutes les photos il y a une zone qui est un peu floue",
6835.56,6866.92,"ça peut être une grosse trace de doigt une traînée un petit peu sale ça peut être également une rayure dessus, je ne sais pas donc je vous invite à regarder ça parce que vous voyez, si on va regarder ailleurs sur les autres photos on le voit aussi ici, là, vous voyez il y a toute cette bande là c'est le truc qui est un petit peu un petit peu abîmé Guillaume demande est-ce qu'il est possible de m'envoyer des exemples de liens de maquettes interactives de commerce pour que je puisse",
6866.92,6899.56,"proposer, bien sûr Je vous en envoie un premier, mon cher Guillaume. Le voici. Et puis je vous en envoie un deuxième, celui que j'ai montré juste avant, à Saint-Paul. Oh, je fais n'importe quoi ! Voilà. Et le voici, mon cher Guillaume. Vous en avez deux. Si on en a d'autres, on vous en enverra éventuellement d'autres, il n'y a pas de problème. Cathy fait exactement",
6899.56,6929.98,"ce qu'il faut faire bravo je disais tout à l'heure à Julien il va dire ça va encore avec les faillots du Pas-de-Calais et le lèche-botte c'est exactement ça qu'il faut faire là ce sont deux magasins de vêtements Julien avait fait un petit resto l'autre jour il faut faire les belles églises il faut faire je voyais avec Guy en début de semaine, mardi on en discutait je lui disais à côté de chez vous, à Bain-de-Bretagne il y a, on voyait un beau truc où ils faisaient des",
6929.98,6960.360000000001,"jites, des chambres d'hôtes ou je sais pas quoi c'est idéal les jites et chambres d'hôtes là-bas, idéal parce qu'ils ont besoin eux, d'une belle visite virtuelle de leur chambre, de la piscine du machin, pour mettre sur leur site internet sur Instagram, sur Facebook, sur Booking ou je sais pas quoi, ils en ont besoin ça coûte cher, ils savent pas où le faire ils y ont pas pensé, vous, vous arrivez, vous leur faites ce cadeau là gratuit, gratuit alors si j'apprends qu'il y a un malin parmi vous qui vend en douce ça va mal aller",
6960.360000000001,6991.94,"donc je vous en prie je lui ai envoyé par mail, il nous remercie ça c'est de l'efficacité donc Cathy fait là exactement ce qu'il faut faire, suivez son exemple suivez son exemple c'est vraiment comme ça que vous allez développer votre notoriété locale. Et là, aucun de vos concurrents n'a accès à ça. Ce n'est pas vrai. On a toujours des agents qui disent,",
6992.22,7024.04,"« Oh, mais les autres, ils font aussi, les autres, ils font ça. » Non, ce n'est pas vrai. Vous ne pouvez pas montrer un agent immobilier, un négociateur immobilier qui va offrir des visites virtuelles aux commerçants, aux tissus associatifs locales, gratuitement, pour faire un partenariat WeMove. Ne venez pas me raconter ça, ce n'est pas vrai. Parce qu'alors là, j'attends de voir. voilà ce que vous devez tous faire ça va vous apporter énormément je vous disais il y a un instant le viager c'est peut-être pas ça qui va multiplier votre chiffre d'affaires",
7024.04,7054.26,"par 50, on le voit par contre vous pourrez faire quelques opportunités par ci par là, pourquoi pas ça par contre, les visites virtuelles associées à WeMove c'est un levier de rentrée de mandat de qualité qui lui peut vraiment vous permet de doubler votre chiffre d'affaires ça par contre c'est une réalité n'oubliez pas que Julien, l'année dernière Julien, le faillot l'année dernière, sans utiliser les visites virtuelles aux commerçants juste en étant hyper proactif sur WeMove",
7054.26,7084.900000000001,"il a fait 7 actes authentiques qu'il n'aurait pas fait j'ai pas dit 7 mandats 7 ventes 7 actes authentiques qu'il n'aurait pas fait s'il n'avait pas utilisé WeMove qui parmi vous peut dire, cette 27 actes authentiques oh ça change pas grand chose dans un chiffre d'affaires, tiens bien sûr que ça change tout dernière chose avant de partir je sais pas si vous l'avez vu, si ça s'est bien présenté",
7084.900000000001,7116.66,"à vous, je sais pas quoi mais tous ceux d'entre vous qui se sont inscrits avec le lien d'inscription de la vision de ce soir j'espère que ça va marcher, on va voir ils sont normalement inscrit à toutes les visios du jeudi jusqu'à fin juin on a enfin réussi à faire fonctionner cette option de l'inscription unique à toutes les visios questions réponses du jeudi de fin juin, alors c'est pas pour les autres visios sur le viager, sur je sais pas quoi pour les visios questions réponses, normalement vous êtes inscrit",
7116.66,7148.98,"une fois jusqu'à fin juin ça va prendre en compte les autres visios du jeudi, mais que les visios du jeudi, on va voir si ça marche, normalement ça a l'air J'espère bien. 70 retraités à la chorale de Colombes, c'est un bon filon pour le viagé. C'est un excellent filon pour le viagé. Alors, il faut que vous sachiez que dans la visio, justement, sur le viagé que j'ai préparé, il y a une partie, effectivement, dans laquelle on voit quelles sont les actions que vous pouvez mettre en œuvre,",
7148.98,7179.82,"les actions concrètes que vous pouvez mettre en place pour essayer d'aller chercher des viagers excusez-moi et effectivement aller voir les retraités de la chorale de Colombe comme d'autres actions ça peut être une excellente manière de faire oui absolument à bientôt Hugues qui nous quitte visio drone de l'abbaye aussi on pourrait bien sûr absolument absolument, j'ai proposé d'ailleurs",
7179.82,7211.52,"à Julien et Cathy lorsque je viendrai la prochaine fois chez eux dans le coin, d'aller faire des belles photos de drones éventuellement de l'abbaye, alors vous voyez qu'ils en ont déjà apparemment d'après ce que j'ai vu sur internet peut-être qu'on peut en faire d'autres, je ne sais pas en tout cas on le fera avec beaucoup de plaisir parce que moi vous savez vous me dites un vieux château médiéval une abbaye une une abbassiale, une église etc vous savez j'accours, je galope une cathédrale, un machin, j'arrive, j'arrive j'arrive, je laisse tout tomber",
7211.52,7242.06,"et je débarque donc je dirais hyper hyper hyper volontiers. Est-ce que vous pouvez mettre les deux liens dans le chat ? Ah oui, oui, oui c'est une très bonne idée Guy, alors attendez je vais récupérer les liens que j'ai envoyés il y a un instant à Guillaume et je les envoie dans le chat pif, paf, pouf, clac le chat, il est là hop, les voici les visios viagées seront-elles éligibles, loi, allure ? Oui, absolument. Elles seront éligibles, loi, allure.",
7242.62,7274.2,"Mes visios à moi et les visios de Laurent sur le Viagé seront éligibles, loi, allure ? Absolument, tout à fait. Avant de signer mes contrats cette semaine, pourriez-vous me dire si j'estime 45 euros par mois, estime complète ? Ah, je ne peux pas vous dire comme ça. Envoyez à l'animation les éléments verrous et je regarde demain si vous voulez. Là, je ne peux pas vous dire comme ça, je n'y connais pas, j'estime. Envoyez tout ce que vous avez à l'animation et je regarde demain, je vous le promets. Est-ce qu'on a tout vu ? Oui ? Bon, regardez, ce soir, je vous laisse à peu près à l'heure.",
7274.639999999999,7306.92,"À peu près à l'heure. En tout cas, bravo Cathy. Cathy, c'est le bon élève de la semaine. 30 points pour Gryffondor, hop, pour ses deux visios de magasin. Jetez un petit coup d'œil, Cathy, à votre appareil de prise de vue parce que vous voyez, il y a cette espèce de zone-là un peu floue. soit votre appareil est rayé soit tout simplement il est sale à cet endroit là ça peut être tout simplement qu'il n'est pas très propre il suffit de bien l'essuyer et de bien le nettoyer en tout cas vérifiez parce qu'on voit clairement qu'il y a un petit défaut là dessus",
7306.92,7337.38,mais c'est pas grave là dessus d'ailleurs vous savez si vous retournez prendre la photo on peut la changer c'est assez habituel merci à tous merci à toutes pour cette visio on vous tient au courant pour les dates de visio sur le viagé pour ceux d'entre vous qui seront intéressés on enverra un email à tout le réseau quand les dates auront été calées ce sera vers je pense à partir de la deuxième quinzaine d'avril je pense merci à tous je pense qu'il est un peu rayé,
7337.38,7369.219999999999,"nous dit Cathy très bonne soirée à tous et à toutes Corinne, Maryse, Catherine, tout le monde Véro, merci beaucoup et puis à très très vite bien sûr, ah, et rentrez des mandats s'il vous plaît, plein de mandats plein plein plein, rentrez des mandats, c'est vital et lisez Proust, oui Véro me dit, on va dire Proust lisez Proust mais pas seulement Proust si vous voulez je vous fais une petite une liste, conseil de",
7369.219999999999,7397.519999999999,"conseil de lecture non, je déconne, je vais pas je vais pas vous le faire, je vais pas vous le faire d'autant que je vais vous faire lire des trucs chiants qui vous intéresseront pas mais lisez Proust, oui Balzac aussi, lisez Balzac hyper important Balzac hyper important Peter Hugo un peu lignifiant un peu cucul à praline mais d'une puissance littéraire absolument incontestable bonne soirée à tout le monde merci beaucoup et à très bientôt",
0.0,30.0,"Bonsoir. On va commencer si vous voulez bien. Alors, on va voir différentes petites choses. Déjà, je vais lancer mon églantine sur votre écran pour que vous puissiez la voir. Où est mon églantine ? Je l'ai ici, mon églantine. Voilà. Hop ! Je la connecte. Je partage mon écran. Non, tout l'écran. Voilà, je peux partager cet écran.",
30.0,62.34,"Hop là ! Donc là, normalement, vous voyez bien Eglantine d'ici quelques petites secondes. Oui, voilà, ça y est, vous voyez Eglantine. Alors, on a différentes petites choses à voir en introduction. Déjà, avant tout, merci à ceux d'entre vous qui nous ont envoyé leur RCP 2025. Il nous en manque encore beaucoup, beaucoup, beaucoup, beaucoup, beaucoup, beaucoup, beaucoup de RCP 2025. pas mal d'entre vous nous les ont envoyés",
62.34,96.1,"je les remercie mais pas mal d'entre vous ne nous les ont toujours pas envoyés vite vite vite les amis on devait les avoir pour le 10 pour le 10 janvier c'est très très très important donc l'ARCP 2025 envoyez-les à animation.com c'est super important au sujet de l'ARCP 2025 je ne sais pas si Eric est avec nous Là, je parle d'Éric à côté de Lyon, à Dessines. Non, Éric n'est pas là aujourd'hui.",
96.48,126.88,"Ah, mais il a dit qu'il ne serait pas là. Il a dit qu'il ne serait pas là. Il a envoyé un email hier, aujourd'hui. Cette année, nous allons probablement pouvoir refaire les cartes professionnelles de tout le monde. Pourquoi ? Parce que je vous en avais parlé au cours de l'année 2024. en juillet 2024 nous avons refait la carte professionnelle de la lucarne de l'immobilier que nous devons refaire tous les 3 ans c'est complètement idiot que ce soit tous les 3 ans à une époque c'était tous les 10 ans",
126.88,157.0,"ça c'était super pratique alors qu'on dit que c'est un peu trop long tous les 10 ans réduire à 5 ça aurait été bien pas tous les 3 ans c'est trop court donc juillet 2024 on a refait la carte de la lucarne certains d'entre vous d'ailleurs nous avez envoyé leur carte périmée, la toute première à l'avoir fait c'était Nathalie qui nous avait envoyé sa carte périmée en tout premier donc Nathalie était la meilleure élève de ce point de vue là Nathalie est toujours une excellente",
157.0,190.86,"élève pour tout, de toute manière mais là de ce point de vue là elle a coiffé tout le monde au poteau et quand nous on refait notre carte on doit refaire les cartes de tous les collaborateurs de la Lucarne mais nous ne l'avons pas fait l'année dernière parce que la société anonyme à la lucarne de l'immobilier est en cours de transformation en société par action simplifiée pour des raisons comptables tout simplement pour des raisons comptables une sas c'est plus c'est moins contraignant c'est plus facile c'est moins coûteux à gérer qu'une société anonyme quand on",
190.86,222.12,"a créé la société à la lucarne ya très longtemps une société de ce type là ça se faisait en société anonyme. Aujourd'hui, la SAS a pris son envol, elle apporte un très grand nombre d'avantages, donc on transforme à la lucarne de l'immobilier SA en à la lucarne de l'immobilier SAS. Mais on doit d'abord finaliser cette formalité de transformation de la société en SAS pour pouvoir refaire vos cartes professionnelles. Donc on attend que ce soit publié. D'ailleurs tiens,",
222.12,252.72,si j'ai regardé là aux greffes en direct avec vous est ce que ça a été pris en compte il y a eu point fr voilà d'attaqué point fr est ce que ça a été enregistré aux greffes ou pas encore on va voir ça ensemble à la lucarne baume de l'immobilier est-ce qu'ils ont enregistré ou pas à sas société par action simplifiée voyez ça y est ça a été enregistré il ya quelques jours,
252.72,283.94,j'ai regardé ça ne l'était pas encore ça y est la société à la lucarne de l'immobilier s a et désormais la société à la lucarne de l'immobilier s a s et on devrait voir quelque part caché ici la dernière date de modification je ne sais pas où ils l'ont mise mais c'est pas grave documents associés ah procès verbal de transformation ça doit être celui-là,
283.94,315.02,"ok, bon, écoutez ça y est, il y a quelques jours ce n'était pas encore le cas maintenant c'est le cas, à la lucarne de l'immobilier est bel et bien une société par action simplifiée une SAS. Donc, ça veut dire que nous allons pouvoir avancer sur les nouvelles cartes professionnelles. Ça va être donc fait cette année de manière certaine, puisque là, je viens de voir que la modification a bien été prise en compte, elle a eu lieu. Donc, cette année, vous allez tous et toutes avoir vos cartes professionnelles. Alors, je ne sais pas si je vous en ai parlé l'année",
315.02,346.96000000000004,"dernière ou pas, mais on va avoir un petit souci cette année, parce que la CCI Île-de-France, vous, vous pouvez être à droite, à gauche, en Midi-Pyrénées ou ailleurs en Bretagne etc mais vous dépendez de la CCI Ile-de-France parce que à la Lucarne de l'immobilier est en Ile-de-France et vous dépendez donc de la CCI de la Lucarne donc c'est la CCI Ile-de-France et la CCI Ile-de-France nous a fait savoir l'année dernière quand on a renouvelé la carte de la Lucarne qu'ils ne souhaitaient plus",
346.96000000000004,378.62,"que nous, la Lucarne nous nous occupions de toutes les cartes professionnelles de nos collaborateurs comme nous le faisions dans le passé, mais que chaque collaborateur devrait faire sa demande de carte individuellement, ce qui va être un bordel pas possible. Donc on essaye de voir comment ça va marcher, on ne sait pas très bien encore comment on va s'y prendre, mais bon, on vous tiendra au courant quand on aura un petit peu plus de nouvelles là-dessus. En tout cas, c'est certain, ce sera cette année, et ce sera même très probablement là au premier trimestre, puisqu'on est bel et bien une SES.",
378.62,408.74,"Alors il faut juste avant que nous refassions la carte de la lucarne, parce qu'avant de refaire les vôtres, maintenant qu'on est une SAS, il faut qu'on refasse la carte de la lucarne avec les coordonnées de la SAS et ensuite qu'on fasse vos cartes à vous. Donc, je vous tiens au courant. On vous enverra des e-mails et je vous en reparlerai au cours des différentes visios. Julien dit qu'il était sujet à cette saloperie.",
408.92,440.0,"J'imagine qu'il s'agit des migraines ophtalmiques. Rendez-vous chez le chiropracteur en deux séances. Plus de problèmes depuis dix ans. Ah ouais ? Alors ça, c'est que vous deviez avoir un problème peut-être dans les cervicales ou quelque chose comme ça ? Moi, je ne suis jamais allé voir un chiropracteur. J'ai fait plein de trucs, mais ça, je n'ai pas fait. cela signifie qu'on doit modifier dès aujourd'hui la mention inscrite dans les compromis de vente à la lucarne de l'immobilier, SAS au lieu de SA oui, on va le faire en fait, on va le faire à peu près partout parce que partout où il y a écrit à la lucarne de l'immobilier SA",
440.0,471.0,"maintenant il va falloir faire SAS donc c'est sur les mandats, sur les bons visites sur les offres, dans les compromis dans les machins, dans les trucs, dans les bidules ça, ça va prendre du temps parce qu'il y a plein d'endroits où on ne le verra pas tout de suite Il y a plein d'endroits où on s'en apercevra dans un mois, deux mois, trois mois, quatre mois. Mais effectivement, Corinne a raison, il faudra modifier ça dans les futurs compromis de vente. Il faudra désormais écrire à la lucarne de l'immobilier SAS au lieu de la lucarne de l'immobilier SA. Le reste ne change pas. Le numéro de la carte professionnelle ne change pas, le numéro de SIRET ne change pas,",
471.54,503.12,"l'adresse du siège ne change pas, etc. Il y a juste SAS au lieu de SA. ça veut dire que aujourd'hui, à partir d'aujourd'hui Nelly n'est plus PDG, elle n'est plus que président elle a été rétrogradée parce que vous savez que selon le type de société, selon la forme juridique le dirigeant n'a pas le même nom, il peut s'appeler gérant il peut s'appeler président, il peut s'appeler président directeur général, dans le cas d'une ESA uniquement, une ESAS a à sa tête un président, donc Nelly est désormais",
503.12,533.56,"président, elle est rétrogradée là pour vous Alors, ça, c'est vu. Deuxième chose très importante, parce que vous avez remarqué qu'on vous envoie régulièrement des emails là-dessus. J'en ai déjà parlé l'année dernière deux fois au cours de deux visioconférences. Nous allons en reparler aujourd'hui à nouveau. Ce sont les mauvais scans de documents. Les mauvais scans de documents, je vous en ai déjà montré plein.",
534.08,564.5600000000001,"Ce sont des documents que vous envoyez à l'animation tous les jours, un DPE, une taxe foncière, une attestation de je ne sais pas quoi, et que nous ne pouvons pas exploiter. Pourquoi ? Parce qu'il faut savoir que nous, quand on reçoit votre document, on doit derrière non seulement l'archiver après lui avoir fait subir un certain nombre de traitements informatiques une reconnaissance de caractère et une réduction de taille, une compression ça c'est pour que ça tienne bien dans les glantines on les injecte dans les glantines donc et après",
564.5600000000001,597.4599999999999,"ce sont des documents que nous devons garder notamment en cas de procès c'est très important en cas de procès on doit avoir des documents absolument nickel. Également pour la DGCCRF qui régulièrement nous demande tel DPE tel machin, tel truc, et on va reparler des contrôles de DGCRF et de DPE dans un instant. Donc, on vous dit régulièrement, désolé, ce scan, nous ne pouvons rien en faire, merci de nous envoyer un scan de bonne qualité. Je vais vous en montrer un certain nombre, et vous allez comprendre tout de suite pourquoi on n'en veut pas.",
597.9599999999999,635.34,"Alors, ça peut être de différents degrés. On peut avoir des documents plus ou moins pourris. On peut avoir des documents absolument pourris, illisibles. on peut avoir des trucs pas géniaux des trucs pas trop mal il ya un moment où on vous dit non ça c'est trop pourri ça on ne peut rien en faire je vais vous donner un exemple tout bête ça excusez moi c'est pas sur le bon écran que ça s'est ouvert je vais vous le montrer tout de suite ça c'est pourri alors tous les documents que je vous montre là ce sont des documents qu'on a",
635.34,669.48,reçu dans les jours qui viennent de s'écouler d'entre eux maintenant et on va dire le 30 décembre c'est pas quelque chose comme ça sont des trucs récents de maintenant c'est pas des vieux machin qu'on avait gardé je sais pas quoi donc voyez ça cette taxe foncière on peut pas on peut pas accepter c'est premièrement c'est pas droit on n'arrive pas à tout lire on sait pas où c'est regarder ici tout ça c'est illisible on peut dire mais c'est pas grave l'information dont on a besoin elle est là et elle est lisible non tout doit être lisible tout tout tout tout tout doit être parfaitement lisible et parfaitement cadré autre exemple que nous ne pouvons en aucun,
669.48,702.06,cas accepté c'est ça une photo de l'écran mais c'est dégueulasse et regarder on n'a même pas le numéro ademe en haut on l'a même pas donc ça ça n'est pas possible non plus en fait le les documents que nous pouvons accepter c'est ça ça c'est nickel ça c'est exactement ce dont nous avons besoin ça et pas autre chose voyez ça ça c'est crado c'est crado c'est pas lisible c'est,
702.06,733.0799999999999,deux côtés c'est sur le ccc travers c'est ça c'est pas acceptable ça n'est absolument pas acceptable ça vous voyez on est à la limite on est à la limite parce que c'est quand même c'est quand même plat voyez c'est quand même bien droit c'est lisible donc ça voyez on est vraiment à la limite ça veut dire que ça nous l'accepte mais je comprendrais même que quelqu'un de l'animation,
733.0799999999999,764.5200000000001,"disent bah non non j'accepte pas parce que c'est pas déjà c'est pas alors la deuxième raison pour laquelle on s'accepte pas c'est que c'est pas un pdf ça on y revient dans un instant voyez on est vraiment à la limite là on est bon allez on peut faire une exception on le prend d'accord par contre Ça, il n'y a pas d'exception, on ne le prendra pas. Ce n'est même pas la peine. On n'enverra pas le mandat, on ne le fera pas. Ça non plus. On nous envoie ça. Ça, ce n'est pas acceptable, ce n'est pas utilisable, ce n'est pas exploitable. D'autant que ça, nous, quand on le fait passer dans notre petite moulinette informatique,",
764.6800000000001,796.5,"quand on l'injecte dans les lentilles, le document est encore bien dégradé. Donc, on ne peut pas. Ça, c'est bon. La première chose que vous devez avoir en tête, c'est que vous devez nous transmettre exclusivement des PDF. Et je vais vous montrer dans un instant comment on fait un PDF quand on a une photo, parce qu'on peut avoir une photo, une image, mais nous, on a besoin d'un PDF. Alors, vous allez dire, vous n'avez qu'à le transformer en PDF, puisque vous, vous savez faire. C'est-à-dire que si vous, vous transformez chacun votre document en PDF",
796.5,827.52,"pour vous l'envoyer, ça fait gagner énormément de temps et d'énergie et de travail à l'animation qui, sinon, va transformer toutes vos images en PDF. Et là, moi, je vais devoir payer 8 personnes juste pour faire les conversions d'images. Donc, je vais vous montrer dans un instant comment on fait un PDF. C'est très facile. Aujourd'hui, c'est d'une facilité sans nom. Il y a des années, il fallait des outils spéciaux, des machins, des je-ne-sais-pas-quoi, des trucs. Aujourd'hui, c'est aussi simple que d'imprimer un document puisqu'il va s'agir, vous allez voir, de faire une impression en virtuel. Donc, la première chose que vous devez avoir en tête,",
827.52,871.6999999999999,"C'est que nous ne pouvons utiliser et accepter que des PDF. Regardez ça, c'est une taxe foncière qui nous a été envoyée par Hugues. Elle est scannée parfaitement à plat, tout propre, tout joli. Et c'est un PDF. D'ailleurs, vous voyez, c'est écrit en haut, huguesgoillon.pdf. Ça, c'est un PDF. Ça, c'est exactement ce dont nous avons besoin. Ça, vous voyez, c'est exactement ce dont nous avons besoin. C'est un PDF qui est parfaitement lisible, qui est nickel, qui est impeccable, qui nous a été envoyé par Isabelle. Ça, c'est exactement ce dont nous avons besoin.",
871.7,905.68,"Je peux vous montrer un diagnostic de Hugues à nouveau, c'est nickel. C'est exactement ça qu'il nous faut. À l'inverse, ça, non seulement c'est une photo, vous voyez, il y a écrit JPG là-haut, non seulement c'est une photo, c'est une image, mais en plus, ce n'est pas sérieux. N'oubliez pas une chose quand même, c'est que oui, c'est vrai, et ça on en est parfaitement conscient, vous, vous êtes face à vos clients, vous êtes dans le rush, vous essayez d'obtenir le document et les justificatifs",
905.68,936.64,"un petit peu comme vous le pouvez, donc il faut s'adapter, j'en suis conscient. Mais il y a une limite, il y a une limite à partir de laquelle, ben non, là c'est plus s'adapter, il ne faut pas oublier qu'on est des professionnels quand même, c'est notre métier, on ne joue pas à la dinette. C'est notre job. Derrière, il y a des implications juridiques importantes. Si ça, ça part au tribunal pour un procès, inutile de vous dire qu'on n'est pas prêt de gagner. Alors, ça, c'est des photos, des JPEGs.",
937.28,973.14,"Il faut en faire des PDF. Alors, celui-là, ce n'est même pas la peine d'en faire un PDF. De toute manière, ça va arriver grado dégueulasse. Donc ça, c'est miette. Par contre, lorsqu'on a une photo comme celle-là, je vous disais, là, on est à la limite. Et là, regardez, on n'est pas à la limite, là c'est nickel, c'est une photo. Vous voyez, il y a écrit en haut JPEG, c'est une image. Mais, elle est nickel, elle est impeccable. Comment j'en fais un PDF ? C'est très, très, très simple. Alors, je ne vais parler que pour les gens qui ont un ordinateur Windows.",
974.16,1004.36,"Ceux d'entre vous qui ont un Mac, on verra dans un instant comment faire. Ceux d'entre vous qui ont Windows, il suffit de faire comme si vous vouliez imprimer. Vous appuyez sur le petit bouton d'impression là-haut, d'imprimante, ou vous faites CTRL-P. Et là, à l'endroit où vous choisissez votre imprimante, là-haut, regardez, vous ne mettez pas l'imprimante et vous choisissez ici Microsoft Print to PDF.",
1004.7,1039.9,"En fait, ça va faire une impression virtuelle en PDF. Ça ne va pas l'imprimer dans l'imprimante, ça va m'en faire un PDF. Après, je fais « Imprimer ». Alors, il me demande à quel endroit je dois le mettre et quel nom je dois lui donner. Donc, moi, je vais le mettre dans mes téléchargements, par exemple, et je vais l'appeler « Taxe foncière 82 652 », qui serait le numéro du mandat. Alors, c'est mieux pour nous l'envoyer après, si vous mettez votre nom et votre prénom, ça nous facilite la tâche.",
1040.0,1070.32,"Mais bon, tant qu'il y a le numéro de mandat, tout va bien. Donc, imaginez que je mette ici Hugues Wallon. Et voilà, je l'enregistre. Maintenant, si je vais regarder dans mes téléchargements sur mon ordinateur, voici le dossier téléchargement, j'ai désormais un PDF. Regardez, ça m'a fait un PDF tout propre, tout joli. ah je l'ai mis en haut, j'ai fait une bêtise vous savez ce que j'ai fait comme bêtise ? je l'ai laissé au format paysage alors j'aurais dû le mettre au format portrait",
1070.32,1105.62,"bon je vais vous montrer, c'est pas plus compliqué que ça je retourne dessus je fais ctrl p imprimer et là je mets portrait ça c'est un petit paramètre que vous connaissez tous et puis je l'imprime, d'ailleurs je vais remplacer l'ancien ici, voulez-vous remplacer ? oui Et je vois désormais ici que j'ai un PDF tout propre, tout joli, tout nickel. Voilà exactement, c'était aussi simple que ça. Alors, ceux d'entre vous qui ont un Mac, je connais très peu les Mac.",
1106.16,1138.42,"Très, très, très, très, très, très peu. J'ai de bonnes fréquentations, je ne connais pas les Mac. Je comprends qui souhaitera. Mais il y a une astuce dont je sais qu'elle fonctionne sur Mac comme ailleurs, c'est que je vous propose d'ouvrir votre image, votre photo, donc je retourne ici dans mon petit dossier avec mes exemples de mauvaises taxes foncières, et vous glissez, regardez, vous glissez déposer votre taxe foncière dans un navigateur Chrome,",
1139.08,1169.9399999999998,"Chrome ou Safari, dans les navigateurs Firefox, Edge, etc ça risque de ne pas fonctionner aussi simplement, par contre si vous utilisez Chrome ou Safari qui est le navigateur par défaut des Mac vous avez vu ce que j'ai fait ? je l'ai prise, ma photo et je l'ai glissée dans une page de navigateur et ensuite je fais imprimer",
1169.9399999999998,1201.04,"ou CTRL P et là encore enregistré au format PDF tout simplement enregistré au format PDF et je l'enregistre et ça, ça fonctionne sur tous les Mac là je l'ai zoomé, ça aurait fait quelque chose de bien ça, ça fonctionne sur tous les Mac c'est pour ceux d'entre vous qui utilisent les Mac je sais par exemple qu'on a Frédéric ici qui utilise Mac, il y a Hélène bien entendu qui utilise les Mac et on a certainement d'autres parmi vous donc sur Windows vous pouvez passer par n'importe quel logiciel",
1201.04,1235.7,"qui affiche votre photo et vous l'imprimez en PDF. Quand vous utilisez un Mac, je vous conseille de passer par le navigateur parce que je ne sais pas, comme je connais peu les Mac, quels sont les autres logiciels qui pourraient faire cela aussi facilement et aussi bien. Maintenant, ça se trouve, vous allez dire, il y a tel autre, tel autre, tel autre, tel autre logiciel qui le fait tout aussi bien sur Mac. C'est fort possible, je n'y connais rien. Donc, voilà pour les PDF. Il nous faut impérativement des PDF. deuxième chose donc je vous disais il suffit pas que ce soit un pdf parce que voyez on peut",
1235.7,1267.0400000000002,"aussi avoir des pdf de très mauvaise qualité imaginez joue celui là ça c'est de la trop mauvaise qualité pourtant c'est un pdf vous pourriez me dire mais regardez les petits déjà on est obligé de zoomer pour pouvoir lire et il ya des problèmes de clarté de l'employé C'est quand même lisible, on s'en sort. Oui, mais une fois que ça passera dans la moulinette de la reconnaissance de caractère et de la compression pour l'injecter dans l'identile, ce sera plus lisible.",
1267.2800000000002,1298.76,"Ça, vous voyez, en fait, vous pouvez faire ce document pour vous si vous avez besoin juste de garder une copie d'un document. Mais pour nous, l'animation, ce n'est pas possible. On ne peut rien en faire. Regardez là, il faut zoomer et il y a des choses qui commencent déjà à être difficilement lisibles ici. alors vous pouvez dire oui mais si on regarde bien oui mais là on ouvre la porte en fait à toutes les exagérations donc ça c'est pas acceptable non plus, pourtant c'est un PDF ça c'est pas trop acceptable c'est pas pro, c'est dégueulasse",
1298.76,1330.22,"si on envoie ça au tribunal quand il y a un jugement ou à la DGCRF on est pris tout de suite pour des amateurs, pour des rigolos ça encore moins et ça n'en parlons même pas Ce qui est vraiment propre, acceptable, irréprochable, c'est ce que je vous ai montré avant. Voilà la taxe foncière de notre ami Hugues. Voilà la taxe foncière de Guillaume, qui n'est pas très loin de chez Hugues, à une trentaine de kilomètres, je pense. Voilà un DPE de Guillaume. Vous voyez, c'est nickel.",
1330.9,1361.38,"C'est exactement ça dont on a besoin. À ce sujet, le DPE, envoyez-nous le DPE complet que vous avez. mais s'il n'y a que la première page c'est pas grave tant que c'est bien la page qui contient le numéro ADEME il y a le petit cochon rose ici il y a toutes ces informations là c'est à dire un DPE au format de la réforme de 2021 et ça me permet donc de passer au deuxième micro thème que nous allons aborder ça y est enfin je ne sais pas si vous vous souvenez mais la première visio de 2024",
1361.38,1395.72,"j'ai fait haha les amis on est enfin sorti de la période de transition des DPE alors que nous on avait encore un an J'étais parti dans mon enthousiasme. Cette fois-ci, par contre, je ne me trompe pas, nous sommes bel et bien sortis de cette fichue période de transition. Ça veut dire qu'à partir du 1er janvier, il y a quelques jours, nous devons systématiquement avoir le DPE des produits que nous vendons sous ce format-là, c'est-à-dire un DPE qui a été établi après le 1er juillet 2021 et qui correspond donc à cette norme-là, à cet affichage-là,",
1395.72,1425.96,"avec le petit cochon qui est ici, avec la fourchette de prix de l'énergie, avec les étiquettes qui ont cette taille-là, cette couleur-là, exactement ce format-là. Les DPE établis avant le 1er juillet 2021 ne sont plus acceptés en aucun cas. On est sortis de la période de transition. Ça veut dire que, alors déjà, ça va grandement nous faciliter la tâche face à des vendeurs qui ne voulaient pas refaire le DPE",
1425.96,1458.98,"parce qu'ils étaient radins, bien sûr. L'audit énergétique, je comprends, c'est cher. J'en discutais avec Nathalie il y a deux jours. L'audit énergétique, ça peut être 800, 900, 1000, 1500 euros, voire plus pour des très grandes maisons. Le DPE, non. Il faut être raisonnable. Il ne faut pas être trop radin. Donc, tous les vendeurs qui nous cassaient les pieds parce qu'ils étaient radins, qu'ils ne voulaient pas refaire le nouveau DPE sous prétexte que oui, on est encore au ras de la limite de la période de transition, blablabli, blablabla, c'est fini, c'est fini.",
1459.64,1500.4199999999998,"Alors ça veut dire que vous devez faire attention, vous, à tous les mandats que vous avez déjà rentrés en 2024 sur la foi d'un DPE d'avant le 1er juillet 2021. Ils ne sont plus acceptables. Il faut désormais un nouveau DPE, même si le mandat a déjà été signé. On ne peut pas dire « Ah bah oui, mais le mandat a été signé en 2024, donc on reste sur l'ancien DPE ». Non, pas du tout. À partir du moment où on a un mandat, quelle que soit la date à laquelle il a été signé, un mandat en cours aujourd'hui, il doit avoir un DPE conforme à la réforme entrée en vigueur le 1er juillet 2021.",
1500.42,1532.1,"dites-vous, la clé c'est est-ce qu'il y a le petit cochon rose ? S'il n'y a pas le petit cochon rose sur la première page, on ne peut pas l'accepter. Donc, il faut faire la chasse, un petit peu comme chaque année on fait la chasse aux vieilles taxes foncières, il faut faire la chasse aux vieux DPE. Cette année, il y a pas mal de choses qui changent avec le DPE. La DGCCRF a déjà annoncé que, comme à chaque fois qu'une mesure de ce type entre en vigueur",
1532.1,1563.06,"elle se lançait dans une campagne de contrôle accrue, contrôle des professionnels, contrôle des particuliers également, même si les particuliers on le sait, risquent des contrôles mais en fait ils ne le sont pas vraiment contrôlés, donc vous allez être contrôlés nous allons être contrôlés, c'est super important de tout mettre à jour absolument ça c'est bon pour le DPE est-ce qu'il y a eu des questions ce qui signifie qu'on doit modifier pour les attestations RCP",
1563.06,1595.2,"est-ce qu'avec Alliance vous vous occupez alors oui on a essayé de les joindre on n'a pas encore réussi mais on va essayer de les rappeler vous savez avec Alliance la société Alliance à côté de Poitiers avant c'était un monsieur j'ai oublié son nom Amaury de je ne sais pas quoi bon c'était un monsieur qui étaient à la tête de cet truc Allianz ils étaient très sympas, très gentils très machin, très truc je sais pas trop ce qui s'est passé ça a changé de propriétaire",
1595.2,1627.04,"c'est plus les mêmes personnes qui sont à la tête de cette agence Allianz, c'est l'un d'entre vous qui avait trouvé ça d'ailleurs, c'était pas un truc de la lucarne ils étaient sympas au début et puis les relations sont un petit peu distendues ils ont été de moins en moins coopératifs puis de moins en moins présents puis en fait, bon ben, on n'a pas on n'a pas trop pas trop de relations avec eux et là cette année l'année dernière déjà on avait dû les relancer plusieurs fois pour avoir les attestations de tout le monde et cette année on n'arrive même pas à les joindre",
1627.04,1658.3,"donc je vais réessayer, c'est moi qui vais essayer de les joindre je vais réessayer de les joindre dans les jours qui viennent donc on va voir normalement on devrait finir par réussir à les joindre et nous l'enverrons, je pense on verra mais oui on essaie de s'en occuper bonsoir Nicolas Du coup, pourrait-on avoir le pavé de mention qu'on doit poser dans les compromis ? C'est exactement le même, mais on met SAS à la place de SA, c'est tout. Mais c'est exactement le même pavé. Véro nous dit d'ailleurs que l'appli PDF Expert pour Mac est très bien. Ben voilà, PDF Expert pour Mac.",
1658.36,1693.96,"Je ne sais pas si elle est payante, pas payante, etc. Mais Véro nous dit qu'elle est bien. Pourquoi continuer à envoyer les DPE si vous avez les numéros ADEME enregistrés dans l'églantine ? Eh ben parce que la DGCCRF nous a dit qu'ils n'en voulaient pas. Voilà, tout simplement. Nous, on avait mis ces numéros ADEME qui fonctionnaient bien quand c'est référencé. On s'est dit, à partir du moment où on a le numéro ADEME, tout va bien, c'est super. On n'a plus à demander les DPE, les justificatifs de DPE à nos agents que dans deux cas.",
1695.32,1726.56,"Premièrement, alors est-ce que tout le monde a bien compris le coût du numéro ADEME ? Je vais vous montrer vite fait. je vais vous montrer vite fait parce qu'il y en a peut-être parmi vous notamment des nouveaux qui ne sont pas encore habitués aux rentrées de mandat qui n'ont pas bien pigé la remarque de Laurent donc attendez je ferme un petit peu tout ces DPE machin etc regardez quand je vais saisir un mandat électronique alors ah oui ça vous l'avez pas encore vous ça arrive bientôt je vais vous le remontrer tout à l'heure donc on va dire qu'on fait un mandat numérique je vous montre ça après",
1726.56,1758.24,"faites comme si vous n'aviez rien vu d'ailleurs vous n'avez rien vu Vous mettez ici l'adresse du bien, par exemple, 12 rue des Tigelles, je ne sais pas où, à Saint-Horace-de-Gammeville. Ça lance automatiquement une recherche du DPE. Et cette recherche du DPE se fait sur le site de l'ADEME. l'ADN c'est l'organisme qui centralise les DPE, les audits énergétiques",
1758.24,1788.98,"et un certain nombre d'autres choses dont on a déjà parlé pas mal de fois soit il ne trouve pas de DPE et il me dit bon on n'a pas trouvé, est-ce qu'il y a un DPE et là il faut que je réponde aux quelques questions qui sont là soit il trouve un DPE, je vais vous le montrer dans un instant s'il ne trouve pas de DPE, ça peut être pour deux raisons, premièrement il n'y a jamais eu de DPE fait à cette adresse Deuxièmement, le DPE a été fait il y a moins d'un mois Parce que la base de données de l'ADEME n'est mise à jour qu'une fois par mois",
1788.98,1822.0,"Donc si vous avez un DPE qui a été fait il y a trois jours Il faut attendre la prochaine mise à jour de l'ADEME Ce qui peut prendre jusqu'à un mois Donc là on voit que 12 rue Yétilleul, ça ne marche pas Donc je vais essayer une autre adresse, vous allez voir On va retrouver assez rapidement, 13 rue François-Henri à Montrouge Est-ce qu'on a un DPE ici ? Non, toujours pas je ne suis pas inquiet on va trouver avec des tuyas à freine ça recherche le DPE",
1822.0,1852.1,"sur le site de l'ADEME ça va arriver et ça me sort les DPE trouvés donc ça c'est un immeuble collectif, on le voit parce qu'il y a beaucoup de DPE qui sont proposés on peut même imaginer que c'est une très grande copropriété regardez un petit peu tout ce qu'il y a ici, il y en a alors moi je recherche mon DPE je recherche mon DPE alors là on est dans une liste particulièrement grande parce qu'on est sur une très grande copropriété je recherche mon DPE comment ?",
1852.1,1883.4,"grâce avant tout à son numéro ADEME le numéro ADEME c'est le truc qui fait fois donc je le cherche ici je peux d'ailleurs faire CTRL F et je tape mon numéro ADEME 229 4 E vous voyez ça va me le chercher grâce à la commande rechercher ctrl F et je regarde par rapport au DPE que m'a fourni le vendeur donc premièrement le numéro ADN c'est un numéro unique, il ne peut pas y en avoir deux pareil je peux chercher également par superficie 21, 21, 21, beaucoup d'appartements",
1883.4,1915.02,"de 21 mètres carrés dans ce truc là c'est quasiment que des appartements de 21 mètres carrés d'ailleurs, bah non ça n'est que ça et parfois on a un complément d'adresse ici là les diagnostiqueurs n'en ont pas mis, c'est un truc libre le diagnostiqueur peut mettre ici par exemple à droite porte numéro 28, on peut avoir quelque chose comme ça. Donc là c'est un petit peu long à trouver, bien entendu, mais une fois que vous avez trouvé le banc DPE, ah c'est celui-ci c'est bien celui-là, vous cliquez dessus hop ça vous demande une vérification, est-ce que c'est bien celui-ci, est-ce que c'est bon, est-ce que c'est",
1915.02,1950.2,"ok, oui, je valide, boom et là ça me met toutes les valeurs du DPE avec le numéro ADEME que je peux d'ailleurs sur lequel je peux d'ailleurs cliquer pour aller sur le site de l'ADEME, vérifié. Et nous nous sommes dit, logiquement, à partir du moment où le négociateur nous indique le bon DPE comme ça, c'est bon, on n'a plus besoin de lui demander le justificatif du DPE, on est tranquille, il est tranquille. C'était sans compter sur les gentilles dames de la DGCCRFD,",
1950.24,1980.3,"qui ont dit non, nous on n'en veut pas. Écoutez, ça fait froid, c'est le truc de l'ADEME, c'est le site officiel, c'est le numéro, c'est le machin, c'est le truc, c'est le bidule, c'est le chose. Non, vous devez avoir le justificatif du DPE du vendeur. Mais regardez, il n'y a qu'à cliquer sur le numéro, la pouf, ça va chercher. Ça fait froid, on ne peut pas faire mieux. Non, on n'en veut pas et c'est comme ça. Alors vous pourriez dire que ce sont des dames assez désagréables, des harpies pour ne pas dire autre chose.",
1980.68,2013.24,"Oui, c'est le cas. elles nous ont dit non donc voilà mon cher Laurent pourquoi on continue à vous demander le DPE alors que on n'en a pas besoin du tout grâce à cet outil qu'on s'est quand même bien emmerdé à développer Thierry s'est bien arraché les cheveux pour que ça fonctionne et ben non, elles en veulent pas alors, elles en veulent pas, non, ça nous facilite la tâche pour la saisie des informations ça n'est pas inutile mais on est obligé de continuer à vous demander la copie du DPE du vendeur.",
2014.2,2044.8,"C'est complètement con. Je vous l'accorde. Mais c'est comme ça. Alors, Nicolas, j'ai encore mon contact alliance qui souhaite vous rencontrer pour vous proposer quelque chose concernant les RCP. C'est vrai, il fallait qu'on en parle. Est-ce qu'on se revoit bientôt, Julien, ou pas ? Parce que j'ai oublié les dates, moi. La semaine prochaine, je vais voir Marjorie. Et est-ce qu'on se voit bientôt, Julien ? je ne sais plus, dites-moi, il me semble qu'on avait prévu de se revoir encore, je ne sais plus mais en tout cas",
2044.8,2076.38,"on va reparler des RCP effectivement il fallait qu'on en reparle concernant les mandats avec des PE que l'on a en E il faut faire l'audit au propriétaire depuis le 1er janvier on va y revenir on va y revenir dans un instant enfin dans un instant ou dans quelques minutes bonsoir, avec Allianz ça se passe bien ils sont réactifs, tous les ans j'arrive même à négocier les tarifs, je leur ai demandé mon attestation on l'a envoyé tout de suite et je vous l'ai même envoyé Sandrine est-ce qu'on parle bien de la même, non c'est pas prévu on se revoit pas Julien, il est pas prévu qu'on se revoit d'accord, je sais pas pourquoi je rêve",
2076.38,2106.94,"j'imaginais que Julien allait m'inviter chez lui à vivre mais non est-ce que vous êtes bien Sandrine à la l'agence alliance à côté de Poitiers celle de monsieur et madame Christian ou Christian, je sais pas comment on dit Christian ou Christiane je ne sais plus très très bien est-ce que vous êtes bien à cette société là",
2106.94,2137.14,"ou pas attendez je suis en train de faire n'importe quoi avec le chat oui c'est bien eux, non non oui mais je parle de Sandrine, oui Sandrine aussi Ok, très bien. Écoutez, on va les recontacter, puis on va voir avec. Alors, ça c'est bon, ça c'est bon. Ça, je voulais vous montrer rapidement, parce que je vous ai dit,",
2137.82,2171.74,"c'est quelque chose que je voulais mettre en place pour le 1er janvier 2025. Ça nous permettait de repartir sur une date claire. Ça n'a pas été possible pour des questions techniques, parce qu'il y a des complications techniques, mais effectivement, je vous avais annoncé que nous allions bientôt passer entièrement au nouveau formulaire de mandat. Le nouveau formulaire de mandat sera désormais, enfin désormais, quand on aura terminé notre travail, c'est pas encore fini, c'est un peu compliqué techniquement,",
2172.48,2208.1800000000003,"le nouveau formulaire de mandat sera le seul et unique formulaire de mandat à utiliser dans le réseau. Aujourd'hui, vous en avez deux. Vous avez le mandat électronique que vous êtes nombreux à utiliser de plus en plus. Je vais vous en montrer un exemple pour que tout le monde voit bien de quoi il s'agit. Voici un mandat de Cathy qui a été signé aujourd'hui. Donc, ça, c'est le mandat électronique que normalement vous connaissez tous. Je vous l'espérais. Donc, qui a été signé électroniquement avec en dessous le suivi des signatures.",
2208.56,2238.88,"C'est obligatoire. Donc, ça, c'est le mandat électronique. Et puis, il y a le mandat non électronique, le mandat habituel que vous avez l'habitude d'aller chercher. Alors, vous, le lien ne s'appelle pas édition de mandat, mais ce n'est pas grave. Vous, il s'appelle différemment, je ne sais pas. Vous cliquez sur « Mandat de vente sans exclusivité » ici, par exemple, et puis vous remplissez tout ça. Ici, vous mettez, par exemple, je ne sais rien, qu'est-ce qu'on peut mettre ?",
2238.88,2269.48,"Capet, Louis, on est le 16. Je mets Louis Capet, parce que c'est ça qui me vient en tête, et je me dis, tiens, mais c'est vrai, il va bientôt mourir. L'anniversaire de la mort de Louis XVI, c'était le 21 janvier. il a été exécuté et guillotiné le 21 janvier 1793 c'est pas pour ça que ça m'est venu Louis Capet, c'est parce que je cherchais quelque chose et ça m'est venu comme ça, mais pendant la révolution vous vous souvenez pendant son procès, on l'appelait Capet citoyen Capet, Louis Capet",
2269.48,2305.16,"qui juridiquement était à moitié vrai d'ailleurs, mais bon, c'est pas très grave donc Louis Capet, on s'en fout vous n'y voyez aucune forme d'idéologie je vous en supplie, n'allez pas faire courir je sais pas quoi je sais pas où, vous mettez différentes informations et puis à la fin vous générez le pdf et ça vous sort un pdf que voici qui comporte les informations que vous avez saisi ça ce sont donc des vieux mandats qui ne sont plus du tout d'actualité on va remplacer sous très peu ces vieux mandats là par les mêmes mandats",
2305.16,2336.52,que les mandats électroniques comme vous voyez ici mais vous aurez la possibilité de les faire signé manuellement de façon manuscrite pour cela alors ça c'est un prototype que vous avez sous les yeux en fait vous verrez que quand vous arrivez sur la page de saisie du mandat et glantine vous demandera tout de suite est ce que c'est un mandat numérique électronique on va peut-être changer numérique pour électronique d'ailleurs je sais pas on va voir qu'est ce qui vous semble plus clair à vous électronique ou numérique jeu je ne sais pas où est ce que vous,
2336.52,2372.4,allez faire une signature manuscrite si vous cliquez sur le mandat numérique hop alors vous voyez pas de différence ça va vous demander les informations dans le but de faire un mandat électronique ça veut dire que vous devez remplir tous les espaces où il ya une petite croix rouge si vous en oubliez un ça vous bloque la validation regardez imaginons je mets ici que c'est un mandat non exclusif c'est une maison c'est un premium il est à 500 euros dans 500 j'ai dit 50 voilà,
2372.4,2402.44,"j'ajoute un vendeur le vendeur nous allons l'appeler comme on l'appelle tiens robespierre puisqu'on a parlé de wikileaks maximilien téléphone le même que son ami louis capet Et Max La Menace, j'écris en majuscule, il ne faut pas écrire en majuscule,",
2402.6400000000003,2432.82,"Max La Menace, et croyez-moi que c'était une sacrée menace, cet ami Robespierre, arrobase yahoo.fr. Il habite quatre places de la... Il ne venait pas d'Arras, Robespierre ? Il n'était pas originaire d'Arras, il me semble qu'il était originaire du Pas-de-Calais, je ne sais plus. Mais on va dire qu'il habite 4 places de la gare à Palaiseau, je ne vais pas aller lui chercher une adresse à Arras.",
2433.5600000000004,2467.06,"Il faut que je sache ce qu'il est, ce qu'il venait d'Arras ou pas. Arras, il est né à Arras, je ne vous disais pas de bêtises, regardez. Né le 6 mai 1758 à Arras, voilà. Eh bien, je n'ai pas le cerveau complètement ramollant, pas trop. hop là on va mettre une adresse 5 rue des chatons à l'usarch un dp existe-t-il on va dire que oui mais non c'est pas ce qu'il fallait que je fasse c'est pas grave j'espère que ça va",
2467.06,2499.9,passer ça va peut-être pas passer puisque j'ai cliqué là où il fallait pas libre taxes foncières hop ici 0 0 bien qu'aux propriétés non et imaginons que je mette ici rien du tout quand je vais valider en bas à enregistrer samedi attention il manque quelque chose ici parce que le mandat électronique tous les champs qui comporte une croix rouge sont contrôlés à la validation je ne peux pas enregistrer si je n'ai pas tout rempli donc il faut que ici je mette,
2499.9,2530.32,quelque chose mais normalement ça va me bloquer pour le DPE voilà ça bloque aussi pour le DPE puisque juste avant vous avez vu j'ai cliqué là où il fallait pas pour le DPE donc je ne peux pas valider mon mandat électronique si je n'ai pas mis toutes les informations c'est là la différence avec le nouveau mandat manuscrit regardez je rafraîchis entièrement ma page et là ça me demande mandat avec signature manuscrit tout numérique manuscrit là je vais chez mon client à l'ancienne va y avoir des petits bugs parce qu'on est en train de travailler là dessus,
2530.32,2561.22,mais maintenant en fait je peux rentrer quasiment pas d'informations et le valider quand même l'enregistrer à la fin alors là point ah oui non il faut que je mette au moins l'adresse ça on a vu il faudra toujours mettre l'adresse c'est obligatoire parce que sinon techniquement ça fait trop de blocage donc on va mettre 14 aller des je sais pas quoi aller des cèdres à Magnanville en parlant de décapitation Magnanville bon pas son nom c'est pas très délicat valider,
2561.22,2591.92,"le DPE qui m'a été demandé là il ne me sera pas forcément demandé à l'avenir parce que le but en fait c'est que vous puissiez enregistrer vous voyez là je peux valider sans avoir mis le reste enregistrer un PDF regardez si je vais maintenant en page 2 j'ai pas mis toutes les informations qui m'auraient été imposé si j'avais fait un mandat numérique et bien là quand je vais en page 2 j'ai un bouton ici rouge, mandat papier je clique dessus et ça me sort le PDF",
2591.92,2627.94,"avec les quelques informations que j'ai saisies ça me permet de l'imprimer et d'aller chez le client avec potentiellement des informations à rajouter le but est que je puisse éditer un PDF partiellement rempli pour le compléter chez mon client, là vous voyez par exemple Donc, il y a 0,00%, ça c'est quelque chose qu'on doit faire disparaître encore pour l'instant. Partout, ça a mis 0,00, il faut que ça mette rien du tout pour qu'on puisse le rajouter à la main ou bien, je dis à la main,",
2628.62,2659.92,"ou bien le rajouter à Aymeric de Camas, merci Mathieu, je cherchais Aymeric de Camas tout à l'heure, l'ancien propriétaire de l'agence Alliance. ou bien je peux retourner rajouter des informations supplémentaires j'ai eu mon client au téléphone les références cadastrales c'est B256 très bien et le client me confirme également que le bien c'est bel et bien une maison et que la taxe foncière est de 2500 donc j'ai éventuellement ces informations là",
2659.92,2690.4,"je ne peux pas écrire dans le 2500 c'est bizarre, c'est un petit bug Donc, c'est pas grave. Ah, j'ai cliqué sur exonération là, par l'égard de toutes mes excuses. 2500, c'est pour ça. Et j'enregistre. Restez sur cette page. Maintenant, si je retourne en page 2, rééditer mon PDF, normalement, il devrait être à jour avec les informations que je viens de rajouter. Normalement. Oui, voilà, regardez. Ça m'a rajouté mes références cadastrales et ma taxe foncière.",
2690.4,2731.9,"Vous voyez, ça avance, ça avance, ça avance. Donc, ça veut dire que bientôt, ce formulaire de mandat que nous avons sous les yeux et sur lequel il faut que maintenant on change ici SA par SAS, ici, voilà, comme sur tous les documents, ce sera bientôt le seul et unique mandat que nous utiliserons en électronique comme en manuscrit. mais bon techniquement on n'a pas pu être prêt pour les les le 1er janvier 2025 malheureusement",
2731.9,2763.42,"ce sera pour un petit peu plus tard tant pis alors juste une petite chose ici c'est pas mon numéro de portable donc appelé par dira patient j'ai un problème sur mon mandat machin je sais pas sur qui vous allez tomber là c'est un faux numéro qui a été mis au hasard donc si vous appelez que vous tombez sur une petite mémé, ne soyez pas surpris, parce que ce n'est pas mon numéro. Je ne vous dis pas « Ah, super, on a son numéro, ça va aller plus vite que de passer par l'animation. » Non. La pauvre mémé, ou je ne sais pas qui, quoi que ça peut vous permettre de faire des rencontres intéressantes, de toute façon, vous allez tomber sur quelqu'un de charmant,",
2763.54,2797.1800000000003,"je ne sais rien. Donc, voilà pour les prochains mandats. Alors, il reste des questions. « Le prix est de 89 euros annuels au même prix que la Knassim. » Donc, Laurent me parle d'Alliance. OK. Vous êtes dans le Sud, donc, me dit Marc. Alors, je serai dans le Sud. Je vais vous dire exactement. Je serai à Montpellier. J'ai l'impression que j'annonce les dates de ma tournée mondiale. Je serai à Montpellier le 21 et Marjorie, c'est le 22, c'est ça ?",
2797.1800000000003,2829.28,"Et chez Marjorie, le 22. Et ensuite, normalement, je remonte vers au-dessus de Clermont le 23 et j'ai un dîner dans les Yvelines le 24 ça vous en foutez un petit peu mais je crois que c'est le 21 et le 22 donc je serai dans le sud à ce moment là perso 6 alliances agences Christian cartes demandées reçues et envoyées oui individuellement ils vous les envoient mais normalement ils nous envoyaient à nous toutes les cartes de tous les agents c'est pour ça que nous on essaye de les joindre",
2829.28,2860.8,"pauvre Louis XVI on était des sauvages alors oui on était des sauvages mais je ne suis pas sûr qu'on ne le soit plus en fait, quand je vois ce qui se passe un petit peu partout dans le monde, je crois qu'on l'est toujours il y en a 2-3 qui aimeraient bien décapiter toujours nos dirigeants, mais pourquoi je n'ai plus accès aux versions mandat papier mon églantine est entièrement électronique si vous y avez accès comme les autres héros si il y a un truc qui vous manque, demandez l'admission mais vous avez tous la même églantine quand un agent nous dit, ah mais moi mon églantine elle ne fait pas ce que les autres font, non c'est un site web églantine, c'est le même pour tout le monde",
2861.3,2907.82,"Il n'y a pas une version pour les uns, une version pour les autres. À partir du moment où vous avez le statut agent, vous avez tous la même églantine que les autres agents. Les seuls qui ont des églantines différentes, ce sont les administrateurs, les machins, les secrétaires, les bidules, les choses. Mais si vous êtes agent, vous avez la même églantine que tout le monde. Alors, Corinne et Sandrine nous disent que ce serait mieux de mettre électronique pour les mandats, signature électronique. Moi, je ne suis pas contre. Par contre, je n'ai pas de mention à choisir manuscrite ou électronique qui va directement en électronique. Alors oui, en fait, c'est ce que je vous dis. Ne faites que des mandats électroniques, des avenants électroniques. Passez au tout électronique. Vraiment, c'est le truc à faire. Il ne faut plus faire des vieilles rougnes et nous envoyer par la poste, etc.",
2907.82,2938.92,"il y a quelques jours j'étais en train de relever les mandats et les avenants au bureau comme il pleut beaucoup en ce moment il y a de l'eau qui a coulé sur le facteur ou sur je ne sais pas qui il y a certains mandats qui sont entièrement détrempés par la flotte je ne sais pas si c'est le facteur qui a laissé sa truc ouverte pendant sa tournée ou j'en sais rien ils sont couverts d'eau, c'est illisible c'est n'importe quoi Robespierre c'était le voisin de Camille Camille est quand même plus sympa que Robespierre",
2938.92,2980.92,"pour les dinosaures dont je fais partie y a-t-il une formation sur la rédaction des mandats électroniques ? alors, j'avais fait une vidéo je crois il me semble il me semble qu'on avait fait une vidéo ouais, mais si vous avez des questions n'hésitez pas, et oui Nicolas il y a des gens dans le bien dans le Pas-de-Calais comme Robespierre nous n'aurons plus de mandat vierge à imprimer et à remplir sur place et si, c'est ce que je viens de vous montrer vous pourrez avoir donc ces mandats vierges à remplir et à imprimer sur place Pour éditer le mandat, il faudra quand même que vous mettiez l'adresse. Il sera vierge sauf l'adresse du bien. C'est la seule information que vous serez, pour des raisons techniques, obligé d'indiquer.",
2980.92,3015.1800000000003,obligé oui moi c'est le 22 me confirme Marjorie ce sera donc bien le 22 quel agent est à Montpellier et bien c'est pas pour un agent de maintenant c'est pas pour un agent de maintenant c'est pour j'espère un manager de plus tard un chef d'équipe de plus tard ça je vous en parlerai si vous voulez c'est pas le moment ce soir parce que sinon on va se mettre trop en retard mais mais on est exactement dans la lignée du développement de la lucarne,
3015.1800000000003,3048.02,"dont je vous ai parlé à Center Parcs et dont on a parlé depuis Envisio où désormais nous voulons développer la lucarne exclusivement avec des chefs d'équipe locales qui vont prendre en charge les nouveaux arrivants. Mais il y a un certain nombre de secteurs dans lesquels nous n'avons pas de chef d'équipe. des gens qui sont capables de dire, moi, je vais recruter des gens bien, je vais aller voir dans les autres agences s'il y a des gens bien, et je vais manager une équipe exactement sur le modèle de Julien,",
3048.5,3079.84,"exactement sur le modèle d'Orléans, exactement, vous êtes un peu une équipe aussi, parce que c'est Patricia qui pose cette question, à Narbonne. C'est ce que je souhaite vraiment développer un petit peu partout. Et si vous voulez vraiment connaître les secrets de mon agenda, à Montpellier, je vais essayer de rencontrer quelqu'un qui, je ne sais pas si c'est un profil qui vaut le coup ou qui ne vaut pas le coup mais qui souhaiterait développer une équipe à Montpellier mais qui n'est pas encore agent à la Lucarne tout simplement Marc",
3079.84,3114.2000000000003,"dit 89 euros par an pour l'assurance oui 89 euros par an apparemment c'est le dernier tarif en date de l'alliance de la compagnie alliance si vous voulez les coordonner Marc demandez à l'animation on vous les envoie On vous les envoie. Moi, je n'avais pas suivi les dernières baisses de prix parce que je ne les ai pas eues au téléphone depuis l'année dernière. Mais on verra ça. Non, j'ai envoyé la photo d'animation de mes mandats bloqués en électro. Je suis pareil que mes lucarniens adorés. Je suis même meilleur. Mais oui, bien sûr. Bien entendu, ça, personne n'en doute, ma chère Véro.",
3114.2,3148.6,"Les avenants électroniques seront disponibles à partir de quand ? Ah ben, ils le sont depuis très longtemps, Nathalie. Les avenants électroniques. Regardez, je peux vous en montrer plein. On fait les avenants électroniques depuis... De quoi ? Depuis mars dernier ? Quelque chose comme ça. Regardez, je vais vous en montrer. Je vais vous en montrer, des avenants électroniques. On en fait depuis... Ben, attendez, je vous dis que je vais vous en montrer, mais là, j'en ai pas. Date de création, il faut que je tripe. Ça, c'est un très, très gros dossier. Il y a plus de 80. Je vais vous montrer des avenants.",
3148.76,3182.52,"Voici un de Patrick Madec. Vous voyez, ça, c'est un avenant électronique. Les avenants électroniques sont disponibles depuis bien, bien, bien longtemps. Tous les documents sont disponibles en électronique. Tous. Par contre, pour que vous puissiez les envoyer vous-même directement depuis Glantine, ça, ce n'est pas encore en place. Pour l'instant, vous devez passer par l'animation, mais nombre d'entre vous, désormais, ne font que des avenants électroniques. Regardez, voici un autre avenant électronique de Guillaume qui, lui, est justement, il est à Arras comme Robespierre,",
3182.58,3214.1800000000003,"mais bon, il a l'air quand même un peu plus sympa. Guillaume, pas Robespierre. Donc, les avenants électroniques sont disponibles, en fait, tous les documents sont disponibles dans l'électronique. les offres, les avenants, tout, tout, tout, tout, tout. Appelez-moi après la vision concernant l'interview WeMove, me dit Julien. OK. Pas de souci, mon cher Julien. J'ai vu qu'elle était arrivée, mais je ne l'ai pas encore ouverte. Je n'ai pas eu le temps tellement je suis short en ce moment. C'est bien placé en prix. Oui, c'est bien placé en prix. C'est Marc",
3214.1800000000003,3245.2,"encore qui dit ça pour la RCP. Absolument, c'est très bien placé en prix. Si vous voulez les coordonner, demandez à l'animation, on vous laisse en voir. Alors attention, ce n'est pas une société partenaire de la Bicarbe. Je veux dire, on n'est pas garant de leurs propositions et nous on n'a pas d'intérêt à ce que vous soyez là plutôt qu'ailleurs, c'est pas un partenaire, regardez, WeMove c'est un vrai partenaire de la Lucarne Tacticimo, c'est un vrai partenaire de la Lucarne, ce sont des prestataires mais ce sont tout autant des partenaires, l'agence alliance de monsieur et madame Christian",
3245.2,3280.76,"ou Christiane, je sais pas comment on présente, ce sont pas des partenaires de la Lucarne, on bosse avec eux depuis pas mal de temps mais on n'est pas du tout garant de leur travail D'ailleurs, pour être tout à fait transparent, je ne sais pas si vous vous souvenez, mais il y a quelques années, deux ans, trois ans peut-être, je leur avais laissé la possibilité de faire des visios pour vous, pour vous expliquer quels étaient les avantages de la défiscalisation en prenant des solutions, ce qu'on appelle du madelein.",
3280.76,3314.06,"Le Madeleine, c'est une loi qui a été établie par Alain Madeleine qui permet de passer dans sa comptabilité quand on est au régime réel et donc de déduire de ses cotisations sociales les mécanismes de complémentaires de protection, protection santé, protection invalidité, prévoyance, etc. dont pas de les payer de sa poche mais de les payer avec l'entreprise et ça permet de défiscaliser",
3314.06,3345.24,"et ça permet des manipulations très très intéressantes je leur avais donc donné la possibilité de faire des visios auprès de vous donc ils avaient bossé ils avaient fait venir un intervenant de chez Alliance etc. et je crois que derrière ça a été un flop parce qu'ils espéraient signer un certain nombre de contrats avec vous, avec les conseillers des contrats de prévoyance santé, invalidité, grossesse, je ne sais pas quoi, et que ça a un peu fait un flop. Ils ont l'impression d'avoir travaillé pour rien.",
3346.1,3380.88,"Et je crois, c'est ma déduction, attention, c'est une supputation, je crois qu'ils se sont dit, bon ben voilà, on a bossé pour des prunes, ça n'a servi à rien. Je crois que c'est à partir de là que ça s'est un peu distendu, et qu'ils se sont dit, bon ben la lucarne, il ne nous apporte pas grand-chose. Si, on leur apporte quand même pas mal de souscripteurs. Maintenant, bon, c'est peut-être pas le cas. C'est peut-être moi qui me fais des idées, mais j'ai l'impression que c'est ça. Alors, si vous n'avez pas de questions supplémentaires, on va passer un petit peu…",
3380.88,3414.22,"Oui, c'est comme le comptable. Je vous en reparlerai la semaine prochaine du comptable Marjorie. Ce n'est pas… On a eu du mal à passer en SA à la fin de l'année. Je vous en parlerai. Mardi, je paye plus de 200 euros. Alors attention, vous avez peut-être des options intéressantes en plus, Marc, je ne sais pas. Peut-être que vous avez une protection juridique un peu costaud, peut-être que vous avez… je ne sais rien. Mais c'est vrai qu'a priori, 200 euros pour une RCP d'agent commercial en immobilier, c'est élevé. Aujourd'hui, c'est élevé. Il y a 10 ans, vous m'auriez dit 200 euros, je vous aurais dit « Ah, c'est un bon prix, c'est pas mal ». Aujourd'hui, c'est élevé.",
3414.22,3451.46,"alors on va pouvoir passer si vous le voulez bien au thème que j'avais prévu pour ce soir le thème de ce soir on a encore une heure pour le faire on est parfaitement dans les clous le thème de ce soir je vous en avais parlé il y a longtemps on en avait parlé et je vous avais dit tiens je vous parle de ça depuis pas mal de temps c'est un thème que j'évoque régulièrement Et je vous ai dit l'année dernière, tiens, si vous voulez, je vous ferai une formation spécifiquement là-dessus.",
3451.76,3483.1600000000003,"Aujourd'hui, je le fais. Vous allez comprendre pourquoi. Il y a une logique. Ce que nous allons voir aujourd'hui, ce n'est pas du tout le PowerPoint, parce qu'en fait, j'en ai fait un PDF pour que ce soit plus propre. Alors, aujourd'hui, nous allons parler du logement décent. Je vous ai souvent parlé du logement décent au cours de différentes visio, quand on parle du mandat, du machin, du truc, etc.",
3483.7000000000003,3521.8,"Je vous ai souvent expliqué très brièvement de quoi il s'agissait. Je vous avais dit, tiens, on fera un de ces quatre, si vous voulez, si ça vous intéresse, une visio sur le logement décent. Comme vous êtes tous des bons élèves et pour certains des faillots, vous avez dit, oh oui, Père Castor, fais-moi une formation sur le logement décent. Et je vous fais donc une formation sur… C'est rapide, vous allez voir. Mais l'intérêt de le faire maintenant, c'est parce qu'il y a là au 1er janvier 2025, non pas une nouveauté, mais un critère supplémentaire dans le logement d'essence, ce sont les DPE à partir d'une certaine note.",
3521.8,3556.64,"Alors, le logement décent, qu'est-ce que c'est ? En quoi ça consiste ? Alors, la notion de logement décent, c'est pour être très rapide, très sibilin, entre guillemets, une notion qui a été inventée en 1989 pour déterminer le niveau de qualité,",
3556.64,3589.04,"de prestation, de confort, de sécurité d'un logement qui, en deçà d'un certain niveau, est considéré comme indécent, au-dessus de ce niveau est considéré comme décent. Et il faut qu'un logement soit décent, donc correspondre à ce minimum de critères de sécurité, confort, etc. pour pouvoir être loué à un locataire. C'est ça, la notion de logement décent.",
3589.04,3621.14,"Alors, je vous l'ai dit, depuis 1989, la loi du 6 juillet 1989, on a défini les bases de cette relation entre bailleurs et locataires, et créer la notion même de logement décent qui impose, oblige les propriétaires à louer un bien qui respecte des critères minimum de confort et de sécurité.",
3622.14,3652.38,"Cette notion a été consolidée par le décret du 30 janvier 2022 qui a précisé des critères techniques plus précis pour dire ce qu'est un logement décent, ce qui n'est pas un logement décent. on va en parler, surface, salubrité équipement minimum, etc on va détailler ça un petit peu par la suite dernier dernier texte législatif ce coup là, parce que je vous ai déjà dit la différence entre les lois et les règlements",
3652.38,3682.76,"les lois c'est législatif les règlements, les décrets, etc c'est le cadre réglementaire dernière loi, dernier élément du cadre législatif la loi énergie climat de 2019 qui avait prévu et ça s'est précisé depuis, de faire entrer dans la notion de logement décent le DPE, c'est-à-dire la performance énergétique d'un logement. C'est un nouveau critère qui vient s'ajouter au précédent critère précédemment établi",
3682.76,3715.22,"pour définir qu'un logement est décent ou non. Alors, les critères principaux du logement décent qu'on va voir et qu'on va détailler en deux parties différentes. Très simplement, c'est… Alors, excusez-moi, il faut qu'on mette juste en dessous. Hop là. Les surfaces minimales. Et vous avez tous souvent entendu dire qu'on ne peut pas louer un appartement de moins de 9 mètres carrés.",
3715.66,3746.1,"Ça, c'est quelque chose qu'on connaît tous. Surtout si on travaille en ville, à Paris, à Marseille, à Bordeaux, où il y a des toutes petites surfaces, notamment les anciennes chambres de bonne, qu'on appelle également, pour faire bien aujourd'hui, enfin pas pour faire bien, mais pour faire un peu politiquement correct, on appelle ça les chambres de service. Les chambres de service, les chambres de bonne, souvent, elles font moins de 9 mètres carrés. Et vous avez souvent entendu dire, donc, en dessous de 9 mètres carrés, ce n'est pas louable. Pourquoi ? Pour quelles raisons ? Eh bien, parce que ça fait partie des critères de logement décent.",
3746.42,3781.5,"Alors, là aussi, vous m'avez souvent entendu dire, attention, ce n'est pas seulement 9 mètres carrés, C'est 9 mètres carrés et 2,20 mètres minimum de hauteur sous plafond. Donc, il faut 9 mètres carrés habitables au sol et 2,20 mètres minimum. Mais on peut s'affranchir des 9 mètres carrés, 2,20 mètres, si on a un volume habitable d'au moins 20 mètres cubes. C'est la raison pour laquelle on peut très bien voir des appartements, des chambres de bonne louée, quand elles font moins de 9 mètres carrés, si on a au moins 20 mètres cubes.",
3781.88,3813.84,"C'est une petite nuance. Ce n'est pas recommandé cependant. Deuxième critère, sécurité et salubrité. Alors, sécurité, ça veut dire est-ce que je suis en danger ? Salubrité, ça veut dire est-ce que ce n'est pas trop crade et trop humide ? Le logement ne doit pas exposer les occupants à certains risques, comme le plomb, donc il faut un diagnostic plomb, l'amiante, il faut un diagnostic amiante, les installations électriques,",
3814.1,3850.54,"elles doivent être en bon état, comme le gaz, et la structure du logement lui-même qui doit être exempte d'infiltrations trop importantes. Alors, infiltrations trop importantes, c'est-à-dire que si à un endroit, il y a eu une petite gouttière qui a coulé, ça a fait un petit peu de moisie sur le papier peint, Ça ne rend pas le logement automatiquement indécent. Il faut que les infiltrations rendent véritablement le logement impropre à l'habitation. Donc, plomb, amiantes, installations électriques et gaz défectueuses et la structure globale. Ça, c'est la sécurité et la salubrité.",
3850.54,3881.68,"Les équipements essentiels. Pour être considéré comme un logement décent, le logement doit être équipé d'un certain nombre d'appareils de confort, on va dire, d'éléments de confort minimum. Premièrement, une alimentation en eau potable, froide et chaude, avec pression suffisante. On ne peut pas avoir un petit filet qui coule, clic, clic, clic, dans la cuisine, et c'est tout.",
3881.88,3914.1,"Donc, une alimentation en eau potable, froide et chaude, avec une pression suffisante. Ensuite, il faut un système de chauffage et de production d'eau chaude, bien sûr, en bon état. C'est-à-dire qu'il fonctionne de manière satisfaisante. Il ne suffit pas de dire « il y a un radiateur à tel endroit, il ne marche pas, ce n'est pas mon problème ». Il doit fonctionner de manière satisfaisante, c'est-à-dire apporter de l'eau suffisamment chaude, en quantité suffisante et un chauffage suffisant pour pouvoir habiter relativement confortablement.",
3914.1,3952.34,"Autre élément, il doit y avoir des sanitaires intérieurs comprenant au minimum des toilettes et une baignoire ou une douche, c'est-à-dire de quoi se laver. Ces sanitaires intérieurs doivent être séparés physiquement de la cuisine. On a déjà vu, j'ai déjà vu à Paris des chambres de bonne qu'on louait aux étudiants à prix d'or avec les toilettes dans la cuisine il faut y avoir",
3952.34,3984.8,"doit y avoir alors non pas un simple rideau j'ai déjà vu aussi il doit y avoir une cloison qui sépare physiquement les toilettes de la cuisine alors on dirait il suffit d'avoir les toilettes dans la cuisine mais avec une cloison en dur typiquement oui également et ça c'est ce qu'on qu'on va détailler plus tard, il faut un système d'isolation thermique et de performance énergétique suffisant. On va y revenir après si vous le voulez bien. Elles sont juste ici. Parce que c'est ça en fait, entre guillemets, la nouveauté.",
3986.02,4017.34,"Alors, la notion de logement décent, à quoi ça sert ? La première chose, c'est d'éviter ce qu'on appelait auparavant, et c'est ici toujours, les marchands de sommeil qui louait des biens d'habitation sans garantir ce qu'on appelle les conditions c'est pas moi qui ai inventé ce qui est écrit ici vous voyez que moi je parle pas comme ça je suis un petit peu plus direct ce sont des notions qui n'ont pas été inventées par moi donc de quoi garantir des conditions de vie dignes",
4017.34,4047.5,"je sais pas pourquoi j'ai mis ce mot là c'est une erreur de copier coller je vous demande de m'en excuser je ne l'avais pas vu c'est une erreur de copier coller quand j'ai fait le powerpoint avec lequel j'ai fait ce PDF. Donc, le mot « information » ici ne devrait pas y être. Je vous présente mes excuses. Donc, garantir des conditions de vie dignes et « information et transparence » ne devraient pas être là. On fait comme s'il n'était pas là. Je vous présente toutes mes excuses. Cette notion de logement décent, elle vise à protéger les locataires",
4047.5,4078.86,"en leur assurant un logement répondant à des standards minimum de confort, de sécurité, de salubrité. Le texte qui avait été donné directement à l'Assemblée nationale C'était « Constituer un socle pour éviter les abus Et garantir que les logements loués ne présentent pas de risque Pour la santé ou la sécurité des occupants » On avait pour objectif à l'époque véritablement D'éliminer ce qu'on appelait ces marchands de sommeil C'est-à-dire d'empêcher les gens de louer des biens",
4078.86,4130.86,"Alors pas forcément à prix d'or mais tout simplement de louer des biens à des locataires qui n'ont pas le choix, des biens de merde, des biens qui les fait vivre tout simplement dans un taudis. Ça existe toujours, ne nous voilons pas la face, mais cette loi a eu un véritable effet bénéfique sur le marché locatif parce qu'avant on avait tout simplement le droit de louer des taudis. On avait le droit. On partait du principe que si les locataires l'acceptent, tant mieux ou tant pis pour eux. C'est comme ça. Aujourd'hui, on n'en a plus le droit. Depuis 1989, ça a quand même fait forcer les propriétaires à proposer des biens avec un minimum de confort, notamment dans le cadre des loyers de la loi 1948.",
4130.86,4166.58,"Vous savez, la loi de 1948, il n'en existe, je pense, plus aujourd'hui. Le dernier que j'ai vu, moi, c'était il y a bien une grosse dizaine d'années. Un loyer de 1948, c'était des loyers qui, au sortir de la guerre, interdisaient, sous certaines conditions, aux propriétaires bailleurs d'augmenter le loyer, notamment des veuves de guerre. Pas seulement, mais notamment des veuves de guerre qui se retrouvaient protégées et qui ne risquaient pas de finir à la rue. Du coup, ils n'entretenaient absolument pas les logements. Du tout, du tout, du tout, du tout, du tout. Donc, les loyers de 1948, c'était une aubaine pour les marchands de biens, mais c'était souvent des taudis absolument infects.",
4169.54,4215.6,"Alors, deuxième utilité, enjeu de la notion de logement décent, aujourd'hui, contribuer à la transition énergétique. Alors, on le sait depuis le fameux grenelle de l'environnement, les pouvoirs publics cherchent le plus de moyens possibles de contraindre les gens à rénover les bâtiments dans le but d'obtenir une meilleure performance énergétique. Un des moyens, ça a été d'introduire récemment, on vient de le voir, la notion de performance énergétique et d'isolation dans les critères de logement décent. Donc ça veut dire qu'on ne peut pas louer si le logement a une performance énergétique trop faible.",
4215.6,4249.64,"Ensuite, et là je reprends les objectifs donnés au moment en 1989 où la loi est passée C'était dans le plaidoyer à l'Assemblée Nationale pour faire voter cette loi Responsabiliser les propriétaires bailleurs, c'était un des objectifs avoués officiels La notion d'essence les incite et les contraint à entretenir et moderniser les biens afin de garantir une mise en location au plus grand nombre.",
4250.660000000001,4282.56,"Ensuite, on a introduit, pour les responsabiliser, les propriétaires bailleurs, et on le verra après, des sanctions. Des sanctions de différents types, trois principaux, qu'on détaillera juste après, pour obliger les bailleurs à prendre en compte leurs obligations légales. C'est-à-dire qu'on n'a pas dit « maintenant vous devez faire comme ça, soyez de bonne foi, on compte sur vous ». Non, il y a un certain nombre de sanctions qui ont été mises en œuvre. Des sanctions d'ailleurs assez logiques, de bon sens, vous allez le voir. Le but était également d'améliorer les relations locatives entre propriétaires, bailleurs et locataires.",
4282.72,4313.099999999999,"Donc, en offrant un logement conforme et en bon état, les propriétaires réduisent les sources de conflits avec les locataires. Bon, ça c'est un argument donné pour rassurer les associations de propriétaires, bailleurs. On va regarder si c'est également dans votre intérêt. « Les locataires en retour bénéficient de conditions de vie adaptées à leurs besoins, renforçant leur satisfaction et, là encore, minimisant les risques de litiges et de conflits avec le propriétaire bailleur. » Bon, vous sentez un petit peu le pipeau arriver là quand même, soyons clairs, c'est évident.",
4313.84,4347.04,"« Dernier argument qui avait été mis en avant, là encore pour rassurer les propriétaires bailleurs, valoriser le parc immobilier locatif. La mise en conformité des biens avec les critères de décence augmente la valeur du bien et permet de le revendre éventuellement plus cher. Les logements bien entretenus et énergétiquement performants attirent davantage de locataires solvables et engagés, de quoi faire miroiter aux futurs propriétaires mailleurs de très bons locataires qui payent bien, et permet également de garantir une meilleure revente à la sortie du programme locatif.",
4347.04,4396.8,"Alors, application de la notion de logement décent. Premièrement, comment on fait pour avoir des logements décents ? Ça impose des obligations aux propriétaires bailleurs pour garantir un niveau minimal de confort pour les locataires. Plusieurs responsabilités et implications juridiques en découlent. Premièrement, la mise en conformité avant la location, parce qu'on a deux étapes, avant la location et en cours de bail. Vous allez comprendre pourquoi. Parce que vous pourriez dire, bah oui c'est logique, c'est avant, c'est pas après. Si, aussi. Donc, mise en conformité avant la location, en théorie, le propriétaire bailleur doit impérativement faire les travaux avant la mise en location. Il doit mettre en location un bien conforme.",
4396.8,4432.0,"Il n'est pas censé dire « je vous loue le bien et je ferai les travaux bientôt ». Rassurez-vous, c'est un petit peu comme le DPE en cours, vous voyez. Rassurez-vous, ça arrive très bientôt. Non, ça n'arrive pas très bientôt. Je vous propose, monsieur le locataire, un logement qui correspond maintenant, avant la signature du bail, au critère de logement décembre. On peut signer le bail si les travaux ne sont pas encore faits, ne sont pas encore finis, mais le bail ne peut pas s'exécuter.",
4432.16,4463.48,"On peut le signer, préparer pour plus tard, mais le bail ne commencera à produire ses effets juridiques qu'une fois les travaux terminés. Donc, mise en conformité avant, qui inclut une inspection des installations électriques, sanitaires, chauffage et gaz, et une vérification de l'état général de la structure, absence d'infiltration importante, solidité des planchers, des murs et des huisseries. Il existe d'ailleurs, sachez-le, des diagnostics logements décents qui sont proposés par les diagnostiqueurs,",
4464.08,4499.48,"qui ne sont pas obligatoires, de même, ils vont avec les diagnostics de superficie loi boutin. Ça va avec, ce n'est pas obligatoire, mais ça vous protège si vous êtes propriétaire bailleur. Alors faites ça avec les autres diagnostics, DPE, gaz, électricité, etc. de sorte à avoir un package complet qui vous permet de dire à votre locataire « Voilà, ce n'est pas moi qui vous dis que le logement est décent et on ne connaît ni vous ni moi bien les critères, c'est le diagnostiqueur qui nous le certifie. » Ensuite, la réalisation des travaux nécessaires.",
4499.48,4550.1,"La réalisation des travaux nécessaires en cours de bail, pourquoi ? Parce que lorsque le bail a été signé avant l'entrée en vigueur de la loi en 1989, il y avait forcément une période dans laquelle il fallait faire les travaux après. Et également parce qu'au-delà de cette période de transition qui est terminée, 1989 c'était quoi ? C'était il y a 25, 30 ans, 30, 34 ans, 35, 36 ans, pardon. C'était il y a 35, 36 ans. Donc, aujourd'hui, on peut très bien avoir un logement qui était décent il y a trois ans, il y a quatre ans, il y a cinq ans, mais qui, du fait de certaines dégradations, ne l'est plus. Ou alors un logement qui était décent à la signature du bail, mais parce que les critères permettant d'établir un logement est décent évoluent, on rajoute des choses.",
4550.1,4580.8,"Regardez aujourd'hui, on rajoute les performances énergétiques. Il faut mettre le bien en conformité au fil de ces nouvelles normes parce qu'il s'agit d'une disposition d'ordre public. On ne peut pas dire « ah bah oui, mais c'est un bail ancien ». Il n'est donc pas concerné. Donc, disposition d'ordre public, sécurité et santé publique pour le locataire, il faut se mettre en conformité. Donc, il est tout à fait envisageable d'avoir des travaux à effectuer en cours de bail. Ils doivent l'être.",
4581.38,4616.14,"Il faut, lorsque l'on est en cours de bail et que l'on a des critères de logement décent irréguliers, procéder aux travaux d'isolation thermique ou acoustique, d'installation ou de mise aux normes ou de réparation des équipements essentiels et minimaux et la réduction des risques pour la santé, plomb, amiant, humidité. C'est une obligation, on ne peut pas se réfugier derrière le fait qu'on est en cours de bail et qu'on attendra le renouvellement ou le changement de locataire. Quelles sont les sanctions en cas de non-conformité ?",
4616.900000000001,4648.8,"Alors, la première, la plus évidente, c'est l'impossibilité de louer le bien. Parce que si votre bien n'est pas conforme aux critères du logement décent, vous n'avez pas le droit de le louer tant que les travaux ne sont pas faits. C'est aussi simple que ça. le bail que vous signeriez serait absolument irrégulier et ça risquerait de vous coûter cher, vous allez le voir. Donc, impossibilité absolue de louer le bien, tant que les travaux ne sont pas faits. Si jamais vous louez le bien parce que le bail a été fait avant, etc.,",
4648.8,4680.58,"ou je ne sais pas quoi, et que vous ne procédez pas à la régularisation des critères non conformes, eh bien, il faudra réparer, on va voir après le préjudice, il faudra procéder aux réparations. Ça pourra donner lieu à une réduction du loyer, ainsi qu'à des sanctions civiles, on va le voir juste ici, et pénales. C'est-à-dire que louer un bien pour lequel on ne fait pas les travaux nécessaires,",
4680.58,4711.78,"ça peut vous mener au tribunal, ça peut vous mener en correctionnel. Il peut y avoir également, et ça c'est ordonné par le juge, une obligation de relogement. C'est-à-dire que le juge dit « Désolé, mais là, à votre charge, M. le bailleur, vous allez trouver un autre appartement équivalent. C'est-à-dire que s'il s'agit d'une famille avec cinq enfants, vous n'allez pas leur trouver un studio. Vous allez leur trouver de quoi loger une famille et les cinq enfants à vos frais.",
4712.24,4742.66,"Vous devez procéder au déménagement, vous devez les mettre dans les lieux, vous devez leur fournir un logement décent. ça c'est le juge qui c'est pas le locataire qui dit moi je veux un autre appartement parce que le vôtre il est plus décent non, on va voir ça dans un instant c'est le juge qui éventuellement au terme d'une procédure judiciaire, qui peut être d'ailleurs une procédure en référé, c'est sur le papier pour le moins possible alors une procédure en référé c'est une procédure d'urgence, c'est quand on arrive à convaincre le juge que il y a urgence à statuer",
4742.66,4774.92,"tout de suite, tout de suite, ça ne peut pas attendre et le juge peut prendre une décision très rapidement dans la semaine qui suit et même, c'est relativement courant en cas d'une décision référée, on considère que comme il y a urgence à agir et à faire cesser un trouble la personne, le propriétaire bailleur par exemple, qui perdrait le procès et qui serait condamné à agir en urgence, peut se voir infliger des pénalités par jour de retard en gros, vous devez reloger cette famille et pour chaque jour qui passe, soyez pas relogé",
4774.92,4805.299999999999,"ça va vous coûter 500 euros de plus. Inutile de vous dire que ça calme. Donc, l'obligation de relogement qui peut être définie par le juge. Et également, il peut y avoir des condamnations civiles, c'est-à-dire la réparation du préjudice subi par le locataire. On estime que vous lui avez causé du tort en le faisant vivre dans un logement non décent, donc ça peut vous coûter des amendes, ça peut vous coûter un relogement, ça peut vous coûter plein de choses, et ça peut vous coûter également de réparer le préjudice subi par le locataire, donc le versement de dommages-intérêts.",
4807.719999999999,4841.22,"Donc ça, ce sont les éventuelles sanctions. Alors, petite chose intéressante, le locataire ne peut pas, lui de son propre chef, dire « bon, mon logement n'est pas décent, j'arrête de payer mon loyer ». Mais, il peut exercer une pression très importante sur son vendeur, ça c'est une petite astuce que je vous donne, non pas en cessant de payer, mais en ne payant plus au vendeur.",
4842.6,4875.22,"C'est-à-dire que le locataire continue à payer son loyer, mais sur un compte spécial, chez un huissier de justice par exemple. Ça coûte des sous de le faire chez un huissier de justice, vous pouvez le faire sur un compte spécial à la banque. C'est-à-dire que vous ouvrez un compte spécifique à la banque, le compte loyer, sur lequel vous continuez à verser les loyers mois après mois. Mais par contre, vous ne les donnez pas au vendeur. Le faire chez un huissier de justice vous protège véritablement d'une éventuelle allégation de mauvaise foi de la part du vendeur qui dirait que vous utilisez ça pour ne plus payer.",
4875.22,4915.08,"« Non, regardez, je continue à payer le loyer chez l'huissier de justice, il a chaque mois, je vous invente, 1500 euros de loyer qui tombent, ils sont tous là, et l'huissier de justice les débloquera et les donnera aux vendeurs quand les travaux seront réalisés. » Donc, je continue à payer, mais pas aux vendeurs. Ça met la pression quand même. S'il voit ça, il est obligé de bouger. C'est une évidence. Alors, bien entendu, dans tous les cas, à tout moment, le locataire qui aurait des mises en demeure infructueuses peut saisir le tribunal judiciaire.",
4915.9400000000005,4947.04,"Ce n'est pas une bonne nouvelle pour le vendeur, parce que comme vous le savez, en France, on ne va pas rentrer dans ce débat, mais en France, les tribunaux ne sont pas des modèles d'impartialité, ils ont tendance à considérer que dans toute affaire, il y a un méchant et un gentil. L'employeur est méchant, le salarié est gentil. Le vendeur est méchant, l'acquéreur est gentil. Même quand c'est l'acquéreur qui se comporte mal, il est quand même présumé être plutôt gentil. Et lorsqu'il s'agit d'un propriétaire bailleur et d'un locataire,",
4947.16,4978.42,"alors là, inutile de lui dire que quand ça finit au tribunal, les juges considèrent le propriétaire bailleur par principe comme un croque-nitaine et un marchand de sommeil. Même lorsque ça n'est pas le cas, il a à peine mis un pied dans le tribunal qu'il est déjà à moitié désigné coupable. Donc, à partir du moment où le locataire met en demeure et menace d'aller au tribunal, généralement, le propriétaire de l'IOM n'a pas intérêt à déconner. Il faut qu'il répare tout de suite, tout de suite, tout de suite, tout de suite, parce que si ça finit effectivement au tribunal, il va le sentir passer. Il va le sentir passer.",
4980.639999999999,5014.4,"Alors, depuis le 1er janvier 2023, Il y a eu une modification majeure des critères du logement décent par l'introduction de la notion de performance énergétique et d'isolation thermique dans les critères de logement décent. C'est-à-dire que depuis le 1er janvier 2023, en plus de tout le reste, il faut que le logement soit bien isolé et ait une performance énergétique minimale pour être considéré comme décent.",
5014.4,5070.4400000000005,"Et c'est ça un petit peu la nouveauté de 2025 qui fait que je me suis dit « c'est le moment de parler du logement décent » parce qu'on en a parlé les fois précédentes. C'est que depuis le 1er janvier 2025, tous les logements classés G sont considérés comme indécents. Donc, ils ne sont plus louables. Donc, ça veut dire qu'un logement qui aurait un DPEG doit subir des travaux de rénovation énergétique pour continuer à être décent. Et c'est là qu'on voit la notion dont on parlait tout à l'heure d'un logement qui, au moment de la signature du bail, était décent et qui, depuis, ne l'est plus et doit être mis en conformité.",
5070.44,5103.94,"Alors attention, il ne faut pas confondre, ça j'en parle dès maintenant, Hugues nous en a reparlé tout à l'heure, avec une autre échéance du 1er janvier 2025 qui est l'échéance du logement E qui impose un audit énergétique en cas de revente. Ça, c'est un autre calendrier. Alors, vous me direz, il aurait peut-être fallu accorder les différents calendriers avec les différents trucs que tous les G, tous les E, tous les F modifient les actions à mener en même temps.",
5104.1,5138.2,"Bon, ce serait en demander un petit peu trop quand même à nos fonctionnaires. Donc, les logements classés G à partir du 1er janvier 2025 sont considérés comme indécents et ne sont plus louables et doivent être mis en conformité, à ne pas confondre avec les biens que nous vendons qui sont classés E et qui, eux, désormais, imposent également la production d'un audit énergétique. On en reparlera, si vous voulez, dans le détail dans une autre visioconférence pour ne pas tout mélanger.",
5139.299999999999,5169.4,"Là, on parle bien des logements classés G qui, désormais, ne sont plus louables. Il faut faire des travaux. Alors, le DPE, tout le monde sait ce que c'est. Je pense qu'il n'est pas nécessaire de le redéfinir. C'est, vous le savez, le diagnostic qui nous donne deux informations. Est-ce qu'un logement consomme beaucoup ? Et est-ce qu'il émet, deuxième critère, beaucoup de gaz à effet de serre ? ça donne lieu à la production d'une note par le diagnostiqueur, une note chiffrée,",
5170.12,5201.62,"qui ensuite est classée dans une classe énergétique ABCDEFG. G, désormais, n'est plus louable. C'est très important, ça. C'est très, très, très important, parce que vous savez que depuis 2021, depuis le 1er juillet 2021, il y a eu la réforme du DPE avec le petit cochon rose dont je vous parlais tout à l'heure. ils sont calculés d'une certaine manière ça a été un beau bazar, vous vous en souvenez, on ne va pas revenir là-dessus ça a donné lieu à la production d'un DPE",
5201.62,5232.6,"unique pareil partout avec les mêmes informations les mêmes mentions, ça c'était très bien, c'est une très bonne chose ça par contre mais très important, le DPE est devenu opposable le DPE opposable, ça signifie que la personne à qui on produit un DPE, que ce soit un acquéreur ou un locataire la production du DPE, le DPE qu'on lui transmet, ou le DPE qui est fait faire lui-même à côté, il peut l'utiliser contre le vendeur ou contre le propriétaire d'ailleurs pour dire non ça ne va pas, non ça ne va pas",
5232.6,5264.34,"et ça va vous coûter cher. Sur la foi de ce DPE que je vous brandis et que je vous mets dans le pif, ça veut dire un peu ça opposable, vous allez devoir soit me réparer ont préjudice financièrement, soit et ou d'ailleurs procéder aux travaux. Donc aujourd'hui, le locataire a la possibilité de faire faire un DPE ou bien de prendre le DPE qui lui a été fourni par le vendeur et de dire au vendeur, regardez, on est en G, il faut faire les travaux.",
5265.0,5296.8,"Maintenant, sans attendre. Bien entendu, ces travaux sont obligatoires. Il y a une obligation absolue de les faire. Alors, de les faire, les propriétaires bailleurs savent depuis deux ans qu'au 1er janvier 2025, il faut faire les travaux. Donc, se réfugier aujourd'hui pour dire, « attendez, donnez-moi un délai raisonnable pour faire les travaux",
5296.8,5346.1,"parce que ça vient d'arriver ce truc, c'était au 1er janvier 2025 », ça ne tient pas trop haut et ce n'est pas encore tombé au tribunal, ça va arriver, mais on s'attend logiquement à ce que les tribunaux disent « non, vous le saviez depuis deux ans ». Donc il fallait anticiper et faire les travaux en 2024, en 2023 pour être d'équerre au 1er janvier 2025. On s'y attend, c'est une évidence. Mais on sait très bien qu'il y a là-dessus une énorme incertitude. Pourquoi ? Parce que depuis le 1er juillet 2021 et le début de la réforme de DPE, nous avons en permanence des retours en arrière, on fait un pas en avant, deux pas en arrière et ainsi de suite sur la manière dont DPE établit les notes, le logiciel, le machin et on revient en arrière et c'est oui et c'est non, etc.",
5346.1,5378.18,"Et aujourd'hui, on a un nouveau gouvernement tous les trois mois. Là, on a un gouvernement avec François Bayrou, on ne sait pas combien de temps il va tenir, on ne sait pas ce que ça va donner. Mais on sait que, premièrement, le marché de l'immobilier est plutôt dans une mauvaise santé que dans une bonne santé. même si on va en rediscuter dans un instant si vous le voulez bien on a des raisons d'espérer une embellie en ce moment, on va en parler après pas tout de suite, ne me dis pas oui chez moi ça se passe comme ci comme ça, on le verra après",
5378.18,5410.64,"donc le marché de l'immobilier est plutôt en crise qu'en bonne santé on sait que le marché locatif est lui dans une espèce de sinistrose absolument désastreuse, là par contre il n'y a aucune raison d'imaginer des embellis quand je parle d'embellis c'est sur le marché de la vente de la transaction, le marché de la location et au fin fond des enfers les gouvernements quand ils viennent, il y a de nouveaux ministres",
5410.64,5443.42,"et ça change, et un coup c'est le ministre du logement et un coup c'est le ministre de l'intérieur et un coup c'est le ministre de l'économie qui met son grain de sel dans tous les DPE et tous disent il faut interdire les logements classés G à la location non, il ne faut surtout pas, oui mais peut-être plus tard oui mais non pas maintenant En fait, on est dans une incertitude où on ne sait pas ce qui va se passer. Sur le papier, légalement, l'interdiction de location des logements classés G est en place aujourd'hui depuis le 1er janvier 2025. Mais personne ne sait comment ça va effectivement se passer ou pas se passer par la suite.",
5443.66,5474.6,"On n'en a pas la moindre idée. Mais sur le papier, on peut très bien avoir aujourd'hui un locataire qui attaque son propriétaire en justice pour lui faire payer une vieille rancœur peut-être. Il a aujourd'hui un nouveau levier à actionner. et le propriétaire peut s'en prendre plein le pif. C'est une possibilité absolue. Alors, les travaux obligatoires, on les connaît, c'est les travaux d'amélioration énergétique et thermique.",
5475.900000000001,5507.900000000001,"Qu'est-ce que ça peut être ? Ça peut être l'isolation thermique, les murs, les toitures, les planchers. Ça peut être le remplacement ou la réparation des systèmes de chauffage et de production d'eau chaude obsolète. Ça peut être l'installation de dispositifs plus performants comme des chaudières modernes. Je ne connais pas grand-chose, mais vous savez, il y a les condensations, les machins, les thermostatiques, les bidules. Installer des panneaux solaires, tous les travaux qu'on connaît déjà. Il a été instauré un calendrier progressif",
5507.900000000001,5542.2,"qui va resserrer la vis de plus en plus, de plus en plus, de plus en plus. Alors, ce calendrier, quel est-il aujourd'hui ? Aujourd'hui, parce que, comme je vous le disais, grosse incertitude sur ce qui va se passer. Ça peut tout à fait bouger, ça peut tout à fait évoluer. 1er janvier 2025, interdiction à l'allocation des logements classés G. Toujours sur le fondement du logement des 100. Donc, 1er janvier 2025, logements classés G. Dans 3 ans, 1er janvier 2028, interdiction des logements classés F.",
5543.599999999999,5577.22,"Plus tard, dans 9 ans, 1er janvier 2034, interdiction des logements classés E. 2025 G, 2028 F, 2034 E. Est-ce que ça va changer ? Est-ce que ça va bouger ? Ou quoi ? Ou qu'est-ce ? J'en sais rien, on verra, on verra bien. Alors, quel est l'impact pour nous ? Parce que vous pourriez dire, ça ne nous regarde pas trop, nous on s'en fout, on fait de la vente. On fait de la vente et je vous avouerai que les relations",
5577.22,5610.68,"que nous voyons certains d'entre vous avoir avec la société immodirecte, nous poussent, me poussent à chercher une alternative. Donc la location pour la Lugard, ce n'est pas pour tout de suite Et je me dis de plus en plus que ça ne va pas se faire avec l'immobilier direct. Vous le savez, c'était en test, certains d'entre vous travaillent pour eux, etc. Il y a quand même des alertes rouges, un peu trop rouges. Donc, ça fait longtemps que j'en parle, je vous dis, on va voir si ça peut s'améliorer, s'arranger.",
5610.860000000001,5641.1,"Je n'ai pas l'impression que ça puisse s'arranger, s'améliorer du tout. Donc, pourquoi ça nous concerne-t-il tout ça ? Qu'est-ce qu'on en a à faire ? Eh bien, premièrement, parce que c'est l'immobilier. Deuxièmement, parce que le logement décent, vous devez savoir ce que c'est. Même pour la vente, vous avez dû le remarquer, normalement, dans chaque compromis et acte de vente que vous passez, le notaire en parle. Il dit, le vendeur déclare que le logement correspond aux critères de décence. Parce qu'il pourrait éventuellement le louer, l'acquéreur. Et c'est là que ça vous intéresse, que ça vous regarde.",
5641.1,5672.780000000001,"C'est parce que lorsque vous vendez un bien immobilier à quelqu'un qui va donc l'acheter, qui veuille l'habiter ou pas, vous lui vendez pour qu'il puisse le louer s'il l'estime opportun. Et donc, il faut que vous sachiez lui dire ça c'est louable ou ça, ça n'est pas louable. Ça c'est décent, ça, ça n'est pas décent. Vous êtes concerné en tant que vendeur d'un bien qui pourrait être loué. Donc, vous devez savoir informer vos clients",
5672.780000000001,5705.14,"de ces nouvelles règles et des règles anciennes concernant le logement décent. On en a terminé, je vous avais dit que c'était quelque chose de relativement simple, le logement décent, c'est un truc tout facile, on s'est un petit peu apesanti parce que désormais, dans le logement décent, pèse un critère environnemental, alors que ça n'était pas le cas avant. Mais vous l'avez vu, ce n'est pas quelque chose de vraiment compliqué, compliqué. Alors, est-ce que vous avez des questions ? Je vais ressortir mon machin de questions qui est là.",
5705.34,5739.4,"plouf donc appelez moi après la vision concernant l'interview ou il move les critères de logement des centres ne sont valables que pour l'allocation pour les logements à vendre y a-t-il d'autres critères oui il y a la notion d'habitabilité sur laquelle on revient on a déjà fait une vision sur l'habitabilité je sais pas si vous vous souvenez mais on pourra y revenir si vous voulez au cours d'une autre vision parce que là j'ai pas tous les critères en tête parce que À partir du moment où vous vendez un logement, regardez, je vais quand même donner deux, trois éléments,",
5739.5,5773.8,"parce que la question de Sandrine est intéressante. Je vais vous sortir un compromis. Là, qu'est-ce que j'ai comme compromis ? Là, j'ai un compromis de Laurent. Est-ce que Laurent est avec nous ? Je crois que Laurent est avec nous, non ? Non, ce n'est pas Laurent Guilly, c'est Laurent Moreau. lorsque vous vendez un bien ce bien il a toujours on va descendre à la désignation c'est obligatoire c'est la loi à des émissions",
5773.8,5810.62,"Je ne sais pas ce qu'il est, mon public. Je ne le vois pas. Ici, on parle d'une unité d'habitation. On peut la voir à différents endroits ou ailleurs. Ici, habitation. Ça, c'est le code de la construction d'habitation. Voilà, ici. C'est ça exactement que je cherchais. Le promettant déclare que le bien est actuellement à usage d'habitation. et d'annexe à l'habitation, il doit y avoir une petite dépendance, je ne sais pas si c'est un garage, un apporti, j'en sais rien.",
5812.08,5844.46,"Le bien est actuellement à usage d'habitation. Un bien immobilier a toujours, ici on parle d'un usage, vous ne pourriez pas entendre parler d'affectation, ce sont des critères juridiquement un petit peu différents, mais c'est pareil. Un bien immobilier, il est destiné Il a une destination C'est un bureau Ou c'est une remise Ou c'est une grange Ou c'est une étable Ou c'est ceci, c'est cela, c'est machin, c'est truc Ou c'est une habitation Et à partir du moment où c'est une habitation",
5844.46,5875.2,"Il ne suffit pas de dire Moi je décide que c'est une habitation Il faut deux choses Il faut qu'il corresponde aux critères d'habitabilité On pourra y revenir si vous voulez au cours d'une autre vision conférence Et il faut que ce soit enregistré comme telle à l'urbanisme et aux impôts. Que les bons impôts soient payés conformément à une habitation. Et quel que soit le compromis que vous prenez, vous avez toujours une destination. Habitation, remise, grange, parking ou que sais-je encore. Et ça, on le retrouve",
5875.2,5905.42,"absolument partout. Si je prends un autre compromis ici, un compromis d'Éric, Éric qui est à côté de Bourges, c'est pareil. On va voir qu'ici, c'est une… parce que nous, nous vendons à 99% des habitations. Usage du bien, le vendeur déclare que le bien est actuellement à usage d'habitation. L'acquéreur entend conserver cet usage, ça c'est autre chose, c'est ce qu'on appelle en droit des contrats la notion de cause. Un contrat doit toujours avoir une cause.",
5905.42,5935.72,"Un contrat sans cause est illicite malgré la réforme du droit des contrats d'il y a quelques années. On ne va pas revenir là-dessus. donc usage d'habitation, toujours c'est obligatoire donc les critères d'habitabilité si vous voulez on pourra y revenir une prochaine fois, c'est pas une mauvaise idée là je ne suis pas capable de le faire sans en oublier la moitié pourquoi j'ai pu revenir ici j'avais quoi, j'avais ça ah oui c'est le compromis, j'ai bougé la page du compromis mais ici il y avait le plan, voilà c'est là que je me suis trompé",
5935.72,5967.0,"Marc doit nous laisser, à très bientôt les critères de logement des centres ah oui ça c'est bon je crois que normalement la porte des WC ne doit pas donner directement sur l'espace cuisine, tout à fait la porte ne doit pas s'ouvrir dans la cuisine absolument, pour les odeurs et l'hygiène si ma mémoire est bonne dans un permis d'attente 99 qui a bugué pour ces critères c'est tout à fait vrai, alors attention il y a aussi une chose qu'il ne faut pas confondre Véronique c'est que les critères les normes ne sont pas les mêmes lorsque l'on construit",
5967.0,6000.62,"un bien neuf ou lorsque l'on modifie un bien ancien. Attention à ça, un permis de 1999 ne vous imposait pas les mêmes critères que retaper une chambre de bonne qui date de 1890, par exemple. Mais oui, vous avez raison. Pour les biens G, l'idée se propage, pour louer, de faire un bail civil pour éviter la loi de 89 et également pour un bail civil, pas besoin de faire un DPE S exact. Oui, alors ça, ça s'est propagé au cours de l'année 2024.",
6001.52,6032.46,"Au cours de cette année, on a vu fleurir un petit peu partout sur Internet « Ah ah, voici l'astuce qui permet d'échapper aux futures interdictions, c'est-à-dire de faire un bail civil, parce qu'un bail civil rentre dans la catégorie des beaux précaires. » Oui, c'était une possibilité qui a été utilisée par un certain nombre de bailleurs qui s'en sont mordus les doigts quand les locataires les ont attaqués au tribunal parce qu'il a été estimé qu'il s'agissait de détourner un bail au profit d'un usage",
6032.46,6064.84,"différent. En gros, volontairement on fait un bail précaire pour un usage non précaire. Et donc ça, oublions-le tout de suite, tout de suite, tout de suite, tout de suite, et tous les petits malins, les marchands de biens, etc. qui viendraient en disant « Haha, moi je suis un rusé, je suis un malin, je fais un bail civil et comme ça j'y échappe. En gros, comme si je faisais du Airbnb, mais avec un vrai locataire qui ne fait pas du Airbnb. Non, non, non, on oublie ça tout de suite. Ça va vous retomber sur le pif, à vous, aux propriétaires, etc. Donc, oui, pendant 6-8 mois, on a vu courir ça",
6064.84,6095.78,"jusqu'à ce que les tribunaux disent mais non, absolument pas. Excusez-moi, je bois un petit peu d'eau. Voilà, pardonnez-moi. Alors, l'audit énergétique obligatoire seulement pour les maisons ou les immeubles en toute propriété ? Alors, là, je vous avouerai que vous me posez une colle, je vais vous poser une colle parce que je me souviens qu'on en avait parlé au cours d'une visio l'année dernière,",
6096.639999999999,6126.94,"mais je ne sais pas si on a passé ou pas, parce que je ne m'en souviens plus, la date, parce qu'il y avait effectivement, je vais essayer de regarder, je vais vérifier ça tout de suite, la date pour les copropriétés à partir d'une certaine taille et hors copropriété d'une autre etc, donc on va le regarder tout de suite plutôt que je vous dise une bêtise parce que quand on a fait cette vision l'année dernière j'ai oublié les critères, là encore il y avait des calendriers telle date on passe à telle catégorie telle date telle catégorie",
6126.94,6157.639999999999,telle autre catégorie à prévoir pour plus tard et je m'en souviens plus donc on va regarder ça tout de suite on regarde ça tout de suite qu'est-ce que j'ai ici moi alors classe F et G depuis le 1er septembre 2022 ok 1er janvier 2025 classe E 1er janvier 2034 classe D mais tatatatata on va trouver ça ne bougez pas,
6157.639999999999,6194.42,c'est le tridon là je suis sur le site du bidon donc ça normalement c'est fiable bah ouais mais leur truc il est pas complet n'est pas complète du tout du tout du tout alors maison ou immeuble en monopropriété ça c'est sûr considéré comme des passoires énergétique a balancé toujours en monopropriété d'accord l'éco propriété toujours pas ce sera,
6194.42,6225.14,plus tard ce sera pour quand ce sera pour quand audit énergétique classe eux aux propriétés ils ne mettent pas bah oui apparemment il est toujours pas la date je crois alors en monopropriété ça c'est en cours pour les E c'était la monopropriété que vous me demandiez Karine si je ne me trompe pas si je ne me trompe pas,
6225.14,6255.18,"là je suis sur le site service public économie pardon ça c'est très très fiable non les copropriétés c'est toujours pas le cas et apparemment la date n'a pas été définie Je le vérifierai, cependant. Je le vérifierai. Les monopropriétés, c'est sûr, c'est en place, Karine. C'est certain. Et vous m'interrogez pour les monopropriétés.",
6255.52,6287.099999999999,"Les copropriétés, je chercherai pour la prochaine visio, si vous voulez bien. Mais je pense que la date n'a toujours pas été fixée. Sur un bail en cours depuis plusieurs années, le batteur doit-il fournir un DPE à jour ? Alors, oui, absolument. Il doit fournir un DPE correspondant à la norme du 1er juillet 2021. C'est ça qu'on appelle un DPE à jour. C'est Philippe qui nous demande ça. Absolument, absolument, parce qu'il est opposable. Ça veut dire, le fait qu'il soit opposable, ça lui impose de le faire.",
6287.219999999999,6319.36,"C'est-à-dire, ça lui impose, aujourd'hui, le vendeur, d'avoir un DPE à fournir pour vérifier s'il est bien concerné ou n'est pas concerné par ses nouvelles obligations. et ce DPE doit être un DPE établi selon la norme du 1er juillet 2021 c'est à dire le DPE avec le petit cochon rose c'est ce DPE là c'est ce DPE là ici il doit avoir été établi au plus tard au 1er juillet 2021",
6319.36,6350.0,celui là il a du 15-10-2021 il est non valable jusqu'au 14-10-2031 donc Pierre dit perso oui j'en avais parlé avec Pierre perso je bosse un peu avec ImoDirect pour l'instant presque 20 dossiers avec eux et ça va Julien lui c'est pas du tout la même chose pas du tout du tout du tout du tout la même soupe tolérance de délai pour les audits en F,
6350.0,6381.76,"alors j'ai pas entendu parler d'une demande d'appliquer avec tolérance les délais j'en ai entendu parler nulle part donc je pars du principe qu'à priori il n'en est pas question jusqu'à ce que éventuellement je vois que le ministère aurait demandé éventuellement d'appliquer ça avec souplesse et tolérance je ne sais pas moi en tout cas je n'en ai pas vu du tout avez-vous l'animation concernant notre action avec GRIP qui s'affaise habilité ainsi que les dispositions juridiques et l'accord de la lutarde oui, on a vu votre demande",
6381.76,6411.88,"Daniel, alors c'est Daniel et Guillaume on est en train d'y réfléchir parce que c'est vrai que Grifki n'est pas hyper hyper hyper hyper hyper hyper actif c'est le moins qu'on puisse dire donc on est en train de regarder parce que on ne sait pas si c'est du coup faisable ou pas, en tout cas on va vous en reparler mais on a bien reçu votre proposition je suis confronté à ce problème de mettre en vente un bien qui ne répond pas aux critères d'habitabilité, si vous voulez on peut s'appeler c'est pas un problème, on peut tout à fait s'appeler",
6411.88,6444.56,"comme on l'a fait il y a quelques jours deux semaines, trois semaines je ne sais plus comme on l'a fait il n'y a pas de soucis si vous voulez vous dites à l'animation quand vous êtes dispo et puis on essaye de caler ça le bail civil ne peut pas être pour une résidence principale il me semble, en théorie non, ça n'est pas prévu pour parce qu'un bail précaire peut être une résidence principale temporaire c'est à dire c'est votre seule résidence mais effectivement le bail civil n'est pas prévu",
6444.56,6477.14,"pour cela du tout c'est le principe du bail précaire à la différence du des baux habituels j'avais bien lu Daniel, pas de soucis, ne vous en faites pas à propos je ne sais pas si vous avez vu mon mail concernant ma rupture CDI si, si, si, j'ai vu votre mail alors c'est Véro qui dit qu'elle voudrait avancer là puisqu'elle est sur la montée en gamme",
6477.14,6508.96,"elle n'a pas eu de proposition de rendez-vous pour ça c'est normal il y a un embouteillage énorme pour la montée en gamme là il y a Guy qui avance bien bien bien bien bien en ce moment là dessus mais c'est un petit peu plus compliqué pour caler tout le monde là dedans parce que vous savez c'est des visios individuelles qui prennent beaucoup beaucoup de temps c'est une heure par semaine et par personne, alors vous allez dire une heure par personne et par semaine c'est pas grand chose multiplié par tous les agents ça fait beaucoup beaucoup beaucoup d'autant que je l'ai fait de plus en plus",
6508.96,6540.04,"individuellement parce que par équipe il y a un certain nombre de cas dans lesquels ça marche plus, pas très bien le premier cas que j'ai eu c'est notamment Marjorie et Sandrine quand Sandrine a arrêté le machin ça a bloqué Marjorie donc je l'ai fait de plus en plus en individuel, c'est pour ça je voudrais prospecter avec mon auto façon affiche ta luca oui on a vu tout ça soyez tranquille moi aussi super avec imodirect on bosse bien ils sont pros ils me tiennent au courant de tout",
6540.04,6571.74,"c'est ça le problème c'est que imodirect en fait je peux pas me dire on balance à tous nos agents un système en nous disant que pour certains agents ça marchera bien et pour d'autres ça marchera pas Yves a eu pas mal de enfin, moins que Julien mais Yves, au début il me disait oui non non c'est vrai ça marche bien et puis quand on creuse un peu, ah oui mais il y a ça qui va pas ah oui mais il y a ça qui va pas ah bon d'accord Julien, il a eu",
6571.74,6605.18,"merde sur merde et puis surtout il y a quelqu'un qui bosse chez eux maintenant qui apparemment n'aime pas la lucarne du tout je vais pas trop m'étendre là dessus mais il y a quelqu'un chez eux qui ne nous Ne nous considère pas avec beaucoup d'estime, on va dire. Alors, pauvre Julien, il n'a pas réussi à les séduire. Il n'a pas mon charme animal, probablement, mon magnétisme animal, ça doit être ça. Laurent dit mot aussi, ça marche bien avec Imo Direct.",
6606.0,6639.52,"Problème avec Imo Direct, dit Karine, ils n'ont pas anticipé le fait que certains biens ne peuvent pas se louer. qui n'aime pas la lucarne apparemment il y a une dame qui s'appelle madame on est entre nous les amis une dame qui s'appelle madame Renouf qui est un ancien agent de la lucarne alors ça il faudrait vous en parler à Julien parce que c'est avec lui que ça s'est fait il y a chez ImoDirect une dame que Julien m'a présenté comme un directrice commercial",
6639.52,6670.46,"Julien c'est ça, confirmez moi ça sur le chat, s'il vous plaît, si vous voulez bien. Directrice commerciale de d'Imo Direct. Alors, attendez, je suis en train de chercher. Et qui, lorsque elle a eu Julien au téléphone, elle lui aurait dit, ah, la lucarne ! Ah ! Ah, ben d'accord ! En gros, les connards de la lucarne. Parce que cette dame, visiblement, n'a pas bien avalé. Alors, attendez, je suis en train de chercher pour, hop là,",
6670.46,6704.04,"parce que je ne vais pas vous dire de bêtises cette dame n'a pas bien avalé le fait qu'elle ait été agent chez nous en 2018 et qu'elle n'ait rien foutu en fait, elle a été agent chez nous vous voyez ça c'est sa fille chez Glantine elle n'a pas bossé elle n'a pas fait de vente, elle est partie de la lucarne en disant la lucarne c'est des nuls, c'est des pourris c'est des nazes, ça ne marche pas c'est des nazes etc Julien me dit disons qu'elle a un avis très tranché sur le réseau et cette dame si effectivement elle est directrice commerciale elle est devenue directrice commerciale d'immo direct et elle considère que la lucarne c'est",
6704.04,6735.32,qu'une bande de connards dit comme ça bah effectivement ça nous bloque un petit peu pour avancer voyez donc c'est plutôt avec julien vous pourriez en discuter parce que c'est moi ce sont des infos que je vous donne qui viennent de lui donc c'est forcément pas très bien détaillé ça fait un petit peu voilà il donne le truc et je vous le rôde derrière c'était pas très précis très exact mais voilà marjorie me dit que quelqu'un d'autre c'est le c'est exactement,
6735.32,6768.38,le même syndrome parce que marjorie a parrainé une jeune femme pour venir à la lucarne et elle a passé beaucoup beaucoup beaucoup beaucoup beaucoup de temps avec elle pour la faire prospecter pour machin pour truc etc et puis bah c'est une dame qui n'est pas mise au boulot du tout pas du tout elle n'a rien foutu elle s'est pas mise au travail du tout du tout du tout du tout du tout du tout à karim me dit renouf je la connais puisque je la coach et à je savais j'avais oublié ça vous étiez coach de patricia renouf vous pourriez peut-être nous en dire un,
6768.38,6798.4800000000005,petit peu plus karim mais donc marjorie a recruté une fille elle car rien foutu puis c'était toujours excuse sur excuses sur excuses sur excuses oui mais la lucarne n'a pas donné ceci la lucarne n'a pas donné cela j'ai pas si j'ai pas là ça avance pas si vite alors j'avais marjorie au téléphone j'ai bon bah je vous envoie des visios j'ai machin et c'est là qu'au bout d'un moment marjorie pensait dire mais est-ce qu'elle se fout pas un peu de nous puis marjorie commence à nous dire elle était là à la visio ah non elle était pas là et elle était là ah non non en fait elle me,
6798.4800000000005,6828.599999999999,"raconte des cracks et elle bosse pas et puis voilà elle est partie de la lucarne en dedans c'est la lucarne des nuls c'est des minables c'est des nazes c'est le syndrome de l'agent qui travaille pas, qui fait pas ce qu'il faut qui se met pas au boulot et forcément il faut qu'il trouve des coupables, c'est jamais lui le problème c'est la lucarne, c'est le gouvernement c'est la TVA c'est machin, c'est truc, c'est billu, c'est chose la lucarne est loin d'être parfaite elle a beaucoup de défauts encore à corriger beaucoup d'efforts à faire, c'est une scepticule mais Madame Renouf ou",
6828.599999999999,6861.02,"la jeune femme qui a été parrainée par Marjorie, etc. ont eu les mêmes conseils, les mêmes outils tout pareil que vous, les amis vous qui pourtant fonctionnez même chose donc c'est le même le même syndrome et effectivement Julien me confirme qu'elle est directrice commerciale et Karine dit qu'elle est restée très peu de temps oui elle est restée très peu de temps et puis elle a rien fait elle a rentré quelques mandats je crois on avait regardé avec Julien après elle rit",
6861.02,6891.139999999999,"elle a été embauchée pour les ventes et ça n'a pas fonctionné chez Imo Direct donc elle a été rétrogradée au service nouveau client, dit Laurent. Ah, ça, je ne savais pas. Elle avait une grosse affaire qui ne s'est pas faite et on avait bossé comme des dingues. Ah bon ? Laurent dit, j'appellerai Julien demain. J'ai refilé le bébé à Julien, maintenant Julien va avoir 50 appels demain. Elle n'est pas directrice commerciale, elle s'occupe juste des apporteurs d'affaires. Ah ! Parce que Julien, moi, me dit directrice commerciale.",
6891.139999999999,6923.14,"Ah, mais je ne sais pas. Renouve, je la connais, elle s'occupe de mon dernier l'énossier, elle fait sa mielleuse. Je ne sais pas. Concernant les logements à la vente classés E au DPE, l'audit doit être fait avant la prise du mandat ? Ah, ça c'est une question très pratique de Nathalie. Alors, l'audit, oui, normalement, en théorie, il doit être fait avant la prise du mandat. Pourquoi ? Parce que nous, on doit transmettre l'audit à tout candidat",
6923.14,6954.12,"acquéreur. On n'a pas le droit, en théorie, alors on sait que ce n'est pas encore très bien en place, c'est récent l'audit, on n'a pas le droit de proposer un bien, potentiellement même d'en parler à un acquéreur, s'il est concerné par l'audit et qu'on n'a pas l'audit. Dans la réalité, dans la réalité, nous ne donnons l'audit qu'aux gens qui viennent visiter, parce qu'ils en ont besoin pour faire leur offre. Attention, c'est très important,",
6954.12,6984.56,"Il ne faut surtout pas que l'audit leur soit transmis après qu'ils aient fait une offre, parce que dans l'audit, et pour ceux d'entre vous qui n'en ont jamais vu, je vais vous en montrer un exemple ou deux, on en a déjà parlé, c'est vrai, pas mal de fois, mais dans un audit, il y a des recommandations chiffrées sur les travaux. Donc voici un audit qui vient de Bretagne, de Denis. Je ne sais pas si Denis est avec nous, je ne l'ai pas vu aujourd'hui. Non, Denis n'est pas là.",
6985.7,7015.84,"Vous voyez, dans un audit, ça c'est un audit de Bretagne, c'est le même que celui que je vous avais montré avant les fêtes, je pense que je vous le disais, je reconnais la maison là. Dans un audit, on va descendre, il y a des recommandations chiffrées. C'est-à-dire que, hop, je descends, je descends, je descends. c'est un peu costaud un audit, vous voyez, il y a 35 pages là, papapapapapa voilà on vous dit que pour le scénario 1, il y en a pour environ 38 000 euros",
7015.84,7046.9800000000005,"scénario 2 20 000 plus 18 600 à un autre moment, etc. donc pour faire mon offre, j'ai besoin de cet audit moi parce que je dois prendre ces chiffres là en compte pour la négociation donc je dois avoir l'audit énergétique avant de faire mon offre alors, soyons clairs le monsieur qui vient visiter et qui vous dit, c'est pas ça du tout que je recherche parce que c'est trop près de la route",
7046.9800000000005,7085.78,"il n'y a pas assez de terrain, je ne sais pas quoi ça ne sert à rien de lui envoyer l'audit ça ne sert à rien, on ne lui envoie pas par contre celui qui dit, je suis intéressé j'ai envie d'aller plus loin alors lui, il faut lui donner l'audit par email, parce qu'il faut prouver derrière qu'on lui a bien transmis, c'est super important Parce que s'il arrive chez le notaire et qu'il dit « bon, on ne m'a jamais donné l'audit », alors là, c'est foutu. Le notaire vous donnera tort, vous perdez la vente, vous allez devoir prendre ça sur vos honoraires, diviser vos honoraires par deux, par trois, vous êtes mort. Donc, vous envoyez l'audit par e-mail pour garder une trace de l'envoi. Dès que quelqu'un, lors de la visite, dit « ah ben oui, je suis intéressé », ça veut dire quoi ?",
7085.78,7121.179999999999,"Ça veut dire qu'effectivement, vous devez l'avoir à la prise du mandat. Parce que sinon, vous ne pouvez pas faire visiter tant que vous ne l'avez pas. Parce que vous ne savez pas si la personne qui vient visiter sera intéressée ou pas. Parce que dès que quelqu'un dit un petit peu, « C'est pas mal, je suis intéressée, il faut que j'en parle à ma femme », là, il faut lui transmettre tout de suite. Si vous ne l'avez pas, il dit, « Ah, mais attendez, je n'ai pas l'audit, alors n'en parlez pas à votre femme. » C'est un peu délicat, vous ne l'accorderez pas. Donc, oui, il faut avoir l'audit à la prise du mandat, donc il faut qu'il ait été fait avant. Alors, soyons clairs, si jamais le vendeur ne l'a pas encore, mais qu'il va le faire, signez votre mandat, verrouillez votre mandat.",
7121.66,7152.679999999999,"Maintenant, vous aurez l'audit dans deux, dans trois, dans quatre jours, bien sûr. Par contre, le vendeur qui vous dit, d'abord, on va trouver un acquéreur et ensuite, on verra pour l'audit, il faut virer un ballon. Ce n'est pas dans ce sens-là qu'il faut faire les choses. Il nous faut l'audit pour avoir un acquéreur parce qu'on n'aura pas d'acquéreur, on aura des visiteurs à qui on ne pourra pas faire faire une offre. on sera obligé de leur dire ne faites pas d'offres, on attend l'audit donc non monsieur on n'attend pas d'avoir un acquéreur pour faire l'audit on attend d'avoir l'audit",
7152.679999999999,7184.200000000001,"pour fabriquer un acquéreur alors attendez là ça fait trop là il y a Julien qui me demande à ce que je l'appelle, il y a Laurent qui me demande à ce que je l'appelle vous avez des insomnies les gars il n'y a pas de soucis, vos factures si c'est pour les factures, Laurent, elles seront prévues pour tout à l'heure vous les aurez ce soir, soyez tranquille les actes directs que vous avez je suis au courant, soyez tranquille vous les aurez ce soir il n'y a pas de doute, Mathieu m'a bien dit",
7184.200000000001,7216.38,"qu'il fallait vous les faire dardard si c'est juste pour ça, moi je n'ai pas le temps d'appeler tout le monde, on peut s'appeler demain si vous avez d'autres choses à voir Laurent, il n'y a pas de problème, mais là ce soir je n'aurai le temps que pour Julien hop là on m'envoie un lien ah bah oui, regardez Ah bah c'est rigolo parce que regardez, c'est assez rigolo de voir ça Ah bah non, la photo est toute petite parce que j'ai l'impression que c'est carrément la même photo que sur Eglantine, je sais pas vous, mais c'était où Eglantine, c'était là ?",
7216.38,7247.3,"Ah non, c'était pas exactement la même photo, non pas du tout ça c'est la photo d'Eglantine non, en tout cas elle a pas changé pas beaucoup changé, en tout cas on voit bien que c'est la même personne, y'a pas de doute et elle Bon, bon, c'est pas... Ah, ils ont fait un truc d'affiliation. Bon, OK. J'avais une maison affichée à 279 000... Non, vous mettez bien des espaces entre les milliers, etc.",
7247.46,7278.86,"Parce que là, je ne m'y retrouve pas. 279 000 euros. Et l'audit donnait 60 000 euros de travaux. Ah ben oui, vous imaginez bien que 60 000 euros sur 279 000 euros, il faut l'avoir entre les mains pour faire l'offre c'est une vente et pour les biens concernés qu'on a déjà à la vente comment ça se passe ça on en a parlé avant les fêtes c'est à nouveau Nathalie comme quoi c'est la seule qui reste focalisée sur le vrai travail j'ai dit tout à l'heure que c'était une bonne idée ça c'est compliqué les ventes en cours parce que en théorie",
7278.86,7311.24,les compromis signés en 2024 qui passent en obligation d'audit en 2025 parce qu'ils sont eux en théorie il faut pas faire l'audit ça c'est la règle sur le papier mais on sait très bien que de très nombreux notaires vont dire non non non non non protection protection on fait un audit pour passer l'acte authentique et on sait même qu'il ya certains notaires qui vont donner enfin exiger l'audit transmettre l'audit aux acquéreurs,
7311.24,7342.46,"et leur redonner dix jours de rétractation sont les notaires un peu radicaux alors que normalement les compromis déjà signés en 2024 ne devrait pas donner lieu à un audit parce que c'était les compromis certains notaires ne vont pas le faire comme ça parce qu'ils ont peur d' avoir des procès tout simplement je peux pas les blâmer on en a beaucoup parlé quand on a fait la déontologie quand on a fait traque fin etc je ne peux pas les blâmer donc les biens concernés qui qui sont des gens compromis, ne devraient pas,",
7343.54,7376.559999999999,"mais c'est le notaire qui fait la vente en fait qui va décider. L'acquéreur a pris 50% de la préconisation et a fait une offre 30 000 euros en dessous, ce qui n'est pas déraisonnable, d'ailleurs là c'est Karine par rapport aux 279 000 euros et 60 000 euros de travaux. Mais ça veut bien dire qu'il avait besoin d'avoir ce chiffrage entre les mains pour négocier son offre, pour faire son offre et la négocier. Audit de données en même temps que le diagnostic. Alors oui, en théorie, c'est ça qu'il faut faire. C'est-à-dire que le diagnostiqueur qui est là pour faire le diagnostic, le DPE,",
7377.219999999999,7407.400000000001,"pas qu'il fasse l'audit dans la foulée, bien sûr. Généralement, ça permet d'ailleurs de négocier un petit quelque chose. Je quitte. Merci, bonne soirée. A bientôt, mon cher Philippe. Je suis rassuré, ça c'est Laurent pour ses factures. Soyez tranquille, vous les aurez ce soir, c'est promis, promis, promis. Il y a Mathieu aussi qui dit « Ouais, moi aussi, il faut m'appeler après, j'ai des trucs à voir. » Je suis mal barré, les amis. je suis mal barré pour les factures je ne m'inquiète plus mais il faut que j'admette il faut que je vous laisse, merci pour la visio, à dans 15 jours, bonsoir",
7407.400000000001,7438.2,"on a signé un compromis le 26 août 2024 le notaire a dit pas d'audit ça c'est Pierre qui nous dit ça c'est la règle en théorie, pas d'audit quand le compromis a été signé avant le 31 décembre mais bon, on verra bien, d'ailleurs il faudra nous dire que nous on sache quels sont les ah, alors sachant que Mathieu vous ne le savez pas tous mais là il y a Julien qui veut être appelé et il y a Mathieu qui veut être appelé ce que vous ne savez pas tous c'est que Julien et Mathieu sont ennemis de football",
7438.2,7470.68,"parce que Julien apparemment est un traître à son équipe de naissance et il va soutenir une autre équipe de football que Mathieu mais sachant que Mathieu fait environ en hauteur 3 Julien sur les épaules les uns des autres, Mathieu me dit si on fait la bagarre le gagnant a la priorité, j'ai pas peur effectivement je comprends que Mathieu n'ait pas peur, ni de Julien, ni de moi ni de personne en fait donc les uns et les autres, vous connaissez Mathieu",
7470.68,7500.74,"et vous connaissez Julien et vous comprenez pourquoi, je vais appeler Mathieu en priorité et pour les mandats en cours alors pour les mandats en cours, là pas de discussion, il faut un audit pas de discussion il faut un audit si c'est juste un mandat que vous avez en cours et qu'il est en E il faut un audit, on ne discute pas là-dessus, il n'y a pas de il n'y a pas de doute, il n'y a pas d'ambiguïté du tout Adam 15 jours me dit",
7500.74,7533.48,"Catherine, dira Mathieu qu'on donne une priorité à ceux qui jouent la coupe d'Europe oh putain j'ai l'impression que ça commence à me tirer à balles réelles moi je reste en dehors de ça je reste en dehors de ça alors on n'a plus de questions on a tout vu ouais bon bah écoutez il est 20h11 les amis il est 20h11 on n'aura pas perdu notre temps cette visio sera mise avec les autres visios sur la chaîne youtube",
7533.48,7563.860000000001,"de la lucam c'est pas encore tout à fait en place mais ça arrive pour début 2025 celle-ci le sera aussi je vois qu'elle a bien été enregistrée comme il faut pour ça ce nouvel outil de visioconférence fonctionne beaucoup mieux que le précédent on ne savait pas si c'était enregistré, si ça ne l'était pas parfois on croyait que ça l'était et puis on se retrouvait avec, bah non en fait il n'y a rien donc là, ça fonctionne beaucoup beaucoup mieux merci à tous d'avoir été là j'espère que cette visio vous aura apporté quelque chose je vous souhaite une excellente soirée, bien entendu",
7563.860000000001,7599.06,"ne lâchez surtout pas la rentrée de mandat, ah oui 30 secondes si vous voulez bien 30 petites secondes Est-ce que vous pourriez me dire, parce que j'en discute individuellement avec les uns et avec les autres, est-ce que vous pourriez me dire si vous sentez des petits frémissements, ça va mieux, ça s'améliore, on voit une lumière au bout du tunnel, ou non, pas du tout, ça ne bouge pas plus, les uns et les autres. Parce que j'essaye vraiment de voir. Là, on a des raisons de penser que le marché de la vente, certainement pas le marché de l'allocation, qui est ultra sinistré, mais le marché de la vente a l'air de s'améliorer un petit peu.",
7599.06,7632.179999999999,"en tout cas on a des raisons de croire que, alors surtout, n'allez pas croire tout ce que racontent les joueurs de pipo sur internet les patrons de Centurion 21, Guillaumet machin etc, qui viennent raconter que ça y est c'est reparti, ça explose on fait 92 ventes par seconde la crise est derrière nous c'était il y a longtemps c'est un mauvais souvenir, non c'est pas vrai ça c'est du n'importe quoi parce que eux à la différence de moi le patron de la forêt",
7632.179999999999,7663.66,"quand ils parlent dans les journaux leur voix est entendue, elle porte donc ils doivent toujours transmettre un message hyper positif hyper optimiste mais ça ne correspond pas à la vraie réalité du tout n'oubliez pas Keller Williams qui en décembre 2023 disait c'est l'explosion pour nous la crise nous profite la crise nous pousse en avant et un mois après ils étaient déclarés en redressement judiciaire, donc vous voyez on rigole un petit peu donc n'allez certainement pas croire tout ce que racontent",
7663.66,7694.28,"ces joueurs de pipo sur internet quand ils disent que ça y est la crise est derrière nous, c'est fini etc par contre une chose est certaine, on a quand même des signaux qui commencent à passer du rouge à l'orange et de l'orange au vert on voit quand même plus d'activité alors est-ce que c'est le cas pour vous ? est-ce que vous constatez que ça semble s'améliorer un petit peu ou non ? Pas du tout bof, dit Pierre",
7694.28,7726.44,"oui, dit Laurent entre vous et moi, pas la peine de dire à haute voix, mais je voulais vous dire que ah d'accord, ok ok, ok, ok, je suis vraiment vraiment désolé une petite mauvaise nouvelle comme ça, mais bon pour moi c'est une grosse mes confrères embauchent actuellement, dit Véronique Nada pour Maryse, donc Maryse elle ne voit aucune amélioration. Une relance dans le Nord, on a de nouveau des appels, dit Julien. Zéro appel malgré des baisses de prix, me dit Patrick en Bretagne.",
7726.740000000001,7769.6,"Century Bone embauche. Oui mais sur les biens avec travaux, les biens premier prix, le reste ne bouge pas, me dit Guy. Alors là c'est Guy de Meudon. Pour ma part, bonne fin d'année mais début d'année calme. Ça ne bouge pas au niveau des acheteurs, nous dit Hugues. Je pense que ça avait l'air de bouger mais très légèrement, dit Daniel. Les taux baissent à Beaune, oui, je viens de faire une formation avec Nodalview cet après-midi, ils annoncent mieux en 2025. Très peu de demandes d'informations de la part des acquéreurs, j'ai beaucoup plus de ventes à Beaune, beaucoup de tactiques IMO. Pour répondre à vos questions, moi c'est mal barré, je viens de perdre deux mandats en une semaine et je ne rentre aucun mandat, aucun contact sur WeMove, n'importe quoi que ce soit, donc ce n'est pas terrible, dit Sandrine.",
7769.6,7800.56,"Alors, ce que dit Sandrine est absolument crucial et vital. Vous devez impérativement vous arracher les tripes sur la rentrée de mandat. Il n'y a aucun doute là-dessus. La rentrée de mandat doit être votre priorité numéro un. Vous devez avoir le maximum de mandat, quitte à avoir des trucs pas super, des trucs pas jojo, mais le maximum de mandat tout court. Absolument. mes concurrents ne s'affichent que sur leur site",
7800.56,7831.28,"alors merci à tous d'avoir été là donc oui Véronique pour les images il n'y a pas de soucis merci à tous d'avoir été là je vous souhaite une excellente soirée j'appelle Mathieu en priorité et ensuite Julien sinon Mathieu va nous casser la gueule à tous les deux et ça lui fait pas peur Mathieu il en attrape un dans chaque main Il fait boum, boum, boum, ça fait de la purée, vous le savez. Donc, j'appelle Mathieu en premier, Julien en deuxième.",
7831.74,7848.08,"Et Laurent, s'il n'y a pas d'autre urgence, si c'est rien d'autre que les factures, pas de souci, vous les aurez d'ici quelques minutes, soyez tranquilles, tout est prêt. Merci à tous, merci à toutes, excellente soirée dans 15 jours, et Marjorie à mercredi, je crois, quelque chose comme ça. Merci beaucoup.",
