start,end,text
0.0,33.54,"Bonjour à tous, bonjour à toutes, bienvenue dans cette session de formation, cette visioconférence consacrée au règlement général sur la protection des données, plus communément appelé RGPD. Le RGPD, vous connaissez tous ça de loin, c'est une directive européenne qui a été transposée en droit français avec beaucoup de célérité il y a quelques années. Vous le voyez à peu près partout sur internet mais sans vraiment chercher à savoir ce que c'est"
33.54,67.28,"parce que c'est quelque chose d'assez obscur, d'assez technique et d'assez compliqué Le RGPD que nous allons étudier aujourd'hui et surtout ses implications concrètes dans notre métier notre métier d'agent immobilier, de réseau d'agents mandataires indépendants plus globalement en fait d'entreprise française Pourquoi d'entreprise française ? Parce que le RGPD n'est pas une disposition propre à l'immobilier, absolument pas. C'est une loi, puisque ça a été transposé d'une directive européenne, d'un règlement européen,"
67.94,102.7,"c'est une loi qui s'applique à toute société qui est basée dans l'Union Européenne, ou bien basée hors Union Européenne, mais qui a des activités dans l'Union Européenne, « Toute société susceptible de collecter des informations sur des personnes, des clients, des prospects, des fournisseurs, n'importe quoi. » À partir du moment où on collecte des données, on collecte des informations, « données, informations », ça veut dire la même chose dans notre cas d'aujourd'hui, à partir de ce moment-là, nous sommes soumis au RGPD, nous devons en respecter les dispositions,"
102.7,132.72,"qui sont assez compliquées, assez échevelées d'ailleurs, et assez difficiles à mettre en place. La raison pour laquelle on a préparé cette formation, parce que vous pourriez dire que ça ne vous intéresse pas trop, que ce n'est pas trop votre problème, la raison pour laquelle nous avons préparé cette formation, c'est parce que la lucarne de l'immobilier est, jusqu'à présent, partiellement conforme au RGPD, mais pas entièrement. Et nous avons lancé un grand chantier pour nous mettre en conformité totale, parfaite, avec le RGPD."
133.0,163.0,"La raison pour laquelle on ne l'a pas été jusqu'à présent, c'est parce que c'est un règlement européen extrêmement compliqué, extrêmement technique, très difficile à mettre en œuvre, et le RGPD s'applique à tous, aussi bien les toutes petites entreprises que les énormes multinationales, sans aucune différence d'application entre une très grosse entreprise et un travailleur indépendant. Donc, pour une société comme la nôtre, c'est très difficile à mettre en place, très long, et nous l'avons fait par étapes, et aujourd'hui, nous arrivons au chantier final"
163.0,198.82,"pour être parfaitement en règle avec le RGPD. On a encore un certain nombre de choses à faire et à mettre en place. Et il est utile que vous en connaissiez les tenants et les aboutissants parce que, bien entendu, quand on sera parfaitement compatible en règle avec le RGPD, vous verrez des petites modifications dans la manière dont on gère les informations concernant principalement nos clients. Alors, ce chantier aura quelques implications sur votre travail à tous, mais ce sera relativement transparent, parce que le RGPD, c'est surtout nous qui devons être en règle avec ce règlement,"
199.36,240.46,"et pas tellement vous, parce que toutes les données que vous collectez et que vous utilisez par rapport à vos clients, vous les mettez dans l'églantine, donc c'est à gérer par le siège. Vous devez vous-même être en règle avec le RGPD si vous procédez à des collectes et à des traitements d'informations vous-même, des traitements d'informations personnelles, ce qui normalement n'est pas le cas. Alors, cette petite formation vous permettra de, premièrement, comprendre précisément les principes juridiques et techniques du RGPD. C'est assez compliqué. Deuxièmement, identifier les obligations qui nous concernent directement en tant que professionnels de la transaction immobilière."
241.3,274.28,"Surtout, adopter les bonnes pratiques et adapter nos pratiques actuelles pour assurer la protection des données personnelles, des informations de nos clients, de nos prospects, de nos partenaires commerciaux, dans toutes les étapes de la relation commerciale qu'on est susceptible de nouer. Alors, ce n'est pas un sujet qui est uniquement théorique, qui est accessoire, qui est uniquement sur le papier. Et c'est un enjeu de conformité, de sécurité et également de crédibilité professionnelle. C'est comme ça qu'on nous le vend, mais ce n'est pas tout à fait faux."
274.4,307.40000000000003,"On va le voir tout à l'heure. Dans un environnement aujourd'hui de plus en plus informatisé, de plus en plus numérisé, l'intégralité de notre métier, de nos actions sont aujourd'hui informatisées. La maîtrise des obligations du RGPD est devenue absolument indispensable pour éviter les litiges, pour éviter les sanctions financières au cours de contrôle et mais également, c'est ce qu'on va voir tout à l'heure, je vous disais, c'est à moitié vrai, à moitié faux, on va dire que ça devient de plus en plus vrai, renforcer la confiance de vos clients dans la manière dont vous gérez leurs données personnelles."
308.0,356.70000000000005,"Alors, on verra que la conformité du RGPD, ce n'est pas une obligation réglementaire seulement, ça peut devenir un atout concurrentiel face à des professionnels qui, eux, ne sont pas en règle avec le RGPD. Ça peut être un gage de sérieux, un critère de sélection pour les clients vendeurs comme pour les acquéreurs. Vous savez, c'est un petit peu comme le DPE. Le DPE, il y a une dizaine d'années, personne n'en avait rien à faire, on savait à peine ce que c'était. Aujourd'hui, ça devient un critère de sélection centrale pour un candidat acquéreur ou candidat locataire. C'est pareil avec le RGPD. Aujourd'hui, on est dans une phase d'adoption. Les gens ne savent pas trop ce que c'est, ils n'y prêtent pas trop attention, mais on peut imaginer qu'à l'avenir, le respect des données personnelles de nos clients devienne un enjeu pour eux dans le choix du professionnel avec lequel ils souhaitent faire affaire."
357.15999999999997,391.26,"On verra ça, si ça se produit ou si ça ne se produit pas. C'est l'avenir qui nous le dira. Alors, on va aborder étape par étape, pas à pas, les fondements du RGPD, les bases juridiques des traitements que nous mettons en œuvre, les durées de conservation à respecter, c'est très important ça, toutes nos obligations documentaires, en particulier en termes de sécurisation, et les droits des personnes concernées avec les sanctions encourues. On a prévu donc 13 parties pour cette formation que nous allons suivre les unes après les autres avec des exemples concrets."
391.42,422.04,"Alors, je n'en ai pas mis trop. J'en ai mis parce que c'est utile et je sais que vous aimez bien, mais je n'en ai pas mis trop pour noyer le cours avec des exemples concrets et surtout des applications dans notre quotidien de vente de biens immobiliers. Alors, on va commencer tout de suite, on va passer au premier écran. Alors, vous voyez, vous reconnaissez mes PowerPoints, j'arrive maintenant à faire des trucs propres, mais sans trop de fioritures, il ne faut pas m'en demander trop."
423.5,464.56,"Alors, l'objectif principal de cette formation, c'est de vous permettre de comprendre et maîtriser toutes les règles essentielles du RGPD dans le cadre de notre métier à nous, qui est la transaction immobilière. Il ne s'agit pas d'une approche uniquement théorique et académique du règlement, mais bien d'une formation dédiée à vous former à un respect opérationnel du RGPD, conforme à une réalité juridique d'aujourd'hui qui permettra de vous armer, de vous outiller pour pouvoir, au quotidien, exercer sans crainte de passer la ligne jaune du respect du traitement des données personnelles de nos clients."
464.56,496.82,"Alors, à l'issue de cette session de formation, normalement, nous serons tous capables de comprendre les principes clés du RGPD. On va voir des notions de lycéité, vous m'avez souvent entendu parler de lycéité, de transparence, de finalité déterminée. Alors ça, par contre, ce n'est pas un truc qu'on a souvent abordé parce que c'est vraiment propre au RGPD. De la minimisation des données et de la durée de conservation proportionnée. proportionnées. Là, c'est vraiment le vocabulaire du RGPD qu'on est en train de décortiquer."
497.48,530.6999999999999,"Toutes ces notions fondent l'ensemble des règles applicables au traitement des données à caractère personnel de toutes les personnes avec lesquelles nous sommes en contact quotidiennement et dont on est susceptible de récupérer les informations, les données et les enregistrer quelque part, que ce soit sur du papier, que ce soit dans un ordinateur, c'est pareil. Ensuite, nous apprendrons à identifier les obligations spécifiques à notre métier en tant que mandataire immobilier. Quelles informations doit-on fournir à nos interlocuteurs, qu'ils soient vendeurs, acquéreurs ou simples prospects d'ailleurs ?"
530.6999999999999,563.5,"Quelles sont les bases juridiques qui nous permettent de collecter et traiter les données ? Combien de temps nous pouvons conserver ces informations ? Et quelles sont les démarches que nous devons engager pour être conformes à cette réglementation assez touffue ? Ensuite, on détaillera les bonnes pratiques à adopter, comment adapter nos pratiques actuelles pour mettre en œuvre une conformité vraiment concrète et opérationnelle, pas seulement théorique. Donc, comment sécuriser les documents et les échanges, les communications, les e-mails, les SMS, tout ça."
564.32,598.6600000000001,"La tenue d'un registre des traitements, ça, il ne faut pas que ça vous fasse peur parce que c'est vraiment à la lucarne de le faire et pas à vous. Le respect des droits des personnes concernées Alors là on va aborder notamment une notion que vous connaissez un petit peu mieux Parce qu'elle date de 1978 et de la fameuse loi informatique et liberté Dont on peut être assez fier parce que ça a été quelque chose d'assez visionnaire quand même En 1978 avoir ce genre de crainte et préparer la réponse c'était assez visionnaire on peut le dire Donc ces notions que vous connaissez déjà c'est le droit d'accès, rectification, suppression"
598.66,646.4200000000001,"Ces trois notions ont été reprises par le RGPD Mais à l'origine, elles viennent vraiment de la CNIL La Commission Nationale de l'Informatique et des Libertés De la loi Informatique et Libertés Française de 1978 Alors, c'est un double enjeu Premièrement, nous protéger juridiquement En cas de contrôle Et ou en cas de litige, de procès Donc nous mettre à l'abri des condamnations, des amendes, etc Mais également, c'est ce que je vous disais tout à l'heure, peut-être consolider, protéger votre réputation professionnelle auprès des clients qui, peut-être avec le temps, comme je vous le disais avec le DPE, vont attendre des professionnels avec qui ils font affaire à un niveau de rigueur en matière de protection des données de plus en plus élevé."
647.26,681.34,"Ça, nous le verrons par la suite, comme je vous le disais. Donc, on va tout de suite commencer par les fondements juridiques du RGPD, qui encadrent les traitements de données à caractère personnel. Alors, ces principes fondamentaux du RGPD reposent sur une série de notions que tous les professionnels qui traitent des données à caractère personnel, pas seulement les agents immobiliers, on vendrait des voitures ou on serait une simple association ou fondation de protection de la nature, ce serait pareil."
681.74,713.52,"tout professionnel qui traite des coordonnées à caractère personnel doivent impérativement respecter elles ont une portée juridique contraignante ça veut dire qu'on ne les respecte pas si on a envie de bien faire les choses non, ces règles s'imposent à nous elles sont contraignantes, on doit les respecter ça n'est pas une question de choix et c'est la base de toute mise en conformité RGPD alors on va les voir les unes après les autres on va les illustrer rapidement avec des situations un peu concrètes des situations concrètes propres à notre métier, bien sûr."
713.9200000000001,744.92,"Et on va commencer en premier ici par l'ICIT, loyauté, transparence. Alors la première chose, c'est que tout traitement de données doit être licite. Licite, ça veut dire légal, légitime d'un point de vue légal. La liceité, c'est un mot un petit peu compliqué qu'on n'utilise pas tous les jours, mais par contre, de ce mot liceité, on peut ressortir un autre mot qu'on connaît très bien et qu'on utilise tous les jours, c'est le mot illicite. ça c'est illicite, ça veut dire que ça n'est pas légal ça n'est pas autorisé, on n'a pas le droit de le faire"
744.92,777.28,"et bien la licéité c'est quand quelque chose est légal on a le droit de le faire licite, illicite, licéité, illicéité donc licéité, loyauté, transparence avant tout la licéité on est fondé sur une base juridique valable ça veut dire que nous sommes autorisés par la loi il est légal de collecter, stocker, traiter des données à caractère personnel. La première chose, c'est que ce soit autorisé et légal dans ce cadre-là."
778.0,809.5200000000001,"Ensuite, cet enregistrement, traitement de données personnelles doit être loyal. C'est-à-dire qu'on ne peut pas le faire à l'insu des personnes concernées, dans leur dos. On ne peut pas collecter des informations sur quelqu'un sans premièrement qu'il le sache, mais on va voir après qu'ils soient d'accord. Ça, on le verra un petit peu par la suite. Ensuite, cette collecte traitement des données doit être transparent. Nos clients doivent être clairement informés,"
809.9000000000001,841.78,"dès la collecte, de ce que nous faisons avec leurs données, pourquoi on les collecte, pendant combien de temps, à quel but, dans quel objectif, et à qui elles sont éventuellement transmises. Parce que vous savez, la revente de collecte de données, c'est un marché important. Donc, je vais vous donner un exemple tout bête et tout simple. Dans un mandat de vente, on doit intégrer une notice d'information RGPD expliquant l'usage des données personnelles que nous collectons. Aujourd'hui, ça n'est pas le cas. Dans ce chantier de mise en conformité RGPD,"
842.1,874.98,"nous prévoyons dans nos mandats de vente futurs, qui arriveront un petit peu plus tard, début 2026 normalement, une notice d'information RGPD dans laquelle il sera expliqué quelles sont les informations que nous collectons, pourquoi et à quoi elles servent, ce qu'on en fait, combien de temps nous devons les garder. Ensuite, les informations que nous collectons doivent avoir une deuxième ligne, finalité déterminée et une limitation de traitement."
875.78,910.02,"Alors, qu'est-ce que ça veut dire ? Ça veut dire qu'on n'a pas le droit de collecter des données sans avoir un véritable objectif et un objectif légitime. En gros, on ne peut pas collecter des données et les enregistrer au cas où, comme ça, pour voir, sans réelle raison, juste parce que je le fais et puis c'est tout. Non. Chaque information collectée doit répondre à une finalité précise, à une utilité précise. On doit collecter une information parce qu'on a besoin de cette information dans un but précis, explicite et légitime."
910.3,948.24,"Par exemple, demander les coordonnées d'un acquéreur pour organiser une visite, c'est légitime. Lui demander son nom, son prénom, son adresse pour protéger notre travail, pour empêcher qu'il fasse affaire directement avec le vendeur, C'est une finalité légitime, précise, explicite. On a une vraie raison de lui demander. Je vais vous donner un deuxième exemple. La carte d'identité qu'on est susceptible de lui demander, et on va en reparler par la suite, là encore, on a une utilité."
948.24,979.94,"On va voir que c'est une utilité, que ça peut même être une obligation. Donc, cette carte d'identité, on peut la lui demander, voire même on devrait la lui demander. C'est ce qu'on verra par la suite et ce qu'on a déjà vu lors de la formation sur TRACFIN. Ces informations, on doit les conserver pour un usage ultérieur, mais les conserver pour un usage ultérieur non déclaré, secret, ou les transmettre à un tiers, là encore, non déclaré, secret, ça, ça n'est plus légal."
979.94,1016.62,"Ça, ça n'est plus légitime. Vous comprenez ? Demander les coordonnées d'un acquéreur pour organiser une visite, c'est légitime. Conserver ces données pour plus tard organiser le compromis de vente, c'est légitime, c'est l'usage ultérieur. Par contre, si je les garde en douce pour refiler les informations à un fabricant de fenêtres sans que la personne ne le sache et que je récupère un petit billet au passage, alors ça, non, ça n'est pas du tout légitime, explicite et dans une finalité licite. Ensuite, troisième principe fondamental du RGPD, c'est la minimisation des données."
1017.3,1047.8799999999999,"On doit limiter la collecte uniquement aux données qui nous sont strictement nécessaires, strictement nécessaires pour l'objectif que nous avons et qui lui-même est licite. Ça signifie qu'on n'a pas le droit de conserver une copie de la carte d'identité, j'en parlais juste avant, alors qu'il n'y aura pas de compromis de vente, alors que la visite ne débouchera pas sur une vente. Là, je ne peux pas garder indéfiniment la copie de cette carte d'identité, pour moi, comme ça, dans mon ordinateur, ou une photocopie dans un tiroir,"
1048.62,1079.9199999999998,"parce qu'il n'y aura pas de suite. Je ne dois collecter que ce dont j'ai strictement besoin. Je n'ai plus besoin de la carte d'identité de la personne, je dois la détruire. Sans attendre. Autre petit exemple, on n'a pas le droit de demander à un prospect des informations sur ses revenus, si on n'a aucun bien à lui proposer. si on n'est pas en train de faire une vente avec lui. Je n'ai pas le droit de demander ces informations et de les récupérer. Dernier petit exemple là-dessus, lorsqu'on fait un mandat de vente,"
1080.32,1111.8200000000002,"et ça on nous a souvent posé cette question, notamment lorsque nous avons recruté des négociateurs qui viennent d'agences comme Century 21, ERA, La Forêt. Souvent, des agents qui viennent de ces réseaux et qui rejoignent la lucarne de l'immobilier, Lorsqu'on leur dit que dans le mandat de vente Pour le vendeur On prend le nom Et le nom de jeune fille pour les femmes Toujours, vous le savez, il faut demander le nom de jeune fille pour les femmes C'est leur véritable patronyme Donc on prend le nom, le prénom"
1111.8200000000002,1142.44,"Et l'adresse De chaque vendeur Et parfois, les gens qui venaient de chez Century, de chez Hera, La Forêt C'est-à-dire ces gros réseaux disent Non, il faut demander aussi leur date de naissance Leur régime matrimonial matrimoniales, tous leurs prénoms, ils en ont peut-être plusieurs, et à chaque fois, je leur ai répondu, non, on n'en a pas besoin. On n'en a pas besoin. Pourquoi aurions-nous besoin de la date de naissance ? Ah bah, parce que chez Centurie, on faisait comme ça. Ouais, mais ici, c'est pas Centurie. Pourquoi Centurie"
1142.44,1173.74,"demandait ça ? Parce que Centurie, derrière, va organiser le compromis. Et pour organiser le compromis, Centurie 21, la forêt, a besoin de la date de naissance de tous les prénoms du régime matrimonial, etc. Eux, ils en ont besoin. C'est normal. Nous, nous n'en avons pas besoin. C'est le notaire qui fera le compromis de vente. C'est donc le notaire qui récupérera les dates de naissance, les régimes matrimoniaux, les machins, les trucs, etc. Nous, on n'en a pas besoin. Nous ne demandons que les informations dont nous avons absolument, strictement besoin."
1174.8400000000001,1207.2,"Ces informations-là, on n'en a pas besoin, on ne les demande pas. On ne les récupère pas, on ne les enregistre pas, on ne les traite pas. Ça c'est le principe de minimisation des données Nous récupérons et traitons que les données dont nous avons absolument besoin Vraiment le minimum dont on a besoin Ensuite, l'exactitude des données Alors l'exactitude des données, ça va avec Les données doivent être tenues à jour Si un client change de coordonnées, on doit les tenir à jour Et il doit avoir la possibilité, mais on y reviendra par la suite"
1207.2,1238.52,"Un petit peu plus bas dans la formation d'y accéder pour vérifier qu'elles sont exactes et éventuellement les faire corriger. Alors, ensuite, conservation limitée dans le temps. Ça, c'est très, très, très important. Les informations que nous collectons, que nous enregistrons, que nous traitons, elles doivent être conservées pendant une durée. Là encore, c'est comme la minimisation, strictement nécessaire et pas un jour de plus. On en a besoin pour une certaine durée par rapport à l'objectif que nous avons. Au-delà de cette durée, nous, on n'en avait pas besoin."
1238.66,1288.1399999999999,"On verra plus tard les différentes durées dans un panneau, un slide un petit peu plus bas, mais juste pour aller vite, on n'a pas le droit de conserver indéfiniment, de manière illimitée, les informations d'un ancien POSPED. On ne peut pas non plus les garder comme ça jusqu'à ce qu'on décide qu'on n'en a plus besoin, non. Il y a des durées précises, on les garde et c'est prévu pour chaque information. Telle information, on la garde jusqu'à telle date et pas plus. Alors, ensuite, ici, le 1, 2, 3, 4, 5ème, l'intégrité, confidentialité et sécurité. Très, très, très important. Nous avons l'obligation de mettre en œuvre toutes les mesures techniques, organisationnelles et logistiques nécessaires pour protéger ces données."
1288.14,1323.3,"Pour protéger ces données, je vous le disais juste avant Pour qu'elles ne soient pas erronées Qu'il n'y ait pas de mélange d'informations qui viennent faire des informations fausses Mais également tout simplement On doit les protéger contre tout accès non autorisé Toute altération dont je parlais il y a un instant Toute perte Mais ce qui nous intéresse surtout C'est la sécurité contre les accès non autorisés Ça implique de mettre en place des mesures techniques Comme des mots de passe Du chiffrement du verrouillage informatique, de faire attention à ce que votre ordinateur, votre smartphone soit protégé,"
1324.3799999999999,1364.9199999999998,"avec un mot de passe, une empreinte digitale et ce genre de choses. Souvenez-vous, en 2021-2022, nous avons procédé, à la suite de différentes attaques informatiques, à la modification d'autorité de tous les mots de passe Eglantine et de tous les mots de passe mail pour mettre en place une politique de mots de passe beaucoup plus stricte et beaucoup plus sécurisée. C'est exactement ce genre de choses. Faire attention à avoir des systèmes informatiques ou des systèmes de stockage des informations lorsqu'elles sont sous forme papier, sûrs, robustes, qui ne soient pas un véritable moulin dans lequel n'importe qui peut entrer pour voler des données."
1364.92,1395.44,"En dernier, la responsabilité. Bien sûr, nous sommes non seulement responsables des données que nous collectons, mais nous sommes responsables devant les autorités qui sont susceptibles de venir nous contrôler. Donc nous devons non seulement être en conformité avec le RGPD, mais nous devons à tout moment, en permanence, être en mesure de le prouver, de le démontrer."
1395.44,1437.56,"C'est-à-dire que nous devons tout le temps être non seulement en conformité, mais non pas en nous croyant sur une bonne parole. On doit maintenir toute une procédure permettant de le démontrer, et ça passe notamment, mais pas seulement, par la tenue d'un registre des traitements. C'est très important et c'est ce dont je vous disais tout à l'heure, vous ne devez pas trop vous en inquiéter, ça c'est la LUCAM qui s'en occupe. On doit garder la preuve du consentement de nos contacts, d'avoir une politique de confidentialité, là encore en règle avec l'ACNIL et le RGPD, et que nous avons des procédures internes destinées à protéger toutes ces informations."
1438.5,1469.1200000000001,"Donc cette obligation de traçabilité est hyper importante en fait. Ce n'est pas du tout accessoire, c'est au cœur du RGPD moderne. Il ne suffit pas d'être conforme, il faut avoir les moyens de le prouver en cas de contrôle, en cas de litige et à tout moment. Alors tous ces principes que nous venons de voir, ils s'appliquent de manière cumulative. Ce n'est pas l'un et ou l'autre. Tous ces principes, nous devons les respecter en permanence. tous les traitements de données que nous réalisons sont concernés"
1469.1200000000001,1500.48,"pas seulement les clients pas seulement les prospects pas seulement les éventuels partenaires toutes les données que nous collectons, que nous enregistrons doivent être conformes et répondre à ces différents principes le RGPD et ça c'est assez important et c'est assez, je dirais, stupide le RGPD ne fait aucune distinction aucune exception, aucune discrimination selon que nous soyons une petite ou une grande structure ça veut dire quoi ?"
1500.48,1531.6599999999999,"ça veut dire que le RGPD qui est, soyons clairs une espèce de gigantesque usine à gaz extrêmement difficile à mettre en oeuvre et à maintenir au cours du temps raison pour laquelle nous l'avons fait petit à petit et là on essaye de mettre le coup de collier final le RGPD ne fait aucune différence entre nous, une TPE vous, une entreprise individuelle un artisan, je ne sais pas, un artisan peintre ou un artisan cordonnier et une multinationale comme Google, Coca-Cola ou Air France."
1532.26,1564.8000000000002,"La procédure, le principe du RGPD sont exactement les mêmes et sont applicables au détail près de la même manière que l'on soit artisan cordonnier tout seul, sans aucune formation juridique, ou que l'on soit Apple, Google ou Samsung, c'est-à-dire une multinationale tentaculaire qui a des personnels juridiques, techniques, administratifs absolument pléthoriques qui sont susceptibles de mettre en œuvre et de suivre le RGPD."
1565.5200000000002,1596.08,"C'est la raison pour laquelle, et ça on va en reparler un petit peu plus tard, Alors, vous ne devez vous surtout pas enregistrer et conserver des données personnelles sur vos clients, les notaires ou que sais-je encore. Mettez tout dans l'églantine et ne conservez rien de votre côté. Comme ça, vous n'avez vous pas à être conforme au RGPD. Si vous mettez tout dans l'églantine et que vous ne conservez rien vous-même, c'est donc à la lucarne de se débrouiller."
1596.08,1626.26,"Et la lucarne fait ce qu'il faut pour être conforme au RGPD et comme ça, vous n'avez pas à le faire. À partir du moment où vous avez ne serait-ce qu'un fichier Excel sur votre ordinateur dans lequel vous mettez le nom, le prénom et l'adresse de vos clients, vous devez être conforme au RGPD dans le moindre détail, avoir la tenue d'un registre des traitements, avoir une personne désignée responsable, machin, etc. Et vous êtes susceptible de contrôle. Ce qu'il faut que vous puissiez faire, c'est qu'en cas de contrôle de la DGCCRF,"
1626.58,1659.18,"c'est rare que les agents mandataires soient contrôlés par la DGCCRF, mais ça arrive. Il y a eu une époque, il y a quelques années, ça s'est multiplié, puis apparemment ça s'est un petit peu arrêté. Mais imaginons que vous soyez contrôlé par la DGCCRF, et puis ça peut très bien vous arriver. Si on vous dit, Madame, Monsieur, qu'avez-vous mis en œuvre ? Montrez-moi votre conformité au RGPD. Il faut que vous soyez en mesure de répondre, je ne conserve, je ne collecte et ne conserve aucune donnée personnelle. Tout est géré par le réseau. Sur mon ordinateur, je n'ai rien."
1659.8,1694.2,"Rien, rien, rien, rien. C'est tout dans le logiciel interne qui lui est conforme au RGPD. Mettez-vous à l'abri de cela. Parce que sinon, en tant qu'entreprise individuelle, en tant qu'agent commercial, Vous êtes entièrement responsable de votre conformité au RGPD Comme si vous étiez Air France ou Google De la même manière Alors, on va maintenant, si vous le voulez bien Approfondir le principe de lisséité et transparence"
1694.2,1728.3,"Parce que c'est un des principes les plus importants Alors, ce n'est pas le seul qu'on va approfondir Mais on va se pencher dessus un petit peu plus maintenant On va voir un petit peu ce que ça signifie de manière concrète. Comme je vous l'ai dit, le but de cette formation, ce n'est pas de vous expliquer ce que c'est de manière théorique, mais c'est de vous expliquer comment cela s'articule de manière concrète dans votre activité quotidienne. Alors, premièrement, l'ICIT et transparence."
1728.3,1768.34,"Alors, l'ICIT, le traitement doit reposer sur une base légale valide, c'est-à-dire que ce traitement doit être en tout point légal, légitime, autorisé par la loi. Pour que vous puissiez, nous puissions, collecter, utiliser, conserver, transmettre des données personnelles ou même une donnée personnelle, on doit avoir une base juridique licite. Il existe six bases légales possibles offertes par le RGPD, mais dans notre métier précisément, il y en a quatre particulièrement pertinentes que nous allons voir tout de suite."
1768.34,1798.98,"Premièrement, l'exécution d'un contrat. Qu'est-ce que ça veut dire, exécution d'un contrat ? Ça veut dire qu'une collecte d'informations, traitements, enregistrements, est licite lorsqu'il s'agit de préparer, rédiger et conclure un contrat. C'est un des cas prévus par le RGPD qui nous autorise à collecter, enregistrer, traiter des données."
1799.52,1833.36,"Donc, on collecte les informations d'un vendeur, son nom, son prénom, son adresse, dans le cadre d'un mandat de vente. On va mettre en place avec lui une relation contractuelle. On prend les informations d'un acquéreur dans le cadre de la préparation d'un compromis. Alors, avec le notaire, bien entendu, parce qu'on va transférer ça au notaire. D'un compromis, d'un avant-contrat, de manière générale. L'exécution d'un contrat, la construction d'une relation contractuelle est un exemple de l'ICIT, c'est-à-dire c'est une base légale qui nous permet la collecte et le traitement des données."
1834.08,1865.32,"Bien entendu, deuxième principe, principe qui construit cette l'ICIT, le consentement de la personne concernée, c'est-à-dire que la personne dont on collecte les données doit donner son consentement explicite. et c'est là que je vous disais il y a un instant que nous allons mettre en place des notices d'information avec les petites cases à cocher qui disent je suis d'accord alors dans les mandats d'aujourd'hui par exemple il y a déjà des mentions là-dessus bien sûr, mais ces mentions il faut qu'on les consolide encore et qu'on les rende plus visibles"
1865.32,1896.66,"pour que le consentement ne soit pas seulement implicite mais que le consentement soit explicite donc il nous faut le consentement de la personne concernée, que ce soit simplement, d'ailleurs, vous savez, ne serait-ce que pour lui envoyer une newsletter, pour le prospecter commercialement, s'il n'est pas encore client, qu'il n'a eu aucun contact intérieur avec nous, il faut qu'il ait donné aussi son autorisation. Alors ça, nous, on ne le fait pas. On n'envoie pas de newsletter aux clients, on ne leur envoie pas"
1896.66,1930.22,"des prospections commerciales, nous ne le faisons pas, mais si jamais vous, il vous venait à l'idée de le faire, il faudrait que vous ayez précédemment reçu le consentement explicite de la personne, c'est-à-dire qu'elle ne vous ait pas dit par oral, mais que par écrit, elle vous ait dit « je suis d'accord pour recevoir des informations commerciales, etc. » Le RGPD base la licéité de cette communication basée sur les informations personnelles sur ce consentement explicite. Ensuite, autre cas de licéité,"
1930.22,1968.28,"Et lorsqu'on a une obligation légale de collecte des données, et en particulier dans notre métier, c'est-à-dire dans toutes les professions juridiques et financières, la loi nous impose de collecter certaines informations concernant nos clients, qu'on le veuille ou qu'on ne le veuille pas. Je vais vous donner un exemple tout bête. On reparlait tout à l'heure de la carte d'identité. Je vous avais dit qu'on en parlerait à nouveau. Normalement, selon le code monétaire et financier, TRACFIN, la lutte contre le blanchiment de capitaux, dont on a déjà parlé plusieurs fois, nous impose de vérifier l'identité de nos clients."
1968.28,2002.32,"on doit demander leur carte d'identité, vérifier que la personne qu'ils déclarent être est bien cette personne là c'est une obligation légale, c'est pas nous qui disons tiens je vais demander la carte d'identité à cet acquéreur parce que j'ai envie de me protéger d'une éventuelle vente en direct, ça nous c'est notre souci à nous mais la loi elle, elle a un autre souci, lutter contre le blanchiment vous savez la drogue, le terrorisme etc etc, ça nous impose par exemple de vérifier l'identité de nos clients, en particulier acquéreurs."
2003.98,2034.26,"Dernière mention, l'intérêt légitime. L'intérêt légitime est très très important. À condition de ne pas porter atteinte aux droits et libertés des personnes, par exemple si on veut relancer un ancien contact qui nous avait déjà manifesté un intérêt réel, c'est-à-dire quelqu'un qui nous avait déjà appelé il y a plusieurs semaines pour un autre bien pour lequel il était véritablement intéressé ou qui avait laissé ses coordonnées volontairement, on peut invoquer qu'on a un intérêt légitime"
2034.26,2065.7799999999997,"à ce traitement de données. Mais attention, pas pour une prospection généralisée et aveugle vers des gens dont nous ne savons pas qui ils sont uniquement parce qu'on a réussi à récupérer leurs données quelque part. Absolument pas. Alors, ensuite, voyons maintenant la transparence. La transparence qui va avec la licéité, c'est le principe selon lequel en toute transparence, le client doit être clairement informé de ce que nous faisons et de ce que nous ferons."
2066.24,2103.2599999999998,"Dès lors qu'on connecte des données personnelles, on a l'obligation d'en informer la personne concernée de manière claire, c'est-à-dire non fouillie, non difficilement compréhensible, comme le fait un certain réseau qui est composé de trois lettres. Accessible, c'est-à-dire que le client ne doit pas avoir à chercher partout de lancer une enquête de police pour trouver ces informations. Rédigé en langage compréhensible, non pas une espèce de dialecte juridique volontairement mal rédigé"
2103.2599999999998,2134.86,"pour que les gens ne sachent pas ce qu'il passe. Et ça doit être fourni au moment de la collecte. pas après. Cette obligation, je vous le rappelle, vaut même si vous travaillez seul, en tant que simple artisan cordonnier, sans site internet, sans traitement automatisé, le simple fait de remplir une fiche avec des informations, même sur du papier, un mandat, une fiche de visite ou n'importe quoi, nous oblige à fournir une information sur le traitement des données. Elle doit figurer dans un encart RGPD sur tous nos supports, les mandats, les"
2134.86,2171.98,"bons de visite, les formulaires de contact, les emails de prospection, les sites web, etc. Ce qui n'est pas encore le cas partout chez nous, c'est ce que nous sommes en train de faire et de mettre en œuvre. Cette notice doit mentionner l'identité du responsable du traitement, les finalités du traitement, exécution de contrat, suivi commercial, la base juridique, contrat, consentement, l'obligation légale dont on vient de parler, les destinataires éventuels, un notaire, un confrère, un partenaire commercial, la durée de conservation des données, on en reparlera tout à l'heure, les droits de la personne concernée, l'accès, rectification, opposition, suppression, on en parlait,"
2172.56,2208.58,"et les coordonnées du référent RGPD ou DPO, on en reparlera tout à l'heure. Cette transparence, c'est une obligation absolument formelle. La violation de cette obligation est sanctionnée même s'il n'y a pas de plainte du client. Il suffit qu'un contrôle de la DGCCRF par exemple s'en aperçoive pour entraîner une sanction même si personne ne s'est plaint, même si personne n'est venu dire qu'il avait été lésé. On doit donc veiller à ne jamais collecter ces données sans expliquer à quoi elles serviront ni la base juridique valide sur lesquelles elles reposent."
2208.58,2244.16,"Alors, maintenant, on va revoir dans un slide suivant les bases juridiques du traitement, c'est-à-dire qu'on va revenir sur certaines de ces notions et on va les examiner dans le détail du point de vue de la base juridique, qui vous permettra de savoir véritablement sur quoi repose toute demande d'information. Alors, n'oubliez pas que tout traitement de données, collecte traitement de données, doit reposer sur une base légale clairement identifiée."
2244.94,2275.48,"Il n'y a pas d'à-peu-près, il n'y a pas de flou. Il ne peut pas y avoir de traitement par défaut, automatique, qui est fait comme ça parce qu'on a toujours fait comme ça. Non, il faut avoir une véritable base juridique précise. Voici les quatre bases juridiques majeures, celles que nous venons de voir, mais que nous allons détailler précisément. précisément. Premièrement, le consentement du client. Le consentement du client, il est requis dès lors que le traitement n'est pas nécessaire à l'exécution du contrat. C'est-à-dire qu'on veut"
2275.48,2307.88,"nous collecter des données, mais les données que nous collectons, ça n'est pas parce qu'on est en train de faire un contrat, on vient d'en parler, ça n'est pas imposé par la loi, traque fin, ça n'est pas justifié par un intérêt légitime clairement établi, comme on vient de le voir. Par contre, On veut faire une newsletter. On veut envoyer des relances de biens immobiliers à des contacts qui ne sont pas nos clients. On veut utiliser éventuellement les données pour une finalité non prévue initialement, c'est-à-dire transmettre à un partenaire commercial, comme les déménageurs bretons, par exemple."
2308.2400000000002,2339.6600000000003,"Là, vous voyez, on n'est pas dans un cas où c'est une exécution de contrat. Non, ce ne sont pas des clients. Ce n'est pas imposé par la loi. Ce n'est pas la loi qui nous dit que vous devez traiter ces données de cette manière-là pour telle raison, la lutte contre le blanchiment. Il n'y a pas d'intérêt légitime. Dans ce cas, on doit impérativement avoir le consentement du client. Il doit dire, je consens, je suis d'accord pour que vous collectiez mes données, que vous les utilisiez de cette manière-là. Ce consentement doit être premièrement libre"
2339.6600000000003,2371.8,"Le client est libre de dire oui ou de dire non Ça implique quoi également le fait que le consentement soit libre ? Ça implique que, et vous connaissez tout ça Il ne peut pas y avoir une case déjà précochée Je consens à ce que mes données, cette case a déjà été cochée pour vous Enfin pour le client, non La case doit être décochée, le client doit le voir, le lire et dire Ah, je choisis de cocher cette case Je choisis librement, personne ne m'a forcé ou ne l'a fait pour moi Deuxièmement, ce consentement doit être spécifique Spécifique à une finalité précise"
2371.8,2401.8799999999997,"C'est dans ce but-là que moi, le client, je donne mon accord, mon consentement Pour que mes données soient collectées et utilisées Troisièmement, il doit être éclairé Éclairé, ça veut dire que je sais à quoi je m'engage Je sais ce que j'accepte, je sais ce qui va se passer derrière Et dernière chose, documenté « Documenter », ça veut dire qu'on doit en garder la preuve. On doit garder le formulaire dans lequel le monsieur a coché la case qui autorise."
2402.58,2438.1600000000003,"Je vais vous donner un exemple tout bête. Vous allez à un salon de l'immobilier. Il y en a un chouette qui est en préparation pour bientôt dans le Nord. On obtient l'adresse e-mail d'un particulier au cours du salon de l'immobilier. On n'a pas le droit de lui envoyer des offres commerciales, de lui dire « Ah, cher monsieur, vous m'avez parlé de votre recherche de maison, voici quelques belles maisons qui pourraient vous plaire. » S'il ne vous a pas explicitement donné son accord, pour cela, en toute connaissance de cause, vous avez gardé le formulaire dans lequel il a coché son accord, son consentement."
2439.8,2471.86,"Ensuite, l'exécution du contrat. L'exécution du contrat, on l'a vu juste au-dessus, on va la détailler, c'est la base, en fait, nous, dans notre activité, c'est la base juridique la plus courante. Parce que dans 90% des cas, quand on collecte des informations sur une personne, c'est parce qu'on est en train de préparer un mandat, contrat, ou on est en train de préparer un compromis de vente et un acte de vente chez le notaire, autre contrat. On est donc dans la base juridique, exécution du contrat."
2472.48,2506.56,"C'est l'immense majorité de nos cas. Elle justifie à elle seule tous les traitements nécessaires à la conclusion ou l'exécution du contrat en question. Collecte des coordonnées du vendeur, transmission d'informations à un notaire, préparation d'un compromis ou d'une offre d'achat, communication avec l'acquéreur, ça peut être mille et mille et mille et mille choses, dans le but de conclure ce mandat de vente, dans le but de conclure cette promesse de vente. Un mandat signé par un vendeur nécessite, pour rédiger ce mandat,"
2506.56,2542.18,"toutes les données qu'on collecte. L'identité, l'adresse, la situation du bien, un justificatif de propriété, attestation ou type de propriété, une taxe foncière, les diagnostics techniques, etc. On en a besoin pour ce contrat. Ça, c'est relativement simple, parce que vous connaissez ça par cœur. Le cas de l'obligation légale, maintenant. Le cas de l'obligation légale, troisièmement, donc on est à la troisième ligne ici, On peut parfois collecter, conserver, traiter des données parce que, je vous le disais tout à l'heure, la loi nous dit de le faire."
2542.66,2578.44,"Ce n'est pas nous qui choisissons. On n'a pas envie de le faire. On le fait. Donc, clairement, c'est Tracfin et Bercy. Soyons clairs. Après, on pourrait imaginer d'autres cas, mais c'est 99,9% c'est Tracfin. Donc on doit, parce que la loi nous l'impose, conserver certains documents à des fins fiscales Donc pour les impôts, on doit conserver la vérification d'identité dans le cadre de la lutte contre le blanchiment des capitaux et le financement du terrorisme"
2578.44,2609.56,"Donc lorsqu'on collecte une pièce d'identité ou des éléments sur la provenance des fonds par exemple dans une vente On le fait en application d'une obligation légale et non pas parce qu'on en a besoin pour le contrat parce qu'en fait, on pourrait dire j'ai pas besoin de la carte d'identité des clients j'ai pas besoin d'un justificatif de la provenance des fonds pour mon mandat de vente ou pour le compromis je peux très bien m'en passer, j'en ai pas moi besoin, oui, mais la loi vous le demande, enfin la loi vous le demande la loi nous l'impose elle nous demande pas grand chose la loi, elle l'impose"
2609.56,2640.04,"dernièrement, numéro 4 l'intérêt légitime l'intérêt légitime, je vous ai mis à côté suivi de prospects connus, vous allez voir que c'est important. C'est la base la plus large, la plus élastique, la plus souple, mais attention, elle n'en est pas pour autant peu encadrée par l'acnyl. C'est très strictement encadré par l'acnyl. Elle nous permet de traiter, conserver certaines données lorsque le traitement est nécessaire à la poursuite de notre activité professionnelle. On a besoin de cela pour"
2640.04,2672.6800000000003,"en gros faire tourner la boîte. Lorsque ce traitement ne porte pas atteinte aux droits et libertés des personnes concernées. Petit exemple qui va illustrer tout ça facilement. On relance d'anciens contacts, d'anciens prospects. Ça, ça fait partie de notre activité professionnelle de tous les jours. Tous les jours, on fait des relances. Tous les jours, on rappelle les gens. Tous les jours, on leur envoie un petit e-mail. Ils ont déjà manifesté un intérêt sérieux précédemment. Ce ne sont pas des gens que je ne connais pas. Ce ne sont pas des gens dont j'ai acheté les coordonnées sur le dark web."
2673.16,2706.64,"Non, ce sont des gens qui m'ont déjà appelé le mois dernier ou il y a deux mois pour une maison, la maison ne correspondait pas, eh bien, on est toujours dans un délai raisonnable. Je ne le rappelle pas deux ans après. Non, je le rappelle un mois, deux mois après, où il est susceptible d'être toujours en recherche. Il dit, tiens, au fait, je vais peut-être rentrer quelque chose d'intéressant. Est-ce que ça vous brancherait ? Là, on est dans la relance d'un ancien contact, je vous disais, qui a déjà manifesté un intérêt, et on est dans un délai raisonnable. Bien entendu, je vous disais, il ne porte pas atteinte aux droits et libertés"
2706.64,2748.7599999999998,"On doit sécuriser les fichiers clients Conserver certaines données afin de preuve ou de suivi administratif Mais pas plus Attention, cet intérêt légitime dont je vous disais que c'est une base souple On ne peut pas l'invoquer du tout pour faire une prospection de masse Vous achetez des fichiers clients, vous faites une prospection de masse non sollicitée Ce n'est pas de l'intérêt légitime On ne peut pas l'utiliser non plus pour stocker des données inutilisées pendant des années, c'est-à-dire que les informations du client qui m'a appelé en 2025 pour des biens immobiliers, je ne peux pas le rappeler en 2028. Il est évident que je les ai conservées ces données pour rien pendant beaucoup trop longtemps sans aucune justification."
2748.76,2796.3,"Et je ne peux pas non plus, sous le prétexte de l'intérêt légitime, transférer ces données à des partenaires commerciaux sans informations claires, préalables et libres de mon contact. Donc, en somme, toute collecte et tout usage d'une donnée personnelle doit être juridiquement justifiée sur une de ces bases que nous venons de voir. Et en plus de ça, nous devons être en mesure de prouver sur quelle base on a conservé ces données. C'est-à-dire que je dois être en mesure, en cas de contrôle ou de réclamation de quelqu'un, de dire oui, j'ai conservé telles informations dans le cadre d'un contrat de mandat de vente."
2796.3,2838.2200000000003,"C'est cette base juridique qui a présidé à la conservation de cette information. Alors maintenant, on va voir comment ça se traduit concrètement dans la gestion des durées de conservation de données. Les durées de conservation, c'est extrêmement important parce que le RGPD impose qu'elles ne soient conservées que pendant une durée qui n'excède pas la durée strictement nécessaire à la finalité du traitement. En d'autres termes, on ne peut pas stocker des données indéfiniment ou on ne peut pas les conserver par automatisme comme ça parce que moi, par principe, je garde les informations sur mon ordinateur sans avoir une véritable justification et strictement encadrée."
2838.22,2869.3199999999997,"Une fois que la finalité est atteinte, la vente est conclue, le mandat a expiré ou n'importe quoi, les données doivent être supprimées ou alors archivées dans un cadre hautement sécurisé. c'est à dire qu'on n'est pas obligé de tout supprimer tout de suite il y a des choses qu'on doit éventuellement supprimer on verra ça tout à l'heure mais si elles ne sont pas supprimées ce qui est le plus simple il faut les archiver, les conserver dans un cadre vraiment dont on peut démontrer"
2869.3199999999997,2899.62,"qu'il est, alors non pas à l'épreuve de tout ça n'est pas possible, le risque zéro n'existait pas mais suffisamment sérieusement protégé pour que n'importe qui ne puisse pas rentrer dans un système informatique ou dans des locaux pour se servir dans les documents, dans les informations. Alors, quels sont quelques petits exemples ? Alors, excusez-moi, j'ai oublié de passer le slide ici. Quels sont quelques petits exemples de durée ?"
2899.62,2929.8,"Eh bien, premièrement, un mandat de vente. On a l'obligation, nous, de le garder 5 ans. C'est la loi. Alors quand je vous dis qu'on a l'obligation de le garder 5 ans, ça ne veut pas dire qu'on doit le détruire au bout de 5 ans. Ça veut dire qu'on doit le garder au moins 5 ans. Un mandat signé, qu'il soit exclusif ou simple, etc., mandat de vente, mandat de recherche, tout ça, on s'en moque, avec les documents annexes, les pièces justificatives, c'est 5 ans. Que ce mandat de vente ait donné lieu à une transaction, une vente aboutie ou non,"
2929.9,2964.3,"ça ne change rien. On signe un mandat de vente, on doit conserver l'original au siège pendant 5 ans minimum. Au bout de 5 ans, on a le droit de le détruire. On n'est pas obligé. Soit on le détruit, soit on le stocke dans des conditions ultra sécurisées. Donc, typiquement, dans le cadre de cette mise en conformité RGPD, on a procédé à une purge gigantesque des anciens mandats."
2965.2400000000002,2995.94,"Les anciens mandats de plus de cinq ans, on les a fait détruire par une société de destruction. Il y a des sociétés de destruction qui sont elles-mêmes parfaitement compatibles avec le RGPD. On a fait détruire tous les anciens mandats de plus de 5 ans On a fait ça cette année Ça a fait un gros gros gros ménage Autre exemple, des données relatives à un acquéreur Des fiches de renseignement, des bons de visite, etc"
2995.94,3027.3,"Pareil, 5 ans C'est 5 ans également Les données de l'acquéreur, son nom, ses coordonnées, son offre, sa fiche de visite, etc On les conserve jusqu'à la vente Et ensuite on les archive pendant 5 ans pour les garder de côté en cas de procès contentieux ou je ne sais pas quoi, demande de l'administration. Parfois, on a notamment l'administration fiscale qui nous demande des justificatifs sur une vente. On peut avoir un an, deux ans après. Pourquoi ? Parce que le client, l'acquéreur ou le vendeur subit un contrôle fiscal."
3028.38,3059.32,"Il a un contrôle fiscal, l'administration fiscale vient nous demander à nous des justificatifs. Eh bien, il faut qu'on puisse en donner. Au bout de 5 ans, par contre, on a le droit de dire à l'administration fiscale qu'on ne les a plus parce qu'on doit les garder 5 ans. Au bout de 5 ans, on supprime tout. Ou alors, pareil, on les conserve, mais de manière hautement sécurisée. Prospect Alors là le prospect c'est pas un client C'est pas la même chose du tout Là c'est 3 ans après le dernier contact actif"
3059.32,3098.5600000000004,"Donc il y a une personne qui vous appelle Bonjour je suis intéressé pour ceci, pour cela C'est un prospect Il achète pas Ou il ne vend pas Ce soit un vendeur ou un acquéreur c'est pareil Il achète pas, il vend pas, c'est un simple prospect Et bien toutes les informations qu'on a collectées On a le droit de les garder pendant 3 ans Après le dernier contact actif c'est-à-dire le dernier appel téléphonique, le dernier email, le dernier clic de cette personne sur une interface sur notre site, le dernier rendez-vous, le dernier contact actif de lui, de nous. Après, on laisse couler trois ans et puis c'est pareil, on peut tout supprimer ou bien les stocker de manière ultra sécurisée."
3099.0800000000004,3130.72,"Le mieux, c'est de les supprimer, c'est évident. Les pièces d'identité, attention, c'est un petit peu plus encadré, mais pas de manière claire par la loi C'est-à-dire que la loi ne dit pas que les pièces d'identité, vous les gardez pendant tant de temps Quand on collecte la pièce d'identité d'un acquéreur, alors pas d'un vendeur Parce que quand on collecte la pièce d'identité d'un vendeur, il y a plein d'agences immobilières qui font ça Chez Safty, par exemple, vous avez l'obligation, quand vous prenez un mandat Vous avez l'obligation de prendre la pièce d'identité des vendeurs et des acquéreurs"
3130.72,3161.8399999999997,"C'est dans la procédure de SAFTI. Ça, c'est annexé au mandat. Tout ce qui est annexé au mandat, c'est 5 ans comme la durée du mandat. La pièce d'identité que vous prenez, par exemple, pour l'obligation TRACFIN pour un acquéreur, on ne peut la conserver que pendant la durée nécessaire à cette obligation légale. légales, mais pour de simples prospects, on n'a pas le droit de la conserver nous, à titre préventif, en nous disant « Tiens, peut-être que je pourrais en avoir besoin un jour. » Non. Elles doivent être supprimées ou archivées"
3161.8399999999997,3196.3399999999997,"dans un espace sécurisé et chiffré avec accès restreint. Quand je vous dis avec accès restreint, c'est comme pour le reste. C'est-à-dire qu'il faut qu'on soit en mesure de prouver de dire qui a accès à cette information, telle personne, telle personne, telle personne et personne d'autre. Et personne d'autre. Ensuite, les e-mails échanges commerciaux, 3 à 5 ans selon leur contenu. Alors, e-mails échanges commerciaux avec un client, un prospect, il peut y avoir des données personnelles. Des données sur le projet, sur un financement, sur les situations financières,"
3196.4199999999996,3231.6,"la personne vous dit ce qu'elle fait comme job ou je ne sais pas quoi. En particulier quand on fait de l'allocation. Nous, on n'en fait pas, mais quand vous faites de l'allocation, vous demandez plein d'informations. Est-ce que vous êtes en CDI ? Depuis quand ? Dans quelle société ? Avec quel salaire ? Pour une transaction aboutie, c'est les 5 ans. Pour une prospection, 3 ans, là encore, après le dernier contact actif. Les messageries, c'est-à-dire les boîtes mail, doivent être régulièrement nettoyées ou archivées de manière conforme. C'est exactement la même chose. Ça veut dire que dans votre boîte mail, vous devriez supprimer tous les messages de plus de 5 ans pour les ventes"
3231.6,3282.08,"et de plus de trois ans pour les prospections après un dernier contact actif. Donc, de manière pratique, nous devons identifier la durée de conservation pour chaque type de données, mandat, prospect, mail, pièce justificative, prévoir un mécanisme d'alerte ou de purge automatique dans les outils. Ça, c'est ce qu'on fait typiquement dans un logiciel métier de type Eglantine. Et surtout, à la fin de la durée 3 ans, 5 ans, on doit penser soi-même à archiver de manière ultra sécurisée ou supprimer. Là encore, c'est ce que je vous disais, vous ne conservez rien. Mettez tout dans Eglantine et Eglantine va gérer ça pour vous. Absolument pour vous."
3282.08,3312.1800000000003,"Alors, maintenant, on va se pencher sur les obligations concrètes en tant que mandataire immobilier, parce que même en tant que travailleur indépendant, je vous le disais, en tant qu'agent commercial, en tant qu'artisan, on est personnellement responsable des traitements des données qu'on effectue. donc gardez bien ça en tête je vous le répète depuis tout à l'heure c'est très important vous ne pouvez pas dire"
3312.1800000000003,3344.18,"moi je suis un entrepreneur indépendant je ne suis pas concerné vous êtes concerné exactement comme si vous étiez Coca-Cola ou Air France pareil, c'est la raison pour laquelle je vous dis mettez-vous à l'abri de ça, laissez tout dans Eglantine et Eglantine va gérer pour vous puisque nous, nous sommes en train de faire ce travail de mise en conformité totale alors Alors, premièrement, ce qu'on appelle, là encore, c'est le RGPD qui utilise ce vocable-là, le socle minimum de conformité est composé de quatre obligations principales."
3344.2799999999997,3374.58,"Que vous soyez un indépendant ou que vous soyez une multinationale, ces obligations s'imposent à nous. Alors, premièrement, intégrer une information RGPD dans tous les documents contractuels et commerciaux, ce que nous sommes en train de faire, C'est la raison pour laquelle, enfin une des raisons pour lesquelles on est en train de refaire les bons de visite, les offres, les machins, etc. Cette obligation n'est absolument pas négociable, on n'a pas le choix, c'est pas une question de on en a envie, on n'en a pas envie. tout formulaire de collecte de données personnelles, papiers ou numériques."
3375.2799999999997,3406.32,"Ce n'est pas que pour le numérique, je vous l'ai dit tout à l'heure. Si vous avez des dossiers, des fichiers papiers comme grand-papa, c'est pareil. On doit mettre dessus une notice d'information conforme RGPD. Mandat de vente, bon de visite, fiches acquéreurs, e-mail de prospection personnalisée, site internet. Tous ces supports doivent indiquer clairement l'identité du responsable du traitement, la finalité de la collecte, la base légale du traitement, la durée de conservation, les droits des personnes concernées"
3406.32,3436.6800000000003,"et le point de contact RGPD, la personne à contacter au sein de la structure. Par exemple, si on fait signer un mandat de vente, ce mandat doit contenir un encart « Données personnelles » indiquant que les données sont utilisées uniquement pour les besoins du mandat, conservées tant de temps ou archivées au bout de cette durée et librement accessible pour rectification ou suppression. Deuxièmement, tenir un registre des traitements à jour."
3436.78,3467.8599999999997,"Ça, c'est très lourd. C'est très, très, très lourd. Une des raisons pour lesquelles je vous dis ne le faites pas vous-même, vous n'en sortirez jamais. C'est vraiment très, très, très lourd. En tant que professionnel indépendant, comme en tant que multinational, on est tenu de tenir un registre des traitements, c'est l'article 30 du RGPD, qui permet de documenter quel type de données nous traitons. Identité, coordonnées, financement, salaire, projet immobilier, je ne sais pas quoi. Quelle est la finalité ? Pourquoi nous les collectons et nous les traitons ? Dans quel but ?"
3468.54,3499.96,"Sur quelle base juridique ? On les a listés au-dessus. Combien de temps ? Et quelles sont les mesures de sécurité mises en place ? Et ça, ça doit être tenu à jour en temps réel. Ce registre n'est pas destiné au public, il est destiné à la CNIL, à la DGCCRF et aux éventuels tribunaux en cas de litige C'est une des preuves documentaires de notre conformité Troisièmement, sécuriser les accès et les documents"
3499.96,3532.42,"Alors, garantir la sécurisation effective, réelle, concrète des données Ça, on sait que l'acnil est super rigide, casse-pieds à ce sujet. La sécurisation technique et organisationnelle, ils appellent ça des données personnelles. On doit protéger les terminaux, donc les ordinateurs, les téléphones, les tablettes, par des mots de passe costauds, des mots de passe forts. Pas le mot de passe titi, tata, toto, mot de passe, bisous, soleil, la date de naissance de votre petit dernier."
3532.42,3565.06,"Non, il faut avoir un mot de passe costaud. Il faut avoir un déverrouillage de vos téléphones par empreinte digitale. Tout doit être protégé. Chiffrez les documents sensibles. Les justificatifs de propriété, les pièces d'identité, etc. doivent être placés sur des serveurs chiffrés, ce qui est le cas à la lucarne de l'immobilier. Évitez tout stockage dans des outils non sécurisés comme votre cloud personnel, iCloud ou votre OneDrive"
3565.06,3600.0200000000004,"ou je ne sais pas quoi, qui ne seraient pas suffisamment sécurisés. Par exemple, nous, vous savez que nous utilisons deux modes de stockage différents. Premièrement, notre base de données sécurisée. Deuxièmement, nous utilisons Dropbox. Parce que Dropbox, pour tous les documents, Dropbox est un espace parfaitement conforme au RGPD et ultra sécurisé Et nous devons pouvoir prouver que nous restreignons l'accès aux documents uniquement aux personnes qui en ont strictement besoin"
3600.0200000000004,3630.74,"Les personnes extérieures à notre activité ne peuvent pas consulter les dossiers de nos clients notre famille, nos assistants imaginons moi si j'avais des enfants mes 5 enfants je dois pouvoir prouver qu'ils ne peuvent pas accéder à mon ordinateur et qu'ils ne peuvent pas accéder à mes dossiers et aux dossiers de la lucarne bien sûr donc il faut pouvoir prouver que ces documents on en restreint l'accès je vais vous donner un exemple tout bête que vous connaissez tous"
3630.74,3661.4,"dans votre contrat à chacun d'entre vous Donc, il est écrit spécifiquement que le mot de passe à Eglantine et le mot de passe à la boîte mail, enfin les identifiants et mots de passe Eglantine et la boîte mail professionnelle vous sont strictement personnels, strictement personnels. Vous n'avez pas le droit par contrat Avec la lucarde Mais vous voyez que vous n'en avez pas le droit Par la loi non plus De donner vos identifiants Vos codes d'accès à quelqu'un d'autre"
3661.4,3692.64,"A un autre agent A quelqu'un qui est à la maison Parce qu'il vous faut une information Vous n'avez pas le numéro de téléphone de je ne sais pas qui Vous dites à votre femme Tiens, est-ce que tu peux te connecter sur mon ordinateur Mon mot de passe c'est Titi Toto, va, clique à tel endroit, tel endroit Donne-moi le numéro de téléphone de quelqu'un Ça, c'est strictement interdit, à la fois par votre contrat, nous on l'a mis dans votre contrat parce qu'il faut qu'on puisse prouver qu'on a protégé ça, et cela vous est également interdit de par la loi."
3693.52,3733.36,"Alors vous me direz, oh mais c'est pas grave si je donne mes identifiants Eglantine à un autre membre de la lucarne pour qu'il me rende service. C'est aussi un membre de la lucarne, oui, mais c'est un membre de la lucarne qui a accès lui à ses clients et aux données personnelles de ses clients. Il n'a pas à avoir accès aux données personnelles de vos clients. S'il n'est pas lui-même impliqué dans cette vente, il n'a pas à connaître les détails du client. Alors vous direz, si vous faites la vente tous les deux en partage, là on peut dire, ah bah oui, il est concerné, il est nécessaire qu'il ait accès à ces informations-là. Oui, mais à celles-là, pas aux autres. Pas aux informations des autres clients."
3733.36,3766.8199999999997,"Donc, exemple tout bête pour vous Vous n'avez absolument pas le droit De demander à votre femme, à votre fils Ou même à un collègue de la lucarne De se connecter à Eglantine ou à votre boîte mail Dernière chose On doit mettre en place des systèmes de sauvegarde régulière Sur des supports sécurisés Eglantine est sauvegardée par exemple chaque nuit Chaque nuit, il y a une sauvegarde totale des glantines."
3767.66,3807.3999999999996,"Pareil pour vos boîtes mail, mais ça c'est fait par la société Zoho, qui elle-même est en conformité avec le RGPD. Attention, important, en cas de perte, de vol, de piratage de données, alors vous perdez vos téléphones portables, on vous vole votre ordinateur, vous vous faites pirater je ne sais pas quoi, vous êtes tenu de notifier l'incident à la CNIL dans les 72 heures. Et si le risque est élevé, de le dire à toutes les personnes concernées. Alors là encore, vous vous rendez compte, si vous perdez votre téléphone alors que dedans vous avez des bases de données de vos clients, vous devez en informer la CNIL, etc. C'est très très très lourd."
3807.4,3857.8599999999997,"Alors, dernière chose, dernière ligne qui est ici Respecter les droits d'accès, rectification, suppression Je vous le disais tout à l'heure, ça vous connaissez Parce qu'on voit ça depuis très très longtemps Depuis 1978 précisément Et la loi informatique des libertés de 1978 Le RGPD consacre plusieurs parties aux clients, prospects, contacts Afin de garantir que premièrement, ils aient un droit d'accès à leurs données C'est-à-dire, n'importe quelle personne dont on a collecté, traité les données, a le droit, sans avoir, c'est important ça, ils n'ont pas à invoquer une raison légitime ou pas. Non. Ils nous le demandent et c'est tout. On n'a pas à leur dire, bah oui, mais pourquoi est-ce que la demande est bien légitime ? Non. Ce sont mes informations, je fais ma demande, vous devez vous exécuter."
3858.44,3890.6,"Premièrement, droit d'accès. Droit d'accès, ça veut dire, je veux savoir quelles sont les informations que vous avez gardées, conservées sur moi. Est-ce que vous avez mon nom ? Est-ce que vous avez mon prénom ? Est-ce que vous avez ma date de naissance ? Est-ce que vous avez tout ça ? Deuxièmement, si je constate une erreur dans les informations que vous conservez sur moi, je dois pouvoir vous demander de les corriger. Je ne m'appelle pas Berthier avec un H, T-H-I, mais Berthier sans H, T-I-E-R."
3891.28,3922.6,"Et vous devez la corriger. Troisièmement, droit d'opposition. Ça, ça a été rajouté, ça ne date pas de la CNIL. C'est le seul qui a été rajouté aux trois initiaux de la CNIL. Le droit d'opposition, c'est je m'oppose à l'utilisation des données à des fins de prospection. Oui, mais vous aviez dit oui au début. Oui, mais maintenant, je dis non. Et c'est maintenant qui compte. Donc, même si j'avais dit oui avant, j'ai le droit de vous dire stop,"
3922.74,3967.68,"vous arrêtez d'exploiter mes données à des fins de prospection. Dernière chose, droit à l'effacement. Droit à l'effacement, on parle parfois de droit à l'oubli. Ce n'est pas exactement la même chose, le droit à l'oubli et le droit à l'effacement du RGPD. « J'ai le droit de demander la suppression de mes données lorsque leur conservation n'est plus justifiée. Par exemple, j'ai confié un mandat de vente il y a 6 ans, donc il y a plus de 5 ans. L'agence immobilière me dit « Oui, oui, on a toujours ces informations-là, mais rassurez-vous, au-delà de 5 ans, elles sont ultra sécurisées, etc. Je demande leur destruction, leur suppression immédiate et à ce que vous n'en conserviez aucune copie. »"
3967.7,3998.7799999999997,"et on a un mois maximum pour répondre, avec la preuve de ce qu'on a fait. Ça nous arrive de temps en temps, ça nous vient généralement d'un site portail, c'est-à-dire qu'on reçoit de la part de ceux logés, parus vendus, le bon coin, je ne sais pas quoi, une demande nous disant, telle personne nous a signifié son souhait de procéder à l'effacement de toutes leurs données. donc comme on vous les a peut-être transmises"
3998.7799999999997,4031.3,"et que vous en avez peut-être fait quelque chose nous vous transmettons nous-mêmes cette demande de suppression ça arrive de temps, il n'y en a pas beaucoup il y en a une par-ci, une par-là, peut-être une fois tous les deux mois quelque chose comme ça et à ce moment-là nous devons répondre dans le mois nous on le fait tout de suite, généralement on n'attend pas un mois et on répond que tout a été supprimé de nos registres Alors, je vous le répète, on ne doit pas lui demander de bonnes raisons"
4031.3,4062.92,"Si un ancien contact nous demande de supprimer des informations car il ne veut plus recevoir d'offres ou je ne sais pas quoi On doit le faire, on doit le faire dans le mois Et on doit le lui confirmer en disant voilà on a fait ça, on a fait ça, on a fait ça On n'a rien conservé, ou on a corrigé, ou on a fait ceci, on a fait cela Ces quatre obligations sont vraiment le strict minimum ne pas les respecter nous expose à des sanctions très très très très lourdes de la CNIL, y compris, je vous le disais, si on est un simple indépendant. Alors maintenant, on va voir un point absolument crucial,"
4063.3399999999997,4106.08,"crucial parce que ceux d'entre vous qui étaient déjà à la Lucarne pendant le Covid se souviennent qu'on a fait l'objet d'un nombre d'attaques informatiques absolument fous. Alors, pas seulement nous, pendant le Covid, il y a eu des attaques informatiques absolument partout dans le monde entier. Tout le monde s'est fait attaquer. Google s'est fait attaquer. SeLoger s'est fait attaquer. Leboncoin s'est fait attaquer. TF1 s'est fait attaquer. Je ne sais pas. Tout le monde, il y a eu des attaques informatiques partout. Et nous avons dû, vous vous en souvenez à cette époque-là, grandement, grandement, grandement muscler notre sécurité informatique. On l'a toujours pris au sérieux, ça. Ce n'était pas un gruyère et une passoire avant. Mais il a fallu vraiment qu'on prenne des précautions bien, bien, bien supérieures."
4106.08,4137.78,"Alors, sécurisation, gestion des accès, c'est absolument fondamental parce que c'est la première cause de non-conformité constatée par la CNIL lorsqu'elle procède à des contrôles Pas seulement dans les métiers de l'immobilier, mais dont dans les métiers de l'immobilier parce que l'immobilier, vous le savez, c'est quand même encore beaucoup une profession qui est pratiquée un peu à l'ancienne Les sociétés d'immobilier, ce sont des petites agences par-ci, par-là, à droite, à gauche qui n'ont pas un accès à l'information"
4137.78,4168.02,"juridique, administrative, technique très importante donc voilà on met nos informations sur un ordinateur et on se dit bon c'est pas nous qui allons nous faire attaquer par des pirates quand même erreur donc l'absence de sécurisation des fichiers clients ou des dossiers numériques c'est la première cause de non-conformité constatée par la CNIL alors qu'est-ce qu'on doit faire premièrement l'accès réservé aux personnes autorisées Première ligne ici, nous devons restreindre l'accès aux seules personnes habilitées et concernées."
4168.5,4202.84,"Donc on doit mettre en place un contrôle strict des accès de données qu'on traite. Si on travaille seul, et bien on est seul, je suis un indépendant, imaginons une entreprise indépendante, je suis seul habilité à consulter mes dossiers clients. Au sein d'un réseau comme le nôtre, on doit vérifier que seuls les collaborateurs autorisés et concernés accèdent aux dossiers. Par exemple, au siège, une secrétaire qui s'occupe de la comptabilité, elle n'a pas besoin d'avoir accès aux informations concernant les vendeurs, concernant les acquéreurs."
4203.26,4233.72,"Ça ne la concerne pas. Donc, on doit pouvoir prouver que cette secrétaire comptable du troisième étage à gauche, là, ce qui n'est pas le cas chez nous, mais on n'a pas de troisième étage à gauche et une secrétaire comptable dedans, bien sûr, mais imaginons, elle n'a pas accès aux informations auxquelles elle ne doit pas avoir accès, tout simplement. On doit pouvoir dire également, tel négociateur est en charge de tel mandat, c'est son mandat lui, il n'y a que lui qui a accès aux informations du mandat."
4234.06,4265.84,"Un autre négociateur qui se trouve ailleurs en France, il n'a pas accès aux informations du mandat, absolument pas. On ne doit jamais transmettre les informations à des tiers non autorisés Bien sûr, un autre mandataire du réseau, n'importe qui Et on ne doit jamais lui laisser l'accès Même involontaire, en ne sécurisant pas Ou en laissant traîner nos codes, nos mots de passe, nos identifiants Exemple tout bête Un compromis de vente ou une pièce d'identité"
4265.84,4297.02,Elle ne doit pas passer entre les mains de deux mandataires S'ils ne sont pas concernés c'est évident on ne peut pas dire tiens je t'envoie mon compromis de vente que j'ai signé ce matin il y a une clause bizarre tu vas me dire ce que tu en penses moi je suis nouveau je démarre à peine dans le métier est-ce que c'est normal cette clause je t'envoie le compromis non vous n'avez pas le droit de donner le compromis à un autre mandataire parce que lui il n'a pas à avoir cette information deuxième chose excusez-moi j'ai fait tomber quelque chose des mots de passe complexes et renouvelés
4297.02,4327.400000000001,"les mots de passe doivent être robustes les mots de passe doivent être robustes ils doivent être complexes c'est la raison pour laquelle il y a quelques années on savait qu'on était l'objet de nombreuses attaques que tout le monde n'a pas forcément un mot de passe bien costaud donc on a, vous vous en souvenez, changé tous les mots de passe de tout le monde par des trucs hyper sécurisés et nous vous recommandons bien sûr"
4327.400000000001,4358.36,"de les changer régulièrement. Vous avez accès au changement de votre mot de passe que ce soit sur Eglantine, que ce soit sur la boîte mail Zoho, vous pouvez le changer et dans les deux cas, lorsque vous le changez le système vous impose de mettre un mot de passe sécurisé. Alors qu'est-ce que c'est un mot de passe sécurisé ? C'est un mot de passe complexe avec des lettres des chiffres et des caractères spéciaux. Deuxièmement, vos mots de passe doivent être différents selon les outils Ne gardez pas le même mot de passe sur Eglantine et sur votre boîte mail"
4358.36,4388.56,"Ne gardez pas le même mot de passe sur votre boîte mail professionnelle et votre boîte mail personnelle Ne gardez pas le même mot de passe sur votre interface bancaire Selon les outils, ayez un mot de passe différent Ne réutilisez pas votre même mot de passe pour plusieurs services Deuxièmement, renouvelez votre mot de passe tous les 3 à 6 mois c'est une très bonne pratique tous les 3 à 6 mois vous le changez, c'est pénible c'est vrai, mais c'est une très très bonne pratique dernière chose"
4388.56,4418.74,"ne jamais partager vos mots de passe même temporairement même si là vous avez une bonne raison même si là vous trouvez que c'est une bonne idée ça vous donnerait un coup de main ne partagez jamais vos mots de passe même si vous dites je vais le changer juste après bien entendu il est recommandé d'utiliser une solution de gestion de mots de passe, vous savez ce qu'on appelle les coffres-forts numériques, parce que c'est ce qui vous permet d'utiliser des mots de passe vraiment costauds. Parce que si vous n'utilisez pas un gestionnaire informatique de mots de passe, que vous avez dans vos navigateurs,"
4418.8,4454.12,"que vous avez absolument partout, vous utilisez des mots de passe simples. Parce qu'on ne peut pas se souvenir de mots de passe hyper compliqués. Il faut une solution de gestion de mots de passe compliqués, de mots de passe professionnels, pour pouvoir utiliser des mots de passe compliqués. Ça également, c'est une non-conformité RGPD. Si un mandataire, par exemple, laisse ses dossiers clients ouverts sur un ordinateur partagé avec les membres de sa famille, les mots de passe déjà connectés, il y a un manquement de l'obligation de sécurité, exposition au risque de fuite des données. Et bien entendu, ça, c'est une irrégularité qui coûte cher en termes d'amende et de choses comme ça."
4456.6,4488.38,"Alors, ensuite, on va voir la suite. Alors, vous devez sauvegarder vos données, et nous aussi, sur des supports sécurisés chiffrés. C'est le cas d'Eglantine, c'est le cas de Dropbox. Vous ne devez surtout pas laisser libre accès sur un disque dur, une clé USB."
4489.14,4520.34,"Ça, c'est extrêmement, extrêmement dangereux. Également, vous devez interdire, proscrire le partage d'informations Via des messageries non sécurisées Alors vous pourriez dire, WhatsApp c'est sécurisé C'est à moitié sécurisé Par exemple, si vous envoyez ça par SMS C'est pas du tout sécurisé Absolument pas Et WhatsApp, c'est, je vous le dis, pas hyper sécurisé Mais c'est déjà mieux sécurisé que les SMS qui eux ne le sont pas du tout Évitez les adresses personnelles"
4520.34,4550.52,"Les Gmail, les Hotmail, etc. Qui ne vous offre aucune garantie de protection à des fins professionnelles ? Absolument pas, à la différence de Zoho, qui est une boîte mail professionnelle. Préférez l'utilisation d'une adresse professionnelle dédiée. Si vous utilisez un logiciel de messagerie, utilisez un logiciel de messagerie sécurisé, comme par exemple Outlook Pro."
4550.52,4593.58,"nous vous recommandons d'utiliser par exemple pour la messagerie l'interface en ligne et l'application officielle Zoho qui sont ultra sécurisées même parfois on se dit un peu trop sécurisées c'est limite trop rigide envoyer un email non sécurisé avec une pièce d'identité au notaire quand il n'y a pas de mot de passe par exemple, ça c'est une violation de données sanctionnée par la CNIL typiquement ça c'est le truc qu'il ne faut pas Alors, en résumé, si vous êtes responsable de l'intégrité et de la confidentialité des données que vous manipulez, ça concerne aussi bien les papiers qui doivent être eux-mêmes ultra-enfermés et sécurisés que les données numériques."
4593.58,4626.92,"On va aborder maintenant le respect des droits des personnes elles-mêmes, dont on a parlé juste au-dessus. Accès-suppression, on va voir comment ça s'articule dans votre travail quotidien concret. Il faut que je change de slide. Voilà, droit d'accès et suppression. C'est un des aspects les plus fondamentaux du RGPD, je vous ai dit qu'il date de la CNIL. Le droit d'accès, de rectification, d'effacement est quelque chose d'absolument central."
4627.9400000000005,4658.18,"Toute personne a le droit de savoir si vous avez des données sur elle ou pas. Ça veut dire quoi ? Ça veut dire, pour aller un petit peu plus loin que ce qu'on a vu tout à l'heure, parce qu'il s'agit là d'approfondir un petit peu plus. Ça veut dire que, imaginons même que quelqu'un ne soit pas votre client, que vous n'ayez jamais collecté des données la concernant, cette personne a quand même le droit de vous demander si vous avez des données la concernant."
4659.200000000001,4695.5,"Imaginons que quelqu'un, un prospect par exemple, se demande si vous avez déjà, si elle vous a envoyé un email pour vous interroger sur un bien. Ce n'est pas le cas, parce qu'il a envoyé des e-mails à plein d'agents immobiliers. Il ne sait plus qui, il ne sait plus quand, il ne sait plus où. Il vous envoie un e-mail en vous demandant « Est-ce que vous avez des informations sur moi ? » Ce n'est pas parce que vous n'avez aucune information sur lui que vous n'avez pas à lui répondre. « Oh, lui, il m'embête, lui, ce n'est pas un client, je n'ai rien sur lui, pas mon problème, je ne perds pas de temps avec lui. » Non, vous devez lui répondre « Bonjour, monsieur, je n'ai jamais eu contact avec vous, je n'ai aucune information vous concernant. »"
4695.5,4728.88,"Et bien entendu, si vous avez des informations là concernant, vous devez lui dire « Oui, j'ai votre nom, votre prénom, votre date de naissance ou que sais-je encore. » Elle a le droit d'en obtenir la copie. Elle a le droit de vous demander d'où viennent ces données. Ça vient d'où ? Pourquoi vous avez mon nom, mon prénom ? « Eh bien, monsieur, je vous ai eu au téléphone, vous me les avez données et je vous ai proposé de vous rappeler si jamais j'avais quelque chose. » Ah, d'accord. Ensuite, elle a le droit de vous demander ce que vous voulez en faire. Est-ce que c'est pour de la prospection ? Est-ce que c'est pour transmettre à des tiers ? Est-ce que c'est pour faire un contrat ? Pourquoi ?"
4729.7,4763.56,"Et si elles ont été transmises, à qui ? Un notaire, un confrère, un prestataire, un partenaire commercial, ou que sais-je encore ? Un acquéreur qui vous contacterait trois mois après une visite, ou même après un contact, pour savoir ce que vous avez conservé ou pas, vous devez lui répondre de manière, je vous le disais tout à l'heure, claire, complète, gratuite, intelligible, et dans un délai d'un mois. Ensuite, le droit de rectification. Pareil, toute personne a le droit d'obtenir la correction des éventuelles erreurs."
4763.56,4793.64,"L'actualisation des données qui ne sont plus d'actualité. Elles sont obsolètes, j'ai changé d'adresse. Et éventuellement, ajouter des informations incomplètes. Imaginons une vendeuse dont l'adresse a changé et vous demande de modifier sa fiche. une vendeuse d'un bien qui vous a donné un mandat, vous devez effectuer cette modification tout de suite et lui dire c'est bon, je l'ai fait, et vous devez informer les éventuels notaires"
4793.64,4824.34,"ou qui sais-je encore à qui vous les auriez donnés. Vous devez également les en informer. Ensuite, le droit à l'effacement qu'on appelle, je l'ai mis entre parenthèses, le droit à l'oubli, même si le droit à l'oubli, ce n'est pas vraiment la même chose. Le droit à l'oubli, c'est une notion qui date d'avant le RGPD et qui, on en a un petit peu parlé à une époque sur Internet, c'est en gros le droit de faire supprimer une photo de vous quand vous étiez étudiant, en petite tenue sur la plage, il y a 20 ans et qui est toujours sur Facebook"
4824.34,4859.860000000001,"et qui pourrait vous porter préjudice. C'est plutôt ça le droit à l'oubli. Ce n'est pas le RGPD à titre professionnel. On confond souvent ces deux notions. C'est plutôt le droit à l'effacement ou le droit à la suppression qu'on doit utiliser. Ce droit permet à toute personne de demander la suppression des données lorsqu'elles ne sont plus nécessaires, lorsqu'elle retire son consentement qu'elle avait précédemment donné, lorsqu'elle s'oppose au traitement et qu'aucun motif légitime ou légal ne le justifie, et également lorsque le traitement est illicite ou que les informations ont été collectées sans base légale."
4859.86,4896.759999999999,"À ce moment-là, on a l'obligation de les supprimer, là encore dans un délai d'un mois. Ce délai d'un mois, c'est le délai maximum. Le RGPD nous impose de répondre dans un délai maximal d'un mois à compter de la réception de la demande, qu'elle soit par recommandé, qu'elle soit par email, qu'elle soit par n'importe quel moyen. Ce délai peut être prolongé de deux mois supplémentaires lorsque la demande est particulièrement complexe. Nous, ce n'est pas notre cas, mais il peut y avoir des cas, je n'ai pas d'exemple particulier en tête,"
4897.839999999999,4930.76,"où c'est complexe, il faut faire intervenir des techniciens sur une autre base de données, machin, je ne sais pas quoi. Donc, on peut dans ce cas-là dire, attendez, j'ai besoin de deux mois supplémentaires, jusqu'à deux mois supplémentaires maximum, mais à condition de répondre dans le délai d'un mois initial. C'est-à-dire, dans le mois initial, je réponds à la personne, il va falloir faire intervenir un prestataire, je ne sais pas, ça va prendre un petit peu de temps, mais je vous réponds tout de suite, je vous tiens au courant, j'accuse réception de votre demande, et je vous dis que votre demande va bel et bien aboutir à un succès. Soyez tranquille, mais j'ai besoin d'un petit peu de temps supplémentaire."
4931.38,4970.44,"Si vous ne répondez pas, ou si la réponse est complètement à côté, ou vous faites une fausse réponse pour noyer le poisson, la personne peut saisir la CNIL, engager une action en justice, et puis obtenir des dommages intérêts, on va en parler tout à l'heure. Bien sûr, toutes les demandes doivent être tracées. Vous devez rapporter la preuve que vous avez reçu telle demande à tel moment, vous avez répondu à tel moment de telle manière. Vous devez garder une traçabilité sur les demandes et les réponses. C'est une des premières choses ailleurs que l'ACNIL vérifie lors d'un contrôle. On avait eu un contrôle de l'ACNIL il y a longtemps, longtemps, longtemps, longtemps, longtemps, longtemps. Ce n'est pas particulièrement rigolo, mais ce n'est rien par rapport à la DGCCRF, croyez-moi."
4970.44,5007.599999999999,"on va parler désormais des sanctions encourues en cas de non-conformité. Les sanctions, alors vous voyez, la première elle fait peur, où 4% du CA mondial, ça c'est supposé faire peur aux grandes multinationales. Donc, le RGPD, ce n'est pas une simple recommandation, je vous le disais, c'est une réglementation contraignante qui s'impose à nous, assortie de sanctions, si jamais on ne respecte pas les règles, administratives, financières et juridiques, en cas de tout type de manquement. L'ACNIL, c'est elle qui est chargée de veiller au respect des règles du RGPD en France."
5007.759999999999,5038.64,"Mais pas seulement. La DGCCRF met également son nez dedans. Vous pourriez dire qu'elle ne devrait pas, puisque l'ACNIL a été spécifiquement chargée du contrôle du respect des règles RGPD. Mais la DGCCRF contrôle tout, tout le temps, partout. On le sait. Donc l'ACNIL, qui normalement est l'organe de contrôle, a des pouvoirs très étendus de contrôle et de sanction. Également à l'égard des indépendants. Les sanctions financières en cas de non-respect peuvent atteindre, alors vous allez voir que ça c'est un petit peu lourd,"
5039.280000000001,5071.639999999999,"jusqu'à 20 millions d'euros ou jusqu'à 4% du chiffre d'affaires annuel mondial. Alors ça c'est pour les grandes entreprises. Pourquoi ? Parce que vous avez souvent vu des cas où une entreprise, une très grande entreprise, une multinationale, ne respecte pas certaines règles et se prend une amende qui, en fait, n'est pas un problème du tout parce que cette amende est infiniment supérieure au chiffre d'affaires qui a été récupéré grâce à cette infraction."
5072.24,5102.84,"En commettant cette infraction, en ne respectant pas telle règle, ça leur a rapporté beaucoup plus que ce que l'amende leur coûte. Donc, ils disent, bon, c'est pas grave. On peut recommencer, puisque ça nous coûte un petit peu de temps en temps, mais ça nous rapporte énormément de ne pas respecter les règles. C'est la raison pour laquelle a été imaginée cette règle de jusqu'à 4% du chiffre d'affaires mondial de la société. Donc imaginez une boîte comme Google, on ne prend pas seulement le chiffre d'affaires de la France lorsqu'ils sont contrôlés en France."
5103.46,5134.16,"C'est le chiffre d'affaires mondial. C'est supposé être très dissuasif. Alors bien entendu, pour une TPE, un état indépendant, un artisan, un auto-entrepreneur, les amendes sont proportionnelles au chiffre d'affaires de la personne c'est évident, mais par contre que ça atteigne 5, 6, 7 000 euros 7 500 euros d'amende, ça par contre c'est courant inutile de vous dire qu'un même la lucarne, nous on se prend 7 500 euros d'amende on rigole pas, ça nous amuse pas du tout c'est pas grave par rapport"
5134.16,5164.88,"au chiffre d'affaires de la lucarne on préférerait les garder les 7 500 euros mais pour un artisan pour un petit agriculteur pour un indépendant se prendre 7500 euros d'amende ou même 10 000 euros d'amende, là, c'est une condamnation à mort. Vous l'imaginez bien. Que peut faire la CNIL ? Elle peut effectuer des contrôles sur place ou à distance. C'est-à-dire qu'elle peut venir chez vous. Bonjour, on vérifie tout, on contrôle tout. Ou à distance, ça peut être des contrôles"
5164.88,5196.46,"où elle vous demande des justificatifs, etc. Il y a différentes manières. Avec ou sans préavis. Elle peut débarquer comme ça. coucou, bonjour les amis. Nous, il y a quelques années, quand on a été contrôlé, c'était avec préavis. Et ça avait été fait à distance. Elle peut vous adresser des mises en demeure. On a constaté tel problème, tel problème. Nous vous mettons en demeure de les corriger. Ce sont des injonctions de mise en conformité. La DGCCRF fait tout le temps ça. A chaque fois qu'on sort de la DGCCRF, on a trois pages d'injonctions. Elle peut ordonner la suspension ou"
5196.46,5228.54,"l'effacement d'un fichier. Là, vous avez un fichier. Il ne nous plaît pas. Il n'est pas conforme. Vous le supprimez, pas de question à poser. Prononcez des sanctions, des amendes, et publiez la décision. Alors ça, c'est moins rigolo, parce que publier la décision, il s'agit de dire de manière publique, tel professionnel, il ne respecte pas les règles, c'est un vilain. C'est un préjudice d'image, préjudice réputationnel. Alors, l'immense majorité des contrôles sont déclenchés dans le cas d'un signalement d'un client ou d'un prospect. on appelle ça une dénonciation"
5228.54,5262.02,"en d'autres termes, signalement, dénonciation ça veut dire la même chose à la suite d'une plainte où dans certains secteurs jugés à risque, typiquement l'immobilier est un secteur jugé à risque par la CNIL, des contrôles dont la CNIL décide même s'il n'y a eu aucune plainte ou aucun litige je vais vous donner un exemple tout bête en 2022, une agence immobilière à Lille a été condamnée pour ne pas avoir de registre de suivi RGPD."
5264.02,5298.879999999999,"Absence totale de registre des traités. Elle n'en avait pas. Pourquoi ? Parce que ce n'est pas à la portée d'une agence immobilière. Soyons clairs, cette législation RGPD n'est pas faite pour une TPE comme une agence immobilière. C'est délirant. Donc bien sûr qu'ils n'en avaient tout simplement pas. et je vous garantis que 99% des agences immobilières, pas les réseaux comme nous, parce qu'on est quand même mieux outillés, on est mieux armés. Regardez la preuve, on se met en conformité. Allez voir n'importe quelle agence autour de chez vous, elle n'est pas en règle avec le RGPD."
5299.66,5334.14,"Donc, ils ont été condamnés. Alors, je n'ai pas trouvé à combien. Je ne sais pas. J'ai cherché. Je n'ai pas trouvé à combien. Ils ont été condamnés précisément pour avoir conservé des copies de pièces d'identité Au-delà de la durée légale, aucun processus n'était mis en place pour répondre aux demandes de suppression et il y avait une absence totale de registre des traitements. Il y a eu une sanction publique, injonction de mise en conformité et une amende dont je n'ai pas réussi à trouver le montant. Également en 2021, une plateforme immobilière en ligne qui mettait en relation des vendeurs et des mandataires"
5334.14,5365.700000000001,"C'est une société en fait tout simplement de piges immobilières Prospection commerciale sans consentement clair Formulaire pré-coché, les fameux formulaires que la personne doit cocher pour donner son consentement Durée de conservation excessive Sécurisation des données insatisfaisantes Montant de la sanction, 75 000 euros. 75 000 euros. C'est lourd, hein ?"
5365.700000000001,5399.86,"C'est très, très, très lourd. Un mandataire indépendant également, c'est en 2023, absence de registre, il n'avait pas répondu à une demande de suppression dans les délais, Il partageait tous ses documents avec des outils non chiffrés comme WeTransfer, injonction de suppression immédiate, avertissement officiel, inscription en fichier des contrôles CNIL, mais il n'a pas eu d'amende. Je ne sais pas dans quel réseau il travaillait, ce monsieur, ou cette dame, je ne sais pas du tout."
5400.62,5432.46,"Donc, vous le voyez, le respect du RGPD, c'est une condition de pérennité de votre activité, parce que quand une société se prend 75 000 euros d'amende, c'est un arrêt de mort pour une PME. Donc, le RGPD n'existe pas des investissements lourds en argent, mais il nécessite des investissements lourds en travail en rigueur constante parce qu'il faut le tenir à jour tout le temps"
5432.46,5463.099999999999,"en permanence et suivre la gestion des données c'est la raison pour laquelle je vous dis, je le répète et je le répéterai encore ne conservez rien vous même, rien rien rien mettez tout dans Eglantine et dans la boîte mail Zoho, tenez votre boîte mail Zoho à jour, supprimez tout ce qui a plus de 5 ans pour les clients sur lesquels vous avez eu une vente et tout ce qui a plus de 3 ans"
5463.099999999999,5496.66,"pour les simples prospects et je vous dirai même les simples prospects. Soyons clairs, quelqu'un qui n'est jamais venu visiter, vous supprimez au bout de 6 mois. Quelqu'un qui est venu visiter, vous pouvez garder un petit peu plus longtemps. Quelqu'un qui vous a simplement demandé « Bonjour, est-ce que c'est loin de la gare ? Est-ce que c'est ceci ? Est-ce que c'est cela ? » et qui n'est jamais venu visiter, ça ne sert à rien. Au bout de six mois, vous supprimez ça et puis ça fait de la place, bien sûr. Alors, quelles sont les bonnes pratiques à mettre en place ?"
5496.66,5528.7,"Eh bien, maintenant qu'on a vu les risques, il faut voir comment mettre en œuvre des mesures simples, efficaces, suffisamment solides pour assurer la conformité RGPD dans le cadre de notre activité. Ce n'est pas de la théorie, là, c'est vraiment du concret. Ce sont vraiment les attentes précises de l'ACNIL qui sont adaptées à notre métier, à nous. Alors, là encore, ce n'est pas à vous de le faire. C'est nous qui le faisons, mais il faut que vous soyez au courant de tout ça pour que vous puissiez savoir l'expliquer à vos clients, que vous sachiez comment ça fonctionne."
5529.139999999999,5560.16,"Mais ce n'est surtout pas à vous de le faire. Premièrement, ça c'est une des choses que nous sommes en train de faire, afficher une notice RGPD claire sur tous nos supports, sur tous nos documents qui comportent une collecte de données personnelles, on doit insérer une mention d'information obligatoire conforme à l'article 13 du RGPD, que ce soit les mandats de vente, les fiches de renseignement acquéreurs, les bons de visite, les formulaires numériques ou papiers, site internet, page réseau, n'importe quoi, et cette notice doit être, je vous l'avais"
5560.16,5590.7,"dit tout à l'heure, visible, concise, complète, intelligibles, accessibles. Elle doit comporter la finalité du traitement, la base juridique, la durée de conservation, le droit des personnes concernées et qui contacter pour exercer les droits de suppression, rectification, etc. Deuxièmement, former et sensibiliser les collaborateurs et partenaires"
5590.7,5621.139999999999,"de notre activité. Alors, Dans notre cas, nous, il s'agit de vous sensibiliser, vous former, vous les négociateurs. Dans votre cas, vous, ou dans le cas de n'importe qui d'autre, il faut sensibiliser les collaborateurs ponctuels, des assistants, des freelancers qui viendraient travailler pour vous ou pour nous, des prestataires extérieurs, un photographe, un service d'emailing, une plateforme d'estimation, ou que sais-je encore. Tous doivent être sensibilisés à la confidentialité et à la sécurisation des données."
5621.96,5652.719999999999,"Par exemple, un assistant administratif doit savoir qu'il n'a pas le droit de transmettre un mandat de vente à un tiers non autorisé. Il n'a pas le droit non plus de conserver des copies des pièces sans instructions, finalité claire et autorisation pour cela. Il doit être, cet assistant administratif, sensibilisé et formé à cela pour qu'il ne fasse pas de bêtises, pour qu'il n'y ait pas un zozo qui l'appelle, qui dit « Bonjour, c'est l'agence La Forêt, il me faut une copie de votre mandat de vente avec Mme Berthollet. Allez, envoyez-moi ça tout de suite. Ah bon, je vous l'envoie alors."
5653.16,5690.44,"Non, absolument pas. Pardon. Bien entendu, il faut, troisième point ici, mettre à jour régulièrement les documents types. Tous les supports doivent évoluer en fonction des évolutions réglementaires et législatives. Ça, on est généralement plutôt bon pour ça. Des recommandations de la CNIL et de nos propres pratiques internes. On doit vérifier au moins une fois par an que tous nos modèles de mandat sont à jour, que nos mentions légales respectent les dernières exigences, que tous nos documents papiers ou numériques sont cohérents entre eux."
5690.719999999999,5722.48,"Là, c'est typiquement ce qu'on est en train de faire en ce moment, notamment sur les documents papiers ou numériques pour lesquels on est en train de procéder à une refonte totale. Bien sûr, il faut conserver une version horodatée de tous les documents. Ça, on le fait. On sait que tel document type, on l'a fait à telle époque, à telle date, ce qui nous permet de dire à telle date, il était conforme aux réglementations de la date en question. Ça, c'est un document qui date de août 2022. Il était conforme aux réglementations en vigueur en août 2022."
5723.48,5761.12,"Il faut également réaliser un audit interne annuel. Alors, un audit interne annuel pour un professionnel de notre taille, ce n'est pas possible. On ne peut pas faire ça tous les ans, mais il faudrait dans l'idéal. On doit lister les traitements de données qu'on réalise, vérifier les durées de conservation, vérifier la sécurité des outils, tester les capacités à répondre à une demande de droit d'accès. Ça veut dire concrètement qu'on fait une fausse demande. On envoie de la boîte Jean-Pierre Marcelin à gmail.com. Bonjour, merci de vérifier, etc. Et vous voyez si vos services répondent en temps et en heure, de la bonne manière, donnent la bonne réponse."
5761.98,5792.52,"Cet audit peut être simple, bien sûr, mais il doit être structuré, daté et absolument conservé en cas de contrôle pour qu'on puisse nous dire, voilà, quel est votre dernier audit RGPD ? Il a eu lieu en août 2024, par exemple. Et là, on est en octobre 2025. On n'a pas encore fait cette année, mais on va le faire, c'est promis. Il faut pouvoir démontrer à la CNIL qu'on est dans une démarche proactive. On n'est pas passif face à tout ça. On est proactif, on prend le taureau par les cornes. on n'attend pas que les choses se fassent toutes seules dans leur coin"
5792.52,5822.66,"et ça en cas de contrôle ça vaut cher d'arriver à les convaincre qu'on n'est pas passif dans notre coin on est proactif dans ces démarches de contrôle et de conformité ça leur permet de se dire bon ben voilà c'est des bons élèves ils font les choses comme il faut c'est pour ça d'ailleurs que là on est nous en pleine démarche en plein chantier pour nous mettre en régularité en conformité totale, on ne le fait pas à la suite"
5822.66,5854.620000000001,"d'un, comment dire, d'une injonction, d'une dénonciation, ou de quoi que ce soit. C'est nous, volontairement, qui nous disons, bon voilà, là il faut qu'on finisse ça une bonne fois pour toutes, et nous avons d'ailleurs informé la CNIL de ça, pour avoir deux-trois recommandations de leur part, c'est ce qu'on appelle un rescrit, ça c'est quelque chose que vous devez toujours faire quand vous avez des soucis, un projet particulier avec le fisc, avec l'urbanisme, etc. Et nous, on l'a fait avec la CNIL."
5854.96,5885.22,"C'est-à-dire que vous contactez l'organisme de contrôle compétent pour la matière pour laquelle vous souhaitez vous mettre en conformité et vous leur dites, est-ce que vous avez des recommandations ? Est-ce que je peux faire ça comme ci ? Est-ce que je peux faire ça comme ça ? Parce qu'après, la réponse qu'ils vous donnent, c'est ce qu'on appelle un rescrit. Ça se fait beaucoup avec le fisc. On appelle ça un rescrit fiscal. Ça vous permet, en cas de contrôle ultérieur, s'il y a quelque chose qui ne va pas, de dire « Ah, mais attendez, quand moi je me suis mis en conformité, j'ai interrogé le fisc, j'ai interrogé la CNIL, j'ai interrogé la DGCCRF, et ils m'ont dit que je devais m'y prendre comme ça."
5885.6,5919.320000000001,"Donc maintenant, si ça n'est pas conforme, ce n'est pas moi qui suis en faute. » Et c'est ce que nous avons fait. Là, nous avons contacté la CNIL pour avoir des recommandations et pour leur dire « Voilà, on n'est pas totalement conformes, mais là, on se lance dans un chantier de mise en conformité totale. » Et ils nous ont, très sympa, fait des recommandations. On s'est demandé d'ailleurs si ce n'était pas une intelligence artificielle qui nous avait répondu au démarrage. Mais on le fait de manière volontaire sans avoir, pour une fois, pris un contrôle dans le pif. Ça, c'est la spécialité de la DGCCRF. Bien entendu, en mettant en œuvre des bonnes pratiques de ce type-là,"
5919.58,5951.88,"on se place dans une dynamique responsable, professionnelle, susceptible, on le verra par la suite, d'améliorer notre réputation auprès des clients et de leur démontrer qu'on traite leurs données personnelles personnelles, de manière sérieuse et rigoureuse. Donc, peut-être que ça prendra un petit peu plus de force à la vie. Je vais être clair avec vous, j'y crois pas trop. Personnellement. Autant pour le DPO, j'y croyais, mais là, ça, j'y crois pas trop. Bon, on verra ce qui en sera par la suite. Voyons maintenant le délégué"
5951.88,5982.84,"à la protection des données, DPO. Alors, ça, c'est quelque chose qui qu'on ne trouve pas dans une TPE comme une agence immobilière de quartier. Ce n'est pas possible. C'est-à-dire d'avoir une personne spécifiquement dédiée à ça. Et chez nous non plus. On n'a pas une personne qui ne fait que ça. Vous trouvez un délégué à la protection des données, qu'on appelle très prétentieusement Data Protection Officer dans les sociétés vaniteuses."
5984.2,6015.26,"C'est dans les très grosses entreprises que vous avez ça. très très très très grosses entreprises chez nous, on n'a pas ça en fait en avoir un, ça dépend premièrement de la taille et de l'ampleur de votre entreprise également de sa nature un DPO est obligatoire dans les cas suivants ça c'est l'article 37 du RGPD lorsqu'on effectue un traitement à très grande échelle de données à caractère personnel par exemple vous êtes une banque par exemple vous êtes un opérateur téléphonique vous avez des millions de RIB de relevés d'identité bancaire"
6015.26,6045.78,"Vous avez des millions de clients avec leur adresse, leur date de naissance, leur emploi, la société dans laquelle ils travaillent, etc. Bien entendu, vous avez des dizaines de milliers de contacts, des millions de contacts par mois. Vous êtes considéré comme traitant des données à grande échelle. Deuxièmement, vous êtes une société qui effectue un suivi régulier et systématique des personnes,"
6046.34,6079.12,"notamment pour faire du profilage, du ciblage automatisé. Par exemple, un outil de prospection basé sur des algorithmes d'analyse comportementale. Alors ça, nous, bien entendu, on ne le fait pas du tout, mais il y a énormément de sociétés qui font ça, notamment les sociétés qui font du suivi en ligne du comportement des gens, comme Facebook, mais comme d'autres également, comme Criteo, qui est une société française qui fait beaucoup ça. Ou alors, on traite des données sensibles, origines ethniques, données relatives à la santé,"
6079.8,6110.96,"convictions religieuses, données relatives à la situation financière et sociale des gens. Ça ne nous concerne pas non plus, nous. Donc vous comprenez qu'avoir un DPO, non seulement on est une petite société, mais on ne fait pas tout ça, nous. On n'a pas besoin d'avoir un DPO. Et vous non plus. Par contre, on serait une plus grosse société, une plus grosse entreprise. Ça s'envisagerait. Alors, il peut ne pas être obligatoire, mais recommandé quand on travaille au sein d'un grand réseau, comme AXA, par exemple."
6110.96,6145.26,"Vous voyez, c'est un très grand réseau, très structuré. Si on utilise des outils mutualisés pour la prospection, la gestion des leads, la signature électronique. Ce qui n'est pas le cas. Vous pouvez dire, oui, on a des outils de prospection comme TactiKimo. On a un outil de gestion de la signature électronique, oui, mais ça passe par Aiglantine qui, elle, est sécurisée et ils ne sont pas mutualisés dans la mesure où vous n'utilisez pas les mêmes identifiants avec les mêmes contacts et les mêmes informations dedans. Chacun de vous, vous avez votre propre tactique IMO."
6146.24,6191.46,"Si vous avez également des prestataires extérieurs et que vous sous-traitez les fonctions pour le logiciel, le CRM, des photographes, etc. Dans ce cas-là, on peut désigner un DPO mutualisé pour tout le monde. Ça peut être utile, pas obligatoire. Ou on peut désigner un référent RGPD interne également, qui centralise la gestion de la conformité, suit les demandes de modification, suppression, etc., mise à jour, pour le registre. Alors, même si ce n'est pas obligatoire, le référent RGPD DPO volontaire permet de structurer la démarche, d'anticiper les contrôles et les demandes de l'ACNIL, ça c'est super super super important, centraliser les demandes d'accès ou d'effacement et de bien mieux gérer la sécurité des fichiers et des outils."
6191.46,6227.179999999999,"Par exemple, si on est affilié à un réseau national, généralement il y a un DPO déclaré auprès de l'ACNIL, il peut vous fournir directement des modèles de mention légale, des registres pré-remplis, des procédures en cas de violation des données, etc. Mais à la lucarne, ça n'est pas le cas puisque nous gérons tout cela nous-mêmes en interne et nous vous recommandons de ne surtout pas mettre le doigt dans la gestion, le traitement et la conservation de données personnelles passées par EGLANTIM. Donc, l'obligation d'un DPO ne nous concerne pas, ne vous concerne pas, bien sûr."
6227.36,6257.54,"C'est recommandé d'identifier un référent RGPD quand les choses prennent de l'ampleur et qu'elles sont de plus en plus complexes. Mais pour l'instant, ça n'est pas une chose dont vous devez vous inquiéter. Alors, en conclusion, puisqu'on arrive à la fin de cette visioconférence On n'est pas tout à fait à deux heures, mais presque En conclusion, le RGPD c'est avant tout un cadre protecteur pour vos clients"
6257.54,6289.9800000000005,"Pour vous aussi, ça vous met à l'abri des revendications et des litiges Mais c'est surtout la protection des clients et de leurs données personnelles à eux Que ce soit les vendeurs ou les acquéreurs, les données personnelles sont relativement sensibles. Dans d'autres cas, elles ne sont pas ultra sensibles. Ce ne sont pas des données de santé, religieuses, etc. Mais elles sont quand même relativement sensibles. Nom, prénom, adresse, etc. Taxe foncière, tout ça sont des informations qui ne sont pas supposées se retrouver sur la place publique."
6290.66,6321.9,"Mais pour vous-même également, en tant que professionnel, mettez-vous à l'abri, mettons-nous à l'abri des litiges, des plaintes, des abus, surtout notamment des plaintes de mauvaise foi de beaucoup de nos clients, on connaît ça par cœur. Donc, respectons cette réglementation, ça valorise notre sérieux, oui. Ça renforce la qualité de notre relation commerciale avec nos clients, peut-être. Ça évite les risques juridiques et financiers, très clairement. C'est exactement ça la raison principale pour laquelle on doit considérer cette question très très très sérieusement."
6325.04,6380.5,"Les bons réflexes en matière de RGPD, vous devez les mettre en avant. Alors quand on sera parfaitement en règle avec tout ça, vous le ferez, vous le pourrez, nous nous le ferons en tout cas, nous communiquerons ouvertement sur le fait que nous sommes conformes au RGPD. Parce que ne nous y trompons pas, 99% des PME et TPE françaises ne sont pas du tout conformes au RGPD. Absolument pas conformes. J'en discutais avec un avocat il y a quelques temps, il y a plus d'un an, un an et demi, exactement du RGPD, et qui me disait, un avocat qui travaille, non pas qui travaille, qui est membre de ce qu'on appelle la conférence des barreaux, c'est-à-dire en gros c'est l'équivalent de l'ordre des notaires mais pour les avocats,"
6380.5,6421.4,"Et qui m'expliquait qu'aucun cabinet d'avocats en France n'est en règle avec le RGPD. Aucun, même les plus gros. Il me disait « Je te garantis que même les très gros cabinets, les très très très gros cabinets, les très gros cabinets sont un peu moins dans l'irrégularité, mais ils ne sont pas d'équerre avec le RGPD. Et tous les autres cabinets normaux, les petits cabinets à droite à gauche, 0% n'est conforme avec le RGPD. »"
6421.4,6452.78,"plus attention que les autres les notaires le sont beaucoup plus mais parce que c'est géré par la chambre des notaires aussi beaucoup chaque notaire est responsable du traitement de ces données personnelles soyons clairs les notaires sont beaucoup plus conforme au rgp dès que les avocats les avocats c'est zéro mais la majorité des notaires ne l'est pas la majorité des notaires en France, n'est pas en règle avec le RGPD. Là encore, on pourrait se dire"
6452.78,6484.04,"les notaires, quand même. Non, ils font attention, un peu attention, un peu gaffe, ils sont un peu conformes, mais ils ne le sont pas complètement. Très peu le sont. Très, très, très peu. Et c'est grâce à l'assistance, à la centralisation et à l'aide de la Chambre des notaires, bien entendu. Alors, la démarche pour être conforme au RGPD elle est complexe, elle n'est pas simple du tout elle n'est pas à votre portée elle n'est pas à la portée d'une TPE"
6484.04,6514.68,"il faut comprendre les obligations les documenter dans des registres avec des mentions d'informations, sécuriser les outils répondre correctement et en temps voulu aux demandes des personnes même si la CNIL a des informations, des guides, des modèles sur son site, dans les faits ça n'est absolument pas à votre portée et à la portée d'un agent immobilier traditionnelles. Donc, si vous avez la moindre question, demandez à l'animation, bien entendu. Mais le conseil que je vous donne, c'est"
6514.68,6547.12,"de ne rien conserver en termes de données personnelles concernant vos clients. Ne conservez pas les pièces d'identité, mettez-les dans Eglantine. Ne conservez pas les taxes foncières, elles ont leur place dans Eglantine. Ne conservez aucune donnée personnelle vous-même sur votre ordinateur. Mettez tout dans Eglantine. Comme ça, vous n'avez pas à vous poser de questions concernant le RGPD. Cette"
6547.12,6579.4800000000005,"visioconférence est terminée. On termine avec 10 minutes d'avance. On a été plutôt dans les temps. J'ai pas mal calibré le truc. Je vous remercie à tous et à toutes d'avoir suivi cette visioconférence qui s'est tenue exceptionnellement à travers YouTube aujourd'hui pour des raisons d'agenda tout simplement parce que je suis en déplacement dans le nord de la France aujourd'hui donc j'ai enregistré cette visioconférence la veille, le 4 donc elle se termine maintenant"
6579.4800000000005,6594.08,"merci de l'avoir suivi bien entendu si vous avez la moindre question la moindre interrogation vous demandez animation.com on vous répondra avec beaucoup de plaisir merci à tous, merci à toutes et à très très très bientôt."
